model,encoding,gamma,encoding_strength,coupling_strength,C_mix
DV-QRC,Local,7,0.0001,1.0000000000000001e-05,0
DV-QRC,Local,7,0.0001,2.1544346900318823e-05,0
DV-QRC,Local,7,0.0001,4.6415888336127818e-05,0
DV-QRC,Local,7,0.0001,0.0001,0
DV-QRC,Local,7,0.0001,0.00021544346900318823,0
DV-QRC,Local,7,0.0001,0.00046415888336127773,0
DV-QRC,Local,7,0.0001,0.001,0
DV-QRC,Local,7,0.0001,0.0021544346900318821,0
DV-QRC,Local,7,0.0001,0.0046415888336127772,0
DV-QRC,Local,7,0.0001,0.01,0
DV-QRC,Local,7,0.0001,0.021544346900318822,0.001574220243628327
DV-QRC,Local,7,0.0001,0.046415888336127774,0.36943380172843654
DV-QRC,Local,7,0.0001,0.10000000000000001,0.69833894317097256
DV-QRC,Local,7,0.0001,0.21544346900318823,0.7598069661366641
DV-QRC,Local,7,0.0001,0.46415888336127725,0.91276372543268858
DV-QRC,Local,7,0.0001,1,0.99599658207635511
DV-QRC,Local,7,0.0001,2.154434690031882,0.93664310253575811
DV-QRC,Local,7,0.0001,4.6415888336127722,0.28457357621057056
DV-QRC,Local,7,0.0001,10,0.37310363119600848
DV-QRC,Local,7,0.00021544346900318845,1.0000000000000001e-05,0
DV-QRC,Local,7,0.00021544346900318845,2.1544346900318823e-05,0
DV-QRC,Local,7,0.00021544346900318845,4.6415888336127818e-05,0
DV-QRC,Local,7,0.00021544346900318845,0.0001,0
DV-QRC,Local,7,0.00021544346900318845,0.00021544346900318823,0
DV-QRC,Local,7,0.00021544346900318845,0.00046415888336127773,0
DV-QRC,Local,7,0.00021544346900318845,0.001,0
DV-QRC,Local,7,0.00021544346900318845,0.0021544346900318821,0
DV-QRC,Local,7,0.00021544346900318845,0.0046415888336127772,0
DV-QRC,Local,7,0.00021544346900318845,0.01,0.0050362998072116354
DV-QRC,Local,7,0.00021544346900318845,0.021544346900318822,0.49228321345030013
DV-QRC,Local,7,0.00021544346900318845,0.046415888336127774,0.78098355456668134
DV-QRC,Local,7,0.00021544346900318845,0.10000000000000001,0.9179180010932948
DV-QRC,Local,7,0.00021544346900318845,0.21544346900318823,0.99685236593961168
DV-QRC,Local,7,0.00021544346900318845,0.46415888336127725,1.0198695273525089
DV-QRC,Local,7,0.00021544346900318845,1,1.1681092361653265
DV-QRC,Local,7,0.00021544346900318845,2.154434690031882,1.1889664031787475
DV-QRC,Local,7,0.00021544346900318845,4.6415888336127722,0.64996730214996334
DV-QRC,Local,7,0.00021544346900318845,10,0.75137021438437168
DV-QRC,Local,7,0.00046415888336127773,1.0000000000000001e-05,0
DV-QRC,Local,7,0.00046415888336127773,2.1544346900318823e-05,0
DV-QRC,Local,7,0.00046415888336127773,4.6415888336127818e-05,0
DV-QRC,Local,7,0.00046415888336127773,0.0001,0
DV-QRC,Local,7,0.00046415888336127773,0.00021544346900318823,0
DV-QRC,Local,7,0.00046415888336127773,0.00046415888336127773,0
DV-QRC,Local,7,0.00046415888336127773,0.001,0
DV-QRC,Local,7,0.00046415888336127773,0.0021544346900318821,0
DV-QRC,Local,7,0.00046415888336127773,0.0046415888336127772,0.0034317812415531391
DV-QRC,Local,7,0.00046415888336127773,0.01,0.5290652246747064
DV-QRC,Local,7,0.00046415888336127773,0.021544346900318822,0.8435948399712131
DV-QRC,Local,7,0.00046415888336127773,0.046415888336127774,1.0007954999728033
DV-QRC,Local,7,0.00046415888336127773,0.10000000000000001,1.0653169858994183
DV-QRC,Local,7,0.00046415888336127773,0.21544346900318823,1.0650166985144063
DV-QRC,Local,7,0.00046415888336127773,0.46415888336127725,1.1237301290971542
DV-QRC,Local,7,0.00046415888336127773,1,1.3922489403230109
DV-QRC,Local,7,0.00046415888336127773,2.154434690031882,1.6189283815165854
DV-QRC,Local,7,0.00046415888336127773,4.6415888336127722,1.0546471160199518
DV-QRC,Local,7,0.00046415888336127773,10,1.0849788461486409
DV-QRC,Local,7,0.001,1.0000000000000001e-05,0
DV-QRC,Local,7,0.001,2.1544346900318823e-05,0
DV-QRC,Local,7,0.001,4.6415888336127818e-05,0
DV-QRC,Local,7,0.001,0.0001,0
DV-QRC,Local,7,0.001,0.00021544346900318823,0
DV-QRC,Local,7,0.001,0.00046415888336127773,0
DV-QRC,Local,7,0.001,0.001,0
DV-QRC,Local,7,0.001,0.0021544346900318821,0.0078325354219828773
DV-QRC,Local,7,0.001,0.0046415888336127772,0.42789521737455194
DV-QRC,Local,7,0.001,0.01,0.87973359320624522
DV-QRC,Local,7,0.001,0.021544346900318822,1.0785251201243524
DV-QRC,Local,7,0.001,0.046415888336127774,1.155745959621147
DV-QRC,Local,7,0.001,0.10000000000000001,1.1566447345028488
DV-QRC,Local,7,0.001,0.21544346900318823,1.1765632767779666
DV-QRC,Local,7,0.001,0.46415888336127725,1.3289560133138176
DV-QRC,Local,7,0.001,1,1.7457426936755169
DV-QRC,Local,7,0.001,2.154434690031882,2.0794962858559236
DV-QRC,Local,7,0.001,4.6415888336127722,1.5510155285239453
DV-QRC,Local,7,0.001,10,1.3769621753588677
DV-QRC,Local,7,0.0021544346900318821,1.0000000000000001e-05,0
DV-QRC,Local,7,0.0021544346900318821,2.1544346900318823e-05,0
DV-QRC,Local,7,0.0021544346900318821,4.6415888336127818e-05,0
DV-QRC,Local,7,0.0021544346900318821,0.0001,0
DV-QRC,Local,7,0.0021544346900318821,0.00021544346900318823,0
DV-QRC,Local,7,0.0021544346900318821,0.00046415888336127773,0
DV-QRC,Local,7,0.0021544346900318821,0.001,0
DV-QRC,Local,7,0.0021544346900318821,0.0021544346900318821,0.51866497364548936
DV-QRC,Local,7,0.0021544346900318821,0.0046415888336127772,0.99432034904025413
DV-QRC,Local,7,0.0021544346900318821,0.01,1.2968555421868699
DV-QRC,Local,7,0.0021544346900318821,0.021544346900318822,1.3734870443424192
DV-QRC,Local,7,0.0021544346900318821,0.046415888336127774,1.3950724917915782
DV-QRC,Local,7,0.0021544346900318821,0.10000000000000001,1.4100893476787206
DV-QRC,Local,7,0.0021544346900318821,0.21544346900318823,1.4568041663768543
DV-QRC,Local,7,0.0021544346900318821,0.46415888336127725,1.7045863226137739
DV-QRC,Local,7,0.0021544346900318821,1,2.1829172500548126
DV-QRC,Local,7,0.0021544346900318821,2.154434690031882,2.4825034330919671
DV-QRC,Local,7,0.0021544346900318821,4.6415888336127722,2.2266176973426233
DV-QRC,Local,7,0.0021544346900318821,10,1.7005255419475407
DV-QRC,Local,7,0.0046415888336127772,1.0000000000000001e-05,0
DV-QRC,Local,7,0.0046415888336127772,2.1544346900318823e-05,0
DV-QRC,Local,7,0.0046415888336127772,4.6415888336127818e-05,0
DV-QRC,Local,7,0.0046415888336127772,0.0001,0
DV-QRC,Local,7,0.0046415888336127772,0.00021544346900318823,0
DV-QRC,Local,7,0.0046415888336127772,0.00046415888336127773,0
DV-QRC,Local,7,0.0046415888336127772,0.001,0.57972000542059965
DV-QRC,Local,7,0.0046415888336127772,0.0021544346900318821,1.0980619802963698
DV-QRC,Local,7,0.0046415888336127772,0.0046415888336127772,1.5734089909975624
DV-QRC,Local,7,0.0046415888336127772,0.01,1.7176126813253167
DV-QRC,Local,7,0.0046415888336127772,0.021544346900318822,1.7210276000001394
DV-QRC,Local,7,0.0046415888336127772,0.046415888336127774,1.7173959359589828
DV-QRC,Local,7,0.0046415888336127772,0.10000000000000001,1.7319022111151867
DV-QRC,Local,7,0.0046415888336127772,0.21544346900318823,1.8063146421557104
DV-QRC,Local,7,0.0046415888336127772,0.46415888336127725,2.1334047512586078
DV-QRC,Local,7,0.0046415888336127772,1,2.5827017769013465
DV-QRC,Local,7,0.0046415888336127772,2.154434690031882,2.8447480585085589
DV-QRC,Local,7,0.0046415888336127772,4.6415888336127722,2.7941740897265088
DV-QRC,Local,7,0.0046415888336127772,10,2.0254332268206117
DV-QRC,Local,7,0.01,1.0000000000000001e-05,0
DV-QRC,Local,7,0.01,2.1544346900318823e-05,0
DV-QRC,Local,7,0.01,4.6415888336127818e-05,0
DV-QRC,Local,7,0.01,0.0001,0
DV-QRC,Local,7,0.01,0.00021544346900318823,0
DV-QRC,Local,7,0.01,0.00046415888336127773,0.5897040140021923
DV-QRC,Local,7,0.01,0.001,1.198309295224677
DV-QRC,Local,7,0.01,0.0021544346900318821,1.9252101538120729
DV-QRC,Local,7,0.01,0.0046415888336127772,2.1933844430446907
DV-QRC,Local,7,0.01,0.01,2.1936636824653877
DV-QRC,Local,7,0.01,0.021544346900318822,2.1855069636648246
DV-QRC,Local,7,0.01,0.046415888336127774,2.1845507546858962
DV-QRC,Local,7,0.01,0.10000000000000001,2.1916152613832369
DV-QRC,Local,7,0.01,0.21544346900318823,2.3119115363994607
DV-QRC,Local,7,0.01,0.46415888336127725,2.7525580542033481
DV-QRC,Local,7,0.01,1,3.1221374855833286
DV-QRC,Local,7,0.01,2.154434690031882,3.2392455094151078
DV-QRC,Local,7,0.01,4.6415888336127722,3.1839231500904011
DV-QRC,Local,7,0.01,10,2.4075799060724603
DV-QRC,Local,7,0.021544346900318822,1.0000000000000001e-05,0
DV-QRC,Local,7,0.021544346900318822,2.1544346900318823e-05,0
DV-QRC,Local,7,0.021544346900318822,4.6415888336127818e-05,0
DV-QRC,Local,7,0.021544346900318822,0.0001,0
DV-QRC,Local,7,0.021544346900318822,0.00021544346900318823,0.59701697558083633
DV-QRC,Local,7,0.021544346900318822,0.00046415888336127773,1.3038398111836806
DV-QRC,Local,7,0.021544346900318822,0.001,2.1760578335652676
DV-QRC,Local,7,0.021544346900318822,0.0021544346900318821,2.4971666717072871
DV-QRC,Local,7,0.021544346900318822,0.0046415888336127772,2.5155963578222309
DV-QRC,Local,7,0.021544346900318822,0.01,2.5159039656338318
DV-QRC,Local,7,0.021544346900318822,0.021544346900318822,2.5207010862320471
DV-QRC,Local,7,0.021544346900318822,0.046415888336127774,2.5207861093169086
DV-QRC,Local,7,0.021544346900318822,0.10000000000000001,2.5402910806823833
DV-QRC,Local,7,0.021544346900318822,0.21544346900318823,2.7271700523535496
DV-QRC,Local,7,0.021544346900318822,0.46415888336127725,3.196230614943151
DV-QRC,Local,7,0.021544346900318822,1,3.5256401052009938
DV-QRC,Local,7,0.021544346900318822,2.154434690031882,3.6349614062498077
DV-QRC,Local,7,0.021544346900318822,4.6415888336127722,3.5816643302405682
DV-QRC,Local,7,0.021544346900318822,10,2.8014130510281414
DV-QRC,Local,7,0.046415888336127774,1.0000000000000001e-05,0
DV-QRC,Local,7,0.046415888336127774,2.1544346900318823e-05,0
DV-QRC,Local,7,0.046415888336127774,4.6415888336127818e-05,0
DV-QRC,Local,7,0.046415888336127774,0.0001,0.59913550298242613
DV-QRC,Local,7,0.046415888336127774,0.00021544346900318823,1.3365231991083755
DV-QRC,Local,7,0.046415888336127774,0.00046415888336127773,2.3220732165083517
DV-QRC,Local,7,0.046415888336127774,0.001,2.6617748176735874
DV-QRC,Local,7,0.046415888336127774,0.0021544346900318821,2.7796777463541278
DV-QRC,Local,7,0.046415888336127774,0.0046415888336127772,2.778922409639073
DV-QRC,Local,7,0.046415888336127774,0.01,2.7851578148861793
DV-QRC,Local,7,0.046415888336127774,0.021544346900318822,2.7944369963826401
DV-QRC,Local,7,0.046415888336127774,0.046415888336127774,2.8127049287859403
DV-QRC,Local,7,0.046415888336127774,0.10000000000000001,2.9284164134618349
DV-QRC,Local,7,0.046415888336127774,0.21544346900318823,3.3029110432488045
DV-QRC,Local,7,0.046415888336127774,0.46415888336127725,3.6918348343172149
DV-QRC,Local,7,0.046415888336127774,1,3.8508806049431623
DV-QRC,Local,7,0.046415888336127774,2.154434690031882,3.9764278229823318
DV-QRC,Local,7,0.046415888336127774,4.6415888336127722,3.8665635187406298
DV-QRC,Local,7,0.046415888336127774,10,3.0837731856235466
DV-QRC,Local,7,0.10000000000000001,1.0000000000000001e-05,0
DV-QRC,Local,7,0.10000000000000001,2.1544346900318823e-05,0
DV-QRC,Local,7,0.10000000000000001,4.6415888336127818e-05,0.59814947842445298
DV-QRC,Local,7,0.10000000000000001,0.0001,1.3696624181367754
DV-QRC,Local,7,0.10000000000000001,0.00021544346900318823,2.4172198834243912
DV-QRC,Local,7,0.10000000000000001,0.00046415888336127773,2.7742623718554347
DV-QRC,Local,7,0.10000000000000001,0.001,2.8913705399743135
DV-QRC,Local,7,0.10000000000000001,0.0021544346900318821,2.8925229960651087
DV-QRC,Local,7,0.10000000000000001,0.0046415888336127772,2.8975755044723339
DV-QRC,Local,7,0.10000000000000001,0.01,2.9044668154403106
DV-QRC,Local,7,0.10000000000000001,0.021544346900318822,2.9177400380827305
DV-QRC,Local,7,0.10000000000000001,0.046415888336127774,2.9791234689349069
DV-QRC,Local,7,0.10000000000000001,0.10000000000000001,3.2403660460147359
DV-QRC,Local,7,0.10000000000000001,0.21544346900318823,3.6690592749692752
DV-QRC,Local,7,0.10000000000000001,0.46415888336127725,3.8607952647778978
DV-QRC,Local,7,0.10000000000000001,1,3.9951015322567458
DV-QRC,Local,7,0.10000000000000001,2.154434690031882,4.1637705227254749
DV-QRC,Local,7,0.10000000000000001,4.6415888336127722,3.7920400109080967
DV-QRC,Local,7,0.10000000000000001,10,3.1744304941528725
DV-QRC,Local,7,0.21544346900318823,1.0000000000000001e-05,0
DV-QRC,Local,7,0.21544346900318823,2.1544346900318823e-05,0.59892698136257105
DV-QRC,Local,7,0.21544346900318823,4.6415888336127818e-05,1.3703050089328801
DV-QRC,Local,7,0.21544346900318823,0.0001,2.3923781102039561
DV-QRC,Local,7,0.21544346900318823,0.00021544346900318823,2.768222414932251
DV-QRC,Local,7,0.21544346900318823,0.00046415888336127773,2.8908051263696848
DV-QRC,Local,7,0.21544346900318823,0.001,2.8922129562933772
DV-QRC,Local,7,0.21544346900318823,0.0021544346900318821,2.8936318168839499
DV-QRC,Local,7,0.21544346900318823,0.0046415888336127772,2.8980631732462019
DV-QRC,Local,7,0.21544346900318823,0.01,2.9079240611072814
DV-QRC,Local,7,0.21544346900318823,0.021544346900318822,2.9233644644518564
DV-QRC,Local,7,0.21544346900318823,0.046415888336127774,2.9875955716869433
DV-QRC,Local,7,0.21544346900318823,0.10000000000000001,3.2559128498060175
DV-QRC,Local,7,0.21544346900318823,0.21544346900318823,3.6874529974022323
DV-QRC,Local,7,0.21544346900318823,0.46415888336127725,3.8697381136264437
DV-QRC,Local,7,0.21544346900318823,1,3.97278818150102
DV-QRC,Local,7,0.21544346900318823,2.154434690031882,4.1203048278511822
DV-QRC,Local,7,0.21544346900318823,4.6415888336127722,3.7163087802214423
DV-QRC,Local,7,0.21544346900318823,10,3.1851037592802744
DV-QRC,Local,7,0.46415888336127775,1.0000000000000001e-05,0.59245077263362167
DV-QRC,Local,7,0.46415888336127775,2.1544346900318823e-05,1.3422119129687491
DV-QRC,Local,7,0.46415888336127775,4.6415888336127818e-05,2.3474606865767154
DV-QRC,Local,7,0.46415888336127775,0.0001,2.7314559497994058
DV-QRC,Local,7,0.46415888336127775,0.00021544346900318823,2.8499922867581691
DV-QRC,Local,7,0.46415888336127775,0.00046415888336127773,2.8501586868047317
DV-QRC,Local,7,0.46415888336127775,0.001,2.8502928273749375
DV-QRC,Local,7,0.46415888336127775,0.0021544346900318821,2.8508685455160876
DV-QRC,Local,7,0.46415888336127775,0.0046415888336127772,2.8536253830676532
DV-QRC,Local,7,0.46415888336127775,0.01,2.8635575760728518
DV-QRC,Local,7,0.46415888336127775,0.021544346900318822,2.8776696512598181
DV-QRC,Local,7,0.46415888336127775,0.046415888336127774,2.9169031418308169
DV-QRC,Local,7,0.46415888336127775,0.10000000000000001,3.1216422796522556
DV-QRC,Local,7,0.46415888336127775,0.21544346900318823,3.5383283170059796
DV-QRC,Local,7,0.46415888336127775,0.46415888336127725,3.7502505025711659
DV-QRC,Local,7,0.46415888336127775,1,3.836504718415267
DV-QRC,Local,7,0.46415888336127775,2.154434690031882,3.9181898620671851
DV-QRC,Local,7,0.46415888336127775,4.6415888336127722,3.5752862374743311
DV-QRC,Local,7,0.46415888336127775,10,3.0517329793180679
DV-QRC,Local,7,1,1.0000000000000001e-05,1.2873154801959827
DV-QRC,Local,7,1,2.1544346900318823e-05,2.2344559032715829
DV-QRC,Local,7,1,4.6415888336127818e-05,2.6045292552040524
DV-QRC,Local,7,1,0.0001,2.7188664838297298
DV-QRC,Local,7,1,0.00021544346900318823,2.7190430142713362
DV-QRC,Local,7,1,0.00046415888336127773,2.7190260815467155
DV-QRC,Local,7,1,0.001,2.7189870486478074
DV-QRC,Local,7,1,0.0021544346900318821,2.7189750799342756
DV-QRC,Local,7,1,0.0046415888336127772,2.7188474683448689
DV-QRC,Local,7,1,0.01,2.7206652823201503
DV-QRC,Local,7,1,0.021544346900318822,2.7218909392389357
DV-QRC,Local,7,1,0.046415888336127774,2.7264588346948715
DV-QRC,Local,7,1,0.10000000000000001,2.8300372849619198
DV-QRC,Local,7,1,0.21544346900318823,3.1796738338767523
DV-QRC,Local,7,1,0.46415888336127725,3.4484793117690882
DV-QRC,Local,7,1,1,3.537843318740483
DV-QRC,Local,7,1,2.154434690031882,3.6151393178738478
DV-QRC,Local,7,1,4.6415888336127722,3.395733306965051
DV-QRC,Local,7,1,10,2.8315844336801552
DV-QRC,Clustered,4,0.0001,1.0000000000000001e-05,0.0088518380594130534
DV-QRC,Clustered,4,0.0001,2.1544346900318823e-05,0.042212440521402994
DV-QRC,Clustered,4,0.0001,4.6415888336127818e-05,0.055912221775610796
DV-QRC,Clustered,4,0.0001,0.0001,0.16391284636723627
DV-QRC,Clustered,4,0.0001,0.00021544346900318823,0.22483403101674831
DV-QRC,Clustered,4,0.0001,0.00046415888336127773,0.44457930457890016
DV-QRC,Clustered,4,0.0001,0.001,0.45745868916876259
DV-QRC,Clustered,4,0.0001,0.0021544346900318821,0.48166430088815476
DV-QRC,Clustered,4,0.0001,0.0046415888336127772,0.48213936917765615
DV-QRC,Clustered,4,0.0001,0.01,0.50313832373865242
DV-QRC,Clustered,4,0.0001,0.021544346900318822,0.5432728266868293
DV-QRC,Clustered,4,0.0001,0.046415888336127774,0.62525621355152672
DV-QRC,Clustered,4,0.0001,0.10000000000000001,0.69910312982817413
DV-QRC,Clustered,4,0.0001,0.21544346900318823,0.73061339062214725
DV-QRC,Clustered,4,0.0001,0.46415888336127725,0.7154423232476651
DV-QRC,Clustered,4,0.0001,1,0.68421395096867421
DV-QRC,Clustered,4,0.0001,2.154434690031882,0.3069537643266772
DV-QRC,Clustered,4,0.0001,4.6415888336127722,0.11925224760115015
DV-QRC,Clustered,4,0.0001,10,0.013471359049232245
DV-QRC,Clustered,4,0.00021544346900318845,1.0000000000000001e-05,0.18597289177173057
DV-QRC,Clustered,4,0.00021544346900318845,2.1544346900318823e-05,0.27865472713121542
DV-QRC,Clustered,4,0.00021544346900318845,4.6415888336127818e-05,0.48211346192429255
DV-QRC,Clustered,4,0.00021544346900318845,0.0001,0.63519066999974327
DV-QRC,Clustered,4,0.00021544346900318845,0.00021544346900318823,0.79186057002085553
DV-QRC,Clustered,4,0.00021544346900318845,0.00046415888336127773,0.79567182477568421
DV-QRC,Clustered,4,0.00021544346900318845,0.001,0.81719542887513219
DV-QRC,Clustered,4,0.00021544346900318845,0.0021544346900318821,0.81841448412219264
DV-QRC,Clustered,4,0.00021544346900318845,0.0046415888336127772,0.81418978814382081
DV-QRC,Clustered,4,0.00021544346900318845,0.01,0.82547495496374079
DV-QRC,Clustered,4,0.00021544346900318845,0.021544346900318822,0.84614803694233964
DV-QRC,Clustered,4,0.00021544346900318845,0.046415888336127774,0.90550578039853491
DV-QRC,Clustered,4,0.00021544346900318845,0.10000000000000001,1.0260972499280911
DV-QRC,Clustered,4,0.00021544346900318845,0.21544346900318823,1.0914245571932017
DV-QRC,Clustered,4,0.00021544346900318845,0.46415888336127725,1.120101906726338
DV-QRC,Clustered,4,0.00021544346900318845,1,1.1210997985529561
DV-QRC,Clustered,4,0.00021544346900318845,2.154434690031882,0.78584861290798436
DV-QRC,Clustered,4,0.00021544346900318845,4.6415888336127722,0.3503620713230437
DV-QRC,Clustered,4,0.00021544346900318845,10,0.12480286277169023
DV-QRC,Clustered,4,0.00046415888336127773,1.0000000000000001e-05,0.3811371908557511
DV-QRC,Clustered,4,0.00046415888336127773,2.1544346900318823e-05,0.60293107611028729
DV-QRC,Clustered,4,0.00046415888336127773,4.6415888336127818e-05,0.81602727266749309
DV-QRC,Clustered,4,0.00046415888336127773,0.0001,1.0327135908691356
DV-QRC,Clustered,4,0.00046415888336127773,0.00021544346900318823,1.1453426519329879
DV-QRC,Clustered,4,0.00046415888336127773,0.00046415888336127773,1.1978039906291067
DV-QRC,Clustered,4,0.00046415888336127773,0.001,1.223645411640804
DV-QRC,Clustered,4,0.00046415888336127773,0.0021544346900318821,1.2324798828303205
DV-QRC,Clustered,4,0.00046415888336127773,0.0046415888336127772,1.2365582942027382
DV-QRC,Clustered,4,0.00046415888336127773,0.01,1.2405731343539257
DV-QRC,Clustered,4,0.00046415888336127773,0.021544346900318822,1.2619633677847129
DV-QRC,Clustered,4,0.00046415888336127773,0.046415888336127774,1.3138436670217284
DV-QRC,Clustered,4,0.00046415888336127773,0.10000000000000001,1.4309066090588105
DV-QRC,Clustered,4,0.00046415888336127773,0.21544346900318823,1.4829750863296323
DV-QRC,Clustered,4,0.00046415888336127773,0.46415888336127725,1.4921878470027907
DV-QRC,Clustered,4,0.00046415888336127773,1,1.5001959471015593
DV-QRC,Clustered,4,0.00046415888336127773,2.154434690031882,1.2834246729914063
DV-QRC,Clustered,4,0.00046415888336127773,4.6415888336127722,0.75764834264801373
DV-QRC,Clustered,4,0.00046415888336127773,10,0.379880049021045
DV-QRC,Clustered,4,0.001,1.0000000000000001e-05,0.41444761077898878
DV-QRC,Clustered,4,0.001,2.1544346900318823e-05,0.56042915609505151
DV-QRC,Clustered,4,0.001,4.6415888336127818e-05,0.77049518630316993
DV-QRC,Clustered,4,0.001,0.0001,0.99329605740213567
DV-QRC,Clustered,4,0.001,0.00021544346900318823,1.1887480855995445
DV-QRC,Clustered,4,0.001,0.00046415888336127773,1.328724671266305
DV-QRC,Clustered,4,0.001,0.001,1.4061836449334082
DV-QRC,Clustered,4,0.001,0.0021544346900318821,1.444318186855025
DV-QRC,Clustered,4,0.001,0.0046415888336127772,1.4620822273771314
DV-QRC,Clustered,4,0.001,0.01,1.4690447120191337
DV-QRC,Clustered,4,0.001,0.021544346900318822,1.4869329686591051
DV-QRC,Clustered,4,0.001,0.046415888336127774,1.5383900673199535
DV-QRC,Clustered,4,0.001,0.10000000000000001,1.6430853818679005
DV-QRC,Clustered,4,0.001,0.21544346900318823,1.7210427970565769
DV-QRC,Clustered,4,0.001,0.46415888336127725,1.7555378007468809
DV-QRC,Clustered,4,0.001,1,1.846367442498525
DV-QRC,Clustered,4,0.001,2.154434690031882,1.6922151970473818
DV-QRC,Clustered,4,0.001,4.6415888336127722,1.208409845071273
DV-QRC,Clustered,4,0.001,10,0.7712186607513063
DV-QRC,Clustered,4,0.0021544346900318821,1.0000000000000001e-05,0.40882386363838924
DV-QRC,Clustered,4,0.0021544346900318821,2.1544346900318823e-05,0.55328197972809567
DV-QRC,Clustered,4,0.0021544346900318821,4.6415888336127818e-05,0.74781034534606294
DV-QRC,Clustered,4,0.0021544346900318821,0.0001,1.0045903064560719
DV-QRC,Clustered,4,0.0021544346900318821,0.00021544346900318823,1.2742778998649129
DV-QRC,Clustered,4,0.0021544346900318821,0.00046415888336127773,1.5151879826531529
DV-QRC,Clustered,4,0.0021544346900318821,0.001,1.7115817603440098
DV-QRC,Clustered,4,0.0021544346900318821,0.0021544346900318821,1.831250152597691
DV-QRC,Clustered,4,0.0021544346900318821,0.0046415888336127772,1.8950440848061745
DV-QRC,Clustered,4,0.0021544346900318821,0.01,1.9300800780865892
DV-QRC,Clustered,4,0.0021544346900318821,0.021544346900318822,1.9561239183149552
DV-QRC,Clustered,4,0.0021544346900318821,0.046415888336127774,1.9904976661203251
DV-QRC,Clustered,4,0.0021544346900318821,0.10000000000000001,2.0229361601717168
DV-QRC,Clustered,4,0.0021544346900318821,0.21544346900318823,2.0382588031148159
DV-QRC,Clustered,4,0.0021544346900318821,0.46415888336127725,2.0694596583718616
DV-QRC,Clustered,4,0.0021544346900318821,1,2.1823381429491056
DV-QRC,Clustered,4,0.0021544346900318821,2.154434690031882,2.0856241470096197
DV-QRC,Clustered,4,0.0021544346900318821,4.6415888336127722,1.6234651018106405
DV-QRC,Clustered,4,0.0021544346900318821,10,1.2142835180075979
DV-QRC,Clustered,4,0.0046415888336127772,1.0000000000000001e-05,0.34806533225246161
DV-QRC,Clustered,4,0.0046415888336127772,2.1544346900318823e-05,0.53111784506246751
DV-QRC,Clustered,4,0.0046415888336127772,4.6415888336127818e-05,0.75388762728979419
DV-QRC,Clustered,4,0.0046415888336127772,0.0001,1.0268481167248571
DV-QRC,Clustered,4,0.0046415888336127772,0.00021544346900318823,1.3473886668722104
DV-QRC,Clustered,4,0.0046415888336127772,0.00046415888336127773,1.6807612678273087
DV-QRC,Clustered,4,0.0046415888336127772,0.001,1.9739663413468653
DV-QRC,Clustered,4,0.0046415888336127772,0.0021544346900318821,2.2141620504810788
DV-QRC,Clustered,4,0.0046415888336127772,0.0046415888336127772,2.3803742527954759
DV-QRC,Clustered,4,0.0046415888336127772,0.01,2.4722283567930625
DV-QRC,Clustered,4,0.0046415888336127772,0.021544346900318822,2.5237306687472323
DV-QRC,Clustered,4,0.0046415888336127772,0.046415888336127774,2.5471865143799772
DV-QRC,Clustered,4,0.0046415888336127772,0.10000000000000001,2.5623556021869462
DV-QRC,Clustered,4,0.0046415888336127772,0.21544346900318823,2.5399655428645476
DV-QRC,Clustered,4,0.0046415888336127772,0.46415888336127725,2.6797633816831139
DV-QRC,Clustered,4,0.0046415888336127772,1,2.7734432940852987
DV-QRC,Clustered,4,0.0046415888336127772,2.154434690031882,2.6314426468829404
DV-QRC,Clustered,4,0.0046415888336127772,4.6415888336127722,2.1850860634830469
DV-QRC,Clustered,4,0.0046415888336127772,10,1.6932867665225897
DV-QRC,Clustered,4,0.01,1.0000000000000001e-05,0.26720519641431889
DV-QRC,Clustered,4,0.01,2.1544346900318823e-05,0.42361858100671379
DV-QRC,Clustered,4,0.01,4.6415888336127818e-05,0.62186602124838586
DV-QRC,Clustered,4,0.01,0.0001,0.88586532990469591
DV-QRC,Clustered,4,0.01,0.00021544346900318823,1.2143191866075955
DV-QRC,Clustered,4,0.01,0.00046415888336127773,1.5821853852581995
DV-QRC,Clustered,4,0.01,0.001,1.9631551299605736
DV-QRC,Clustered,4,0.01,0.0021544346900318821,2.2951738450343542
DV-QRC,Clustered,4,0.01,0.0046415888336127772,2.5489819778142477
DV-QRC,Clustered,4,0.01,0.01,2.7291694171806262
DV-QRC,Clustered,4,0.01,0.021544346900318822,2.8318364212712384
DV-QRC,Clustered,4,0.01,0.046415888336127774,2.8823649017718935
DV-QRC,Clustered,4,0.01,0.10000000000000001,2.9083704217474406
DV-QRC,Clustered,4,0.01,0.21544346900318823,2.8812758072757823
DV-QRC,Clustered,4,0.01,0.46415888336127725,3.1071802859512774
DV-QRC,Clustered,4,0.01,1,3.3452273170024376
DV-QRC,Clustered,4,0.01,2.154434690031882,3.3003983720727823
DV-QRC,Clustered,4,0.01,4.6415888336127722,2.8759436892872405
DV-QRC,Clustered,4,0.01,10,2.1264263306505504
DV-QRC,Clustered,4,0.021544346900318822,1.0000000000000001e-05,0.16478682449906321
DV-QRC,Clustered,4,0.021544346900318822,2.1544346900318823e-05,0.32710250033226385
DV-QRC,Clustered,4,0.021544346900318822,4.6415888336127818e-05,0.50174250454174996
DV-QRC,Clustered,4,0.021544346900318822,0.0001,0.71236967043938426
DV-QRC,Clustered,4,0.021544346900318822,0.00021544346900318823,1.0054955322138428
DV-QRC,Clustered,4,0.021544346900318822,0.00046415888336127773,1.3906658816281947
DV-QRC,Clustered,4,0.021544346900318822,0.001,1.814088761033531
DV-QRC,Clustered,4,0.021544346900318822,0.0021544346900318821,2.249833403843001
DV-QRC,Clustered,4,0.021544346900318822,0.0046415888336127772,2.6058619016302158
DV-QRC,Clustered,4,0.021544346900318822,0.01,2.8580303719683071
DV-QRC,Clustered,4,0.021544346900318822,0.021544346900318822,3.0294003761964907
DV-QRC,Clustered,4,0.021544346900318822,0.046415888336127774,3.1266502675101888
DV-QRC,Clustered,4,0.021544346900318822,0.10000000000000001,3.1664326448095879
DV-QRC,Clustered,4,0.021544346900318822,0.21544346900318823,3.16159487514425
DV-QRC,Clustered,4,0.021544346900318822,0.46415888336127725,3.4026762869669636
DV-QRC,Clustered,4,0.021544346900318822,1,3.6867945406029072
DV-QRC,Clustered,4,0.021544346900318822,2.154434690031882,3.7978267717464145
DV-QRC,Clustered,4,0.021544346900318822,4.6415888336127722,3.5971793548852924
DV-QRC,Clustered,4,0.021544346900318822,10,2.6154592407231307
DV-QRC,Clustered,4,0.046415888336127774,1.0000000000000001e-05,0.064015118055941095
DV-QRC,Clustered,4,0.046415888336127774,2.1544346900318823e-05,0.18454392304261638
DV-QRC,Clustered,4,0.046415888336127774,4.6415888336127818e-05,0.37061390516028686
DV-QRC,Clustered,4,0.046415888336127774,0.0001,0.5600686447129104
DV-QRC,Clustered,4,0.046415888336127774,0.00021544346900318823,0.79090912166030791
DV-QRC,Clustered,4,0.046415888336127774,0.00046415888336127773,1.1166273920518373
DV-QRC,Clustered,4,0.046415888336127774,0.001,1.5434712632137446
DV-QRC,Clustered,4,0.046415888336127774,0.0021544346900318821,2.021648738772198
DV-QRC,Clustered,4,0.046415888336127774,0.0046415888336127772,2.5092649458761036
DV-QRC,Clustered,4,0.046415888336127774,0.01,2.9011036374976849
DV-QRC,Clustered,4,0.046415888336127774,0.021544346900318822,3.137783013624766
DV-QRC,Clustered,4,0.046415888336127774,0.046415888336127774,3.2834935807804722
DV-QRC,Clustered,4,0.046415888336127774,0.10000000000000001,3.3636469459990708
DV-QRC,Clustered,4,0.046415888336127774,0.21544346900318823,3.4091014351554612
DV-QRC,Clustered,4,0.046415888336127774,0.46415888336127725,3.6205860782388917
DV-QRC,Clustered,4,0.046415888336127774,1,3.8611406959035395
DV-QRC,Clustered,4,0.046415888336127774,2.154434690031882,4.0018517688527382
DV-QRC,Clustered,4,0.046415888336127774,4.6415888336127722,3.9279871789670264
DV-QRC,Clustered,4,0.046415888336127774,10,3.0900061442625217
DV-QRC,Clustered,4,0.10000000000000001,1.0000000000000001e-05,0.016236634461560734
DV-QRC,Clustered,4,0.10000000000000001,2.1544346900318823e-05,0.065302564140043137
DV-QRC,Clustered,4,0.10000000000000001,4.6415888336127818e-05,0.19535637889754179
DV-QRC,Clustered,4,0.10000000000000001,0.0001,0.39455152403464339
DV-QRC,Clustered,4,0.10000000000000001,0.00021544346900318823,0.59226733972198109
DV-QRC,Clustered,4,0.10000000000000001,0.00046415888336127773,0.84047590592449506
DV-QRC,Clustered,4,0.10000000000000001,0.001,1.1765548360354676
DV-QRC,Clustered,4,0.10000000000000001,0.0021544346900318821,1.619048890074712
DV-QRC,Clustered,4,0.10000000000000001,0.0046415888336127772,2.1112287218409516
DV-QRC,Clustered,4,0.10000000000000001,0.01,2.6182920829257745
DV-QRC,Clustered,4,0.10000000000000001,0.021544346900318822,3.0194668839906513
DV-QRC,Clustered,4,0.10000000000000001,0.046415888336127774,3.2482295767047531
DV-QRC,Clustered,4,0.10000000000000001,0.10000000000000001,3.3950064969221039
DV-QRC,Clustered,4,0.10000000000000001,0.21544346900318823,3.4817572997019179
DV-QRC,Clustered,4,0.10000000000000001,0.46415888336127725,3.6660759944220183
DV-QRC,Clustered,4,0.10000000000000001,1,3.8810024112947481
DV-QRC,Clustered,4,0.10000000000000001,2.154434690031882,4.0780796030867297
DV-QRC,Clustered,4,0.10000000000000001,4.6415888336127722,3.9340426633007821
DV-QRC,Clustered,4,0.10000000000000001,10,3.2562297478716999
DV-QRC,Clustered,4,0.21544346900318823,1.0000000000000001e-05,0.0022326238566549475
DV-QRC,Clustered,4,0.21544346900318823,2.1544346900318823e-05,0.017561017388098822
DV-QRC,Clustered,4,0.21544346900318823,4.6415888336127818e-05,0.071336348014068601
DV-QRC,Clustered,4,0.21544346900318823,0.0001,0.2108083897775945
DV-QRC,Clustered,4,0.21544346900318823,0.00021544346900318823,0.41157769598615779
DV-QRC,Clustered,4,0.21544346900318823,0.00046415888336127773,0.60890202864915022
DV-QRC,Clustered,4,0.21544346900318823,0.001,0.84486408406627345
DV-QRC,Clustered,4,0.21544346900318823,0.0021544346900318821,1.1843403681851399
DV-QRC,Clustered,4,0.21544346900318823,0.0046415888336127772,1.6574802512494822
DV-QRC,Clustered,4,0.21544346900318823,0.01,2.1774090793500305
DV-QRC,Clustered,4,0.21544346900318823,0.021544346900318822,2.6965384283661353
DV-QRC,Clustered,4,0.21544346900318823,0.046415888336127774,3.0717363925380092
DV-QRC,Clustered,4,0.21544346900318823,0.10000000000000001,3.3032549819452752
DV-QRC,Clustered,4,0.21544346900318823,0.21544346900318823,3.4384941459004947
DV-QRC,Clustered,4,0.21544346900318823,0.46415888336127725,3.5969699272858455
DV-QRC,Clustered,4,0.21544346900318823,1,3.800079232533049
DV-QRC,Clustered,4,0.21544346900318823,2.154434690031882,3.9676031325490166
DV-QRC,Clustered,4,0.21544346900318823,4.6415888336127722,3.7778069931489062
DV-QRC,Clustered,4,0.21544346900318823,10,3.1982727283560712
DV-QRC,Clustered,4,0.46415888336127775,1.0000000000000001e-05,0.0019171282352547061
DV-QRC,Clustered,4,0.46415888336127775,2.1544346900318823e-05,0.011890680185771451
DV-QRC,Clustered,4,0.46415888336127775,4.6415888336127818e-05,0.048203104473476206
DV-QRC,Clustered,4,0.46415888336127775,0.0001,0.13070932864463303
DV-QRC,Clustered,4,0.46415888336127775,0.00021544346900318823,0.26692735614168961
DV-QRC,Clustered,4,0.46415888336127775,0.00046415888336127773,0.44594450343953757
DV-QRC,Clustered,4,0.46415888336127775,0.001,0.63958792736487124
DV-QRC,Clustered,4,0.46415888336127775,0.0021544346900318821,0.88485464549519299
DV-QRC,Clustered,4,0.46415888336127775,0.0046415888336127772,1.2571272618422218
DV-QRC,Clustered,4,0.46415888336127775,0.01,1.7429855353018489
DV-QRC,Clustered,4,0.46415888336127775,0.021544346900318822,2.2538883697135197
DV-QRC,Clustered,4,0.46415888336127775,0.046415888336127774,2.7090826506819643
DV-QRC,Clustered,4,0.46415888336127775,0.10000000000000001,3.0375466526736545
DV-QRC,Clustered,4,0.46415888336127775,0.21544346900318823,3.2231094301842504
DV-QRC,Clustered,4,0.46415888336127775,0.46415888336127725,3.3816420075078586
DV-QRC,Clustered,4,0.46415888336127775,1,3.5797674779395217
DV-QRC,Clustered,4,0.46415888336127775,2.154434690031882,3.7189268440978926
DV-QRC,Clustered,4,0.46415888336127775,4.6415888336127722,3.5401920928844595
DV-QRC,Clustered,4,0.46415888336127775,10,2.9867168996186702
DV-QRC,Clustered,4,1,1.0000000000000001e-05,0
DV-QRC,Clustered,4,1,2.1544346900318823e-05,0
DV-QRC,Clustered,4,1,4.6415888336127818e-05,0.0061162799038164397
DV-QRC,Clustered,4,1,0.0001,0.028000547804043312
DV-QRC,Clustered,4,1,0.00021544346900318823,0.093403145034974863
DV-QRC,Clustered,4,1,0.00046415888336127773,0.22333272636752274
DV-QRC,Clustered,4,1,0.001,0.41746631787452448
DV-QRC,Clustered,4,1,0.0021544346900318821,0.64253122912429694
DV-QRC,Clustered,4,1,0.0046415888336127772,0.92587897831883759
DV-QRC,Clustered,4,1,0.01,1.3089226546298578
DV-QRC,Clustered,4,1,0.021544346900318822,1.7709620582706576
DV-QRC,Clustered,4,1,0.046415888336127774,2.2009790391954613
DV-QRC,Clustered,4,1,0.10000000000000001,2.5419362509329289
DV-QRC,Clustered,4,1,0.21544346900318823,2.7599771852199591
DV-QRC,Clustered,4,1,0.46415888336127725,2.939696069951709
DV-QRC,Clustered,4,1,1,3.1691987723269452
DV-QRC,Clustered,4,1,2.154434690031882,3.3626064846182264
DV-QRC,Clustered,4,1,4.6415888336127722,3.2248329110430025
DV-QRC,Clustered,4,1,10,2.6469241675096606
DV-QRC,Global,3,0.0001,1.0000000000000001e-05,2.9236613770831394
DV-QRC,Global,3,0.0001,2.1544346900318823e-05,2.9223693613395763
DV-QRC,Global,3,0.0001,4.6415888336127818e-05,2.9193724197219844
DV-QRC,Global,3,0.0001,0.0001,2.910863799272271
DV-QRC,Global,3,0.0001,0.00021544346900318823,2.8843326604292203
DV-QRC,Global,3,0.0001,0.00046415888336127773,2.843017337968746
DV-QRC,Global,3,0.0001,0.001,2.7870484886430344
DV-QRC,Global,3,0.0001,0.0021544346900318821,2.7061822820800669
DV-QRC,Global,3,0.0001,0.0046415888336127772,2.6037802965719474
DV-QRC,Global,3,0.0001,0.01,2.5309576495185713
DV-QRC,Global,3,0.0001,0.021544346900318822,2.4924562566442758
DV-QRC,Global,3,0.0001,0.046415888336127774,2.4156102824216674
DV-QRC,Global,3,0.0001,0.10000000000000001,2.2121879657971526
DV-QRC,Global,3,0.0001,0.21544346900318823,1.7104559494655143
DV-QRC,Global,3,0.0001,0.46415888336127725,1.2022472621892148
DV-QRC,Global,3,0.0001,1,0.9840339636829214
DV-QRC,Global,3,0.0001,2.154434690031882,0.74421717222685113
DV-QRC,Global,3,0.0001,4.6415888336127722,0.12416391942997047
DV-QRC,Global,3,0.0001,10,0.10726514000417925
DV-QRC,Global,3,0.00021544346900318845,1.0000000000000001e-05,2.9328780539857986
DV-QRC,Global,3,0.00021544346900318845,2.1544346900318823e-05,2.9369569595800771
DV-QRC,Global,3,0.00021544346900318845,4.6415888336127818e-05,2.9372590729827004
DV-QRC,Global,3,0.00021544346900318845,0.0001,2.9364136837319603
DV-QRC,Global,3,0.00021544346900318845,0.00021544346900318823,2.9289424957828247
DV-QRC,Global,3,0.00021544346900318845,0.00046415888336127773,2.9083054942426663
DV-QRC,Global,3,0.00021544346900318845,0.001,2.8700758041682484
DV-QRC,Global,3,0.00021544346900318845,0.0021544346900318821,2.8196493991982452
DV-QRC,Global,3,0.00021544346900318845,0.0046415888336127772,2.7444389049527089
DV-QRC,Global,3,0.00021544346900318845,0.01,2.6467871086217807
DV-QRC,Global,3,0.00021544346900318845,0.021544346900318822,2.5635048254940309
DV-QRC,Global,3,0.00021544346900318845,0.046415888336127774,2.5077709356981659
DV-QRC,Global,3,0.00021544346900318845,0.10000000000000001,2.4133324664661715
DV-QRC,Global,3,0.00021544346900318845,0.21544346900318823,2.1532848258371411
DV-QRC,Global,3,0.00021544346900318845,0.46415888336127725,1.6242831091505661
DV-QRC,Global,3,0.00021544346900318845,1,1.3312226720954139
DV-QRC,Global,3,0.00021544346900318845,2.154434690031882,1.1225688562530214
DV-QRC,Global,3,0.00021544346900318845,4.6415888336127722,0.41516454880471598
DV-QRC,Global,3,0.00021544346900318845,10,0.40038889819410323
DV-QRC,Global,3,0.00046415888336127773,1.0000000000000001e-05,2.9442976934944531
DV-QRC,Global,3,0.00046415888336127773,2.1544346900318823e-05,2.9476960256849218
DV-QRC,Global,3,0.00046415888336127773,4.6415888336127818e-05,2.9513505025730664
DV-QRC,Global,3,0.00046415888336127773,0.0001,2.9531998873154719
DV-QRC,Global,3,0.00046415888336127773,0.00021544346900318823,2.953499011914472
DV-QRC,Global,3,0.00046415888336127773,0.00046415888336127773,2.9491211940012607
DV-QRC,Global,3,0.00046415888336127773,0.001,2.9347277203387456
DV-QRC,Global,3,0.00046415888336127773,0.0021544346900318821,2.9022571048776724
DV-QRC,Global,3,0.00046415888336127773,0.0046415888336127772,2.853878549239564
DV-QRC,Global,3,0.00046415888336127773,0.01,2.7852776528233236
DV-QRC,Global,3,0.00046415888336127773,0.021544346900318822,2.6976843616782968
DV-QRC,Global,3,0.00046415888336127773,0.046415888336127774,2.6175152324292705
DV-QRC,Global,3,0.00046415888336127773,0.10000000000000001,2.5266472235636455
DV-QRC,Global,3,0.00046415888336127773,0.21544346900318823,2.3386448876800769
DV-QRC,Global,3,0.00046415888336127773,0.46415888336127725,1.9291727185470744
DV-QRC,Global,3,0.00046415888336127773,1,1.6874225902497186
DV-QRC,Global,3,0.00046415888336127773,2.154434690031882,1.5024239700969737
DV-QRC,Global,3,0.00046415888336127773,4.6415888336127722,0.85487291326651815
DV-QRC,Global,3,0.00046415888336127773,10,0.69004323167912529
DV-QRC,Global,3,0.001,1.0000000000000001e-05,2.9509304897070585
DV-QRC,Global,3,0.001,2.1544346900318823e-05,2.9589950257077602
DV-QRC,Global,3,0.001,4.6415888336127818e-05,2.9664458376295504
DV-QRC,Global,3,0.001,0.0001,2.9778260019300342
DV-QRC,Global,3,0.001,0.00021544346900318823,2.9898250658239589
DV-QRC,Global,3,0.001,0.00046415888336127773,2.9991348940707514
DV-QRC,Global,3,0.001,0.001,3.0027498454774362
DV-QRC,Global,3,0.001,0.0021544346900318821,2.9959220887304845
DV-QRC,Global,3,0.001,0.0046415888336127772,2.9720708739074797
DV-QRC,Global,3,0.001,0.01,2.9307135317427164
DV-QRC,Global,3,0.001,0.021544346900318822,2.869440594293029
DV-QRC,Global,3,0.001,0.046415888336127774,2.7912370231471368
DV-QRC,Global,3,0.001,0.10000000000000001,2.703035202674072
DV-QRC,Global,3,0.001,0.21544346900318823,2.5623684782122211
DV-QRC,Global,3,0.001,0.46415888336127725,2.313947691204937
DV-QRC,Global,3,0.001,1,2.0237763866445033
DV-QRC,Global,3,0.001,2.154434690031882,1.82843064658887
DV-QRC,Global,3,0.001,4.6415888336127722,1.3653065535304194
DV-QRC,Global,3,0.001,10,1.0148156400411341
DV-QRC,Global,3,0.0021544346900318821,1.0000000000000001e-05,2.9569926050782076
DV-QRC,Global,3,0.0021544346900318821,2.1544346900318823e-05,2.9663103348238171
DV-QRC,Global,3,0.0021544346900318821,4.6415888336127818e-05,2.9847279684699397
DV-QRC,Global,3,0.0021544346900318821,0.0001,3.0050386961147488
DV-QRC,Global,3,0.0021544346900318821,0.00021544346900318823,3.0254430659016101
DV-QRC,Global,3,0.0021544346900318821,0.00046415888336127773,3.0585794504542965
DV-QRC,Global,3,0.0021544346900318821,0.001,3.0959822733192377
DV-QRC,Global,3,0.0021544346900318821,0.0021544346900318821,3.1233786721411749
DV-QRC,Global,3,0.0021544346900318821,0.0046415888336127772,3.1403491200521083
DV-QRC,Global,3,0.0021544346900318821,0.01,3.1366915601560406
DV-QRC,Global,3,0.0021544346900318821,0.021544346900318822,3.106143321467814
DV-QRC,Global,3,0.0021544346900318821,0.046415888336127774,3.0491228987850842
DV-QRC,Global,3,0.0021544346900318821,0.10000000000000001,2.968641122895487
DV-QRC,Global,3,0.0021544346900318821,0.21544346900318823,2.8792805872022407
DV-QRC,Global,3,0.0021544346900318821,0.46415888336127725,2.8143015448729578
DV-QRC,Global,3,0.0021544346900318821,1,2.6253472005871923
DV-QRC,Global,3,0.0021544346900318821,2.154434690031882,2.3995586056318889
DV-QRC,Global,3,0.0021544346900318821,4.6415888336127722,1.9187984549352777
DV-QRC,Global,3,0.0021544346900318821,10,1.4320694259668287
DV-QRC,Global,3,0.0046415888336127772,1.0000000000000001e-05,2.9727491973678291
DV-QRC,Global,3,0.0046415888336127772,2.1544346900318823e-05,2.9791035273343334
DV-QRC,Global,3,0.0046415888336127772,4.6415888336127818e-05,2.9897935313542172
DV-QRC,Global,3,0.0046415888336127772,0.0001,3.0153899035340719
DV-QRC,Global,3,0.0046415888336127772,0.00021544346900318823,3.0536767702366934
DV-QRC,Global,3,0.0046415888336127772,0.00046415888336127773,3.0912774491010326
DV-QRC,Global,3,0.0046415888336127772,0.001,3.1381339745412626
DV-QRC,Global,3,0.0046415888336127772,0.0021544346900318821,3.2026863919372777
DV-QRC,Global,3,0.0046415888336127772,0.0046415888336127772,3.2643753302945466
DV-QRC,Global,3,0.0046415888336127772,0.01,3.3124950962371855
DV-QRC,Global,3,0.0046415888336127772,0.021544346900318822,3.3241739182838339
DV-QRC,Global,3,0.0046415888336127772,0.046415888336127774,3.3062322154595214
DV-QRC,Global,3,0.0046415888336127772,0.10000000000000001,3.2493011671883898
DV-QRC,Global,3,0.0046415888336127772,0.21544346900318823,3.2105228597732691
DV-QRC,Global,3,0.0046415888336127772,0.46415888336127725,3.2331608159522554
DV-QRC,Global,3,0.0046415888336127772,1,3.2219630637138605
DV-QRC,Global,3,0.0046415888336127772,2.154434690031882,3.1577452129463648
DV-QRC,Global,3,0.0046415888336127772,4.6415888336127722,2.5535941710592152
DV-QRC,Global,3,0.0046415888336127772,10,2.0222114728165694
DV-QRC,Global,3,0.01,1.0000000000000001e-05,2.9782679352579562
DV-QRC,Global,3,0.01,2.1544346900318823e-05,2.9868651781517688
DV-QRC,Global,3,0.01,4.6415888336127818e-05,2.9999066244100998
DV-QRC,Global,3,0.01,0.0001,3.0154000136152979
DV-QRC,Global,3,0.01,0.00021544346900318823,3.0443690058983934
DV-QRC,Global,3,0.01,0.00046415888336127773,3.1014472053500999
DV-QRC,Global,3,0.01,0.001,3.1679947818053944
DV-QRC,Global,3,0.01,0.0021544346900318821,3.2328479021190182
DV-QRC,Global,3,0.01,0.0046415888336127772,3.3058336546602445
DV-QRC,Global,3,0.01,0.01,3.3718292831660954
DV-QRC,Global,3,0.01,0.021544346900318822,3.4250901071664677
DV-QRC,Global,3,0.01,0.046415888336127774,3.4449310696107114
DV-QRC,Global,3,0.01,0.10000000000000001,3.4472196546813487
DV-QRC,Global,3,0.01,0.21544346900318823,3.4428523065985259
DV-QRC,Global,3,0.01,0.46415888336127725,3.4942993989984097
DV-QRC,Global,3,0.01,1,3.6219684607553604
DV-QRC,Global,3,0.01,2.154434690031882,3.8268584578417655
DV-QRC,Global,3,0.01,4.6415888336127722,3.3219975851502968
DV-QRC,Global,3,0.01,10,2.4340903078954925
DV-QRC,Global,3,0.021544346900318822,1.0000000000000001e-05,2.9934402121200518
DV-QRC,Global,3,0.021544346900318822,2.1544346900318823e-05,2.9972886561501824
DV-QRC,Global,3,0.021544346900318822,4.6415888336127818e-05,3.0066148569514586
DV-QRC,Global,3,0.021544346900318822,0.0001,3.0235864021033643
DV-QRC,Global,3,0.021544346900318822,0.00021544346900318823,3.045842951778357
DV-QRC,Global,3,0.021544346900318822,0.00046415888336127773,3.0802425127911754
DV-QRC,Global,3,0.021544346900318822,0.001,3.1530688906213205
DV-QRC,Global,3,0.021544346900318822,0.0021544346900318821,3.2598123148360205
DV-QRC,Global,3,0.021544346900318822,0.0046415888336127772,3.3592272977915965
DV-QRC,Global,3,0.021544346900318822,0.01,3.4523751535125959
DV-QRC,Global,3,0.021544346900318822,0.021544346900318822,3.5289372311818425
DV-QRC,Global,3,0.021544346900318822,0.046415888336127774,3.5763500000544837
DV-QRC,Global,3,0.021544346900318822,0.10000000000000001,3.6294937014308313
DV-QRC,Global,3,0.021544346900318822,0.21544346900318823,3.6715909855871005
DV-QRC,Global,3,0.021544346900318822,0.46415888336127725,3.7965399556311685
DV-QRC,Global,3,0.021544346900318822,1,3.9660808615112124
DV-QRC,Global,3,0.021544346900318822,2.154434690031882,4.1552556745957743
DV-QRC,Global,3,0.021544346900318822,4.6415888336127722,3.9190561112182918
DV-QRC,Global,3,0.021544346900318822,10,3.1696811197806909
DV-QRC,Global,3,0.046415888336127774,1.0000000000000001e-05,3.009318376366203
DV-QRC,Global,3,0.046415888336127774,2.1544346900318823e-05,3.0159761504932496
DV-QRC,Global,3,0.046415888336127774,4.6415888336127818e-05,3.0204298926456907
DV-QRC,Global,3,0.046415888336127774,0.0001,3.0294730578010438
DV-QRC,Global,3,0.046415888336127774,0.00021544346900318823,3.047269808225181
DV-QRC,Global,3,0.046415888336127774,0.00046415888336127773,3.072183369025836
DV-QRC,Global,3,0.046415888336127774,0.001,3.1117291181765547
DV-QRC,Global,3,0.046415888336127774,0.0021544346900318821,3.1893255164978687
DV-QRC,Global,3,0.046415888336127774,0.0046415888336127772,3.311024477221987
DV-QRC,Global,3,0.046415888336127774,0.01,3.4314832284608339
DV-QRC,Global,3,0.046415888336127774,0.021544346900318822,3.5444402199702778
DV-QRC,Global,3,0.046415888336127774,0.046415888336127774,3.6333010711489138
DV-QRC,Global,3,0.046415888336127774,0.10000000000000001,3.7109684165418511
DV-QRC,Global,3,0.046415888336127774,0.21544346900318823,3.8041665952304746
DV-QRC,Global,3,0.046415888336127774,0.46415888336127725,3.9880199312435174
DV-QRC,Global,3,0.046415888336127774,1,4.1702645278059833
DV-QRC,Global,3,0.046415888336127774,2.154434690031882,4.3275347279917682
DV-QRC,Global,3,0.046415888336127774,4.6415888336127722,4.0792694415394797
DV-QRC,Global,3,0.046415888336127774,10,3.7248961054850875
DV-QRC,Global,3,0.10000000000000001,1.0000000000000001e-05,2.9805931752885302
DV-QRC,Global,3,0.10000000000000001,2.1544346900318823e-05,2.9985278206073582
DV-QRC,Global,3,0.10000000000000001,4.6415888336127818e-05,3.013976292139803
DV-QRC,Global,3,0.10000000000000001,0.0001,3.0233116086096947
DV-QRC,Global,3,0.10000000000000001,0.00021544346900318823,3.0325528476567976
DV-QRC,Global,3,0.10000000000000001,0.00046415888336127773,3.0500144064836983
DV-QRC,Global,3,0.10000000000000001,0.001,3.0750523896627402
DV-QRC,Global,3,0.10000000000000001,0.0021544346900318821,3.1138632260675152
DV-QRC,Global,3,0.10000000000000001,0.0046415888336127772,3.1906962299714046
DV-QRC,Global,3,0.10000000000000001,0.01,3.3103620037285597
DV-QRC,Global,3,0.10000000000000001,0.021544346900318822,3.4355186818611498
DV-QRC,Global,3,0.10000000000000001,0.046415888336127774,3.549488061046735
DV-QRC,Global,3,0.10000000000000001,0.10000000000000001,3.6505929207191405
DV-QRC,Global,3,0.10000000000000001,0.21544346900318823,3.768403054844522
DV-QRC,Global,3,0.10000000000000001,0.46415888336127725,3.9793843329560374
DV-QRC,Global,3,0.10000000000000001,1,4.1797665314906221
DV-QRC,Global,3,0.10000000000000001,2.154434690031882,4.3502668642589448
DV-QRC,Global,3,0.10000000000000001,4.6415888336127722,4.0813445928932728
DV-QRC,Global,3,0.10000000000000001,10,3.7369673273041966
DV-QRC,Global,3,0.21544346900318823,1.0000000000000001e-05,2.9306238031213212
DV-QRC,Global,3,0.21544346900318823,2.1544346900318823e-05,2.9380213890371851
DV-QRC,Global,3,0.21544346900318823,4.6415888336127818e-05,2.9514908733002669
DV-QRC,Global,3,0.21544346900318823,0.0001,2.9683157518858394
DV-QRC,Global,3,0.21544346900318823,0.00021544346900318823,2.9833369274708175
DV-QRC,Global,3,0.21544346900318823,0.00046415888336127773,2.9951987229642598
DV-QRC,Global,3,0.21544346900318823,0.001,3.0119010131322344
DV-QRC,Global,3,0.21544346900318823,0.0021544346900318821,3.0361684158081901
DV-QRC,Global,3,0.21544346900318823,0.0046415888336127772,3.0737764577373432
DV-QRC,Global,3,0.21544346900318823,0.01,3.142088583463909
DV-QRC,Global,3,0.21544346900318823,0.021544346900318822,3.2508767212451382
DV-QRC,Global,3,0.21544346900318823,0.046415888336127774,3.3738015541460573
DV-QRC,Global,3,0.21544346900318823,0.10000000000000001,3.4955525860338601
DV-QRC,Global,3,0.21544346900318823,0.21544346900318823,3.625962077108468
DV-QRC,Global,3,0.21544346900318823,0.46415888336127725,3.8168078300302994
DV-QRC,Global,3,0.21544346900318823,1,4.0125621929290958
DV-QRC,Global,3,0.21544346900318823,2.154434690031882,4.2177974921040207
DV-QRC,Global,3,0.21544346900318823,4.6415888336127722,3.9972016458668991
DV-QRC,Global,3,0.21544346900318823,10,3.5997971259348005
DV-QRC,Global,3,0.46415888336127775,1.0000000000000001e-05,2.8514364337135243
DV-QRC,Global,3,0.46415888336127775,2.1544346900318823e-05,2.8515543381565465
DV-QRC,Global,3,0.46415888336127775,4.6415888336127818e-05,2.8531046427296203
DV-QRC,Global,3,0.46415888336127775,0.0001,2.8599059998562226
DV-QRC,Global,3,0.46415888336127775,0.00021544346900318823,2.8708452709631938
DV-QRC,Global,3,0.46415888336127775,0.00046415888336127773,2.8842018032725103
DV-QRC,Global,3,0.46415888336127775,0.001,2.8983368149602518
DV-QRC,Global,3,0.46415888336127775,0.0021544346900318821,2.9152896900348275
DV-QRC,Global,3,0.46415888336127775,0.0046415888336127772,2.9378499178816306
DV-QRC,Global,3,0.46415888336127775,0.01,2.9699230543793544
DV-QRC,Global,3,0.46415888336127775,0.021544346900318822,3.0286846221735031
DV-QRC,Global,3,0.46415888336127775,0.046415888336127774,3.1155798409240201
DV-QRC,Global,3,0.46415888336127775,0.10000000000000001,3.2213364423253301
DV-QRC,Global,3,0.46415888336127775,0.21544346900318823,3.3397767783561427
DV-QRC,Global,3,0.46415888336127775,0.46415888336127725,3.4999790986438457
DV-QRC,Global,3,0.46415888336127775,1,3.7053483743163462
DV-QRC,Global,3,0.46415888336127775,2.154434690031882,3.8892681116370658
DV-QRC,Global,3,0.46415888336127775,4.6415888336127722,3.7202304077213322
DV-QRC,Global,3,0.46415888336127775,10,3.3096057663784864
DV-QRC,Global,3,1,1.0000000000000001e-05,2.6563908069744278
DV-QRC,Global,3,1,2.1544346900318823e-05,2.6561118543874693
DV-QRC,Global,3,1,4.6415888336127818e-05,2.6555946590718587
DV-QRC,Global,3,1,0.0001,2.6550220342830504
DV-QRC,Global,3,1,0.00021544346900318823,2.6567479232612308
DV-QRC,Global,3,1,0.00046415888336127773,2.6634238897203675
DV-QRC,Global,3,1,0.001,2.6743427537095994
DV-QRC,Global,3,1,0.0021544346900318821,2.68466034558049
DV-QRC,Global,3,1,0.0046415888336127772,2.6938099012105483
DV-QRC,Global,3,1,0.01,2.7104820683930693
DV-QRC,Global,3,1,0.021544346900318822,2.7362960386869459
DV-QRC,Global,3,1,0.046415888336127774,2.777930219083252
DV-QRC,Global,3,1,0.10000000000000001,2.8378200750328166
DV-QRC,Global,3,1,0.21544346900318823,2.9148704440785353
DV-QRC,Global,3,1,0.46415888336127725,3.0273556217870832
DV-QRC,Global,3,1,1,3.2191739136827646
DV-QRC,Global,3,1,2.154434690031882,3.3796359331005004
DV-QRC,Global,3,1,4.6415888336127722,3.2466348765819597
DV-QRC,Global,3,1,10,2.8703081554026553
CV-QRC,Local,6,0.0001,1.0000000000000001e-05,0
CV-QRC,Local,6,0.0001,2.1544346900318823e-05,0
CV-QRC,Local,6,0.0001,4.6415888336127818e-05,0
CV-QRC,Local,6,0.0001,0.0001,0
CV-QRC,Local,6,0.0001,0.00021544346900318823,0
CV-QRC,Local,6,0.0001,0.00046415888336127773,0
CV-QRC,Local,6,0.0001,0.001,0.097996849575278488
CV-QRC,Local,6,0.0001,0.0021544346900318821,0.63559718985311819
CV-QRC,Local,6,0.0001,0.0046415888336127772,0.84502333757543047
CV-QRC,Local,6,0.0001,0.01,0.94692585750053393
CV-QRC,Local,6,0.0001,0.021544346900318822,0.94925681805364071
CV-QRC,Local,6,0.0001,0.046415888336127774,0.94868136051534591
CV-QRC,Local,6,0.0001,0.10000000000000001,1.022947413563698
CV-QRC,Local,6,0.0001,0.21544346900318823,1.0792273836481507
CV-QRC,Local,6,0.0001,0.46415888336127725,2.0843814304899029
CV-QRC,Local,6,0.0001,1,2.7709596869589519
CV-QRC,Local,6,0.0001,2.154434690031882,2.6517273414246088
CV-QRC,Local,6,0.0001,4.6415888336127722,2.7225185242082151
CV-QRC,Local,6,0.0001,10,2.756274485323492
CV-QRC,Local,6,0.00021544346900318845,1.0000000000000001e-05,0
CV-QRC,Local,6,0.00021544346900318845,2.1544346900318823e-05,0
CV-QRC,Local,6,0.00021544346900318845,4.6415888336127818e-05,0
CV-QRC,Local,6,0.00021544346900318845,0.0001,0
CV-QRC,Local,6,0.00021544346900318845,0.00021544346900318823,0.09760788557280696
CV-QRC,Local,6,0.00021544346900318845,0.00046415888336127773,0.640619619742817
CV-QRC,Local,6,0.00021544346900318845,0.001,0.8452761961487838
CV-QRC,Local,6,0.00021544346900318845,0.0021544346900318821,0.9456799266817657
CV-QRC,Local,6,0.00021544346900318845,0.0046415888336127772,0.94918356823061267
CV-QRC,Local,6,0.00021544346900318845,0.01,0.94970578594144106
CV-QRC,Local,6,0.00021544346900318845,0.021544346900318822,0.99936427192832167
CV-QRC,Local,6,0.00021544346900318845,0.046415888336127774,1.0075789547602738
CV-QRC,Local,6,0.00021544346900318845,0.10000000000000001,1.2804175231471706
CV-QRC,Local,6,0.00021544346900318845,0.21544346900318823,2.3953530500355718
CV-QRC,Local,6,0.00021544346900318845,0.46415888336127725,2.8551707295661588
CV-QRC,Local,6,0.00021544346900318845,1,3.0276696679005295
CV-QRC,Local,6,0.00021544346900318845,2.154434690031882,3.2922527243233928
CV-QRC,Local,6,0.00021544346900318845,4.6415888336127722,3.181895505728801
CV-QRC,Local,6,0.00021544346900318845,10,3.3762229422341621
CV-QRC,Local,6,0.00046415888336127773,1.0000000000000001e-05,0
CV-QRC,Local,6,0.00046415888336127773,2.1544346900318823e-05,0
CV-QRC,Local,6,0.00046415888336127773,4.6415888336127818e-05,0.098086972612337731
CV-QRC,Local,6,0.00046415888336127773,0.0001,0.59426979698178206
CV-QRC,Local,6,0.00046415888336127773,0.00021544346900318823,0.84565427280254424
CV-QRC,Local,6,0.00046415888336127773,0.00046415888336127773,0.94642439726361249
CV-QRC,Local,6,0.00046415888336127773,0.001,0.94873161858965227
CV-QRC,Local,6,0.00046415888336127773,0.0021544346900318821,0.94941442266812581
CV-QRC,Local,6,0.00046415888336127773,0.0046415888336127772,0.99897660869393656
CV-QRC,Local,6,0.00046415888336127773,0.01,0.99985027188782494
CV-QRC,Local,6,0.00046415888336127773,0.021544346900318822,1.0000153683768773
CV-QRC,Local,6,0.00046415888336127773,0.046415888336127774,1.4759381869718067
CV-QRC,Local,6,0.00046415888336127773,0.10000000000000001,2.5186354853020352
CV-QRC,Local,6,0.00046415888336127773,0.21544346900318823,2.8889398878594803
CV-QRC,Local,6,0.00046415888336127773,0.46415888336127725,2.9982955308404753
CV-QRC,Local,6,0.00046415888336127773,1,3.588585122427177
CV-QRC,Local,6,0.00046415888336127773,2.154434690031882,3.8695128964997556
CV-QRC,Local,6,0.00046415888336127773,4.6415888336127722,3.7738430556278941
CV-QRC,Local,6,0.00046415888336127773,10,3.7902178061924285
CV-QRC,Local,6,0.001,1.0000000000000001e-05,0.098963696532171005
CV-QRC,Local,6,0.001,2.1544346900318823e-05,0.59819995901969403
CV-QRC,Local,6,0.001,4.6415888336127818e-05,0.84890560517929781
CV-QRC,Local,6,0.001,0.0001,0.94832279145433462
CV-QRC,Local,6,0.001,0.00021544346900318823,0.94903229703238023
CV-QRC,Local,6,0.001,0.00046415888336127773,0.949304205217118
CV-QRC,Local,6,0.001,0.001,0.99896293677645587
CV-QRC,Local,6,0.001,0.0021544346900318821,0.99973067770974011
CV-QRC,Local,6,0.001,0.0046415888336127772,0.99995352784525893
CV-QRC,Local,6,0.001,0.01,1.0000130686131472
CV-QRC,Local,6,0.001,0.021544346900318822,1.5881149267298682
CV-QRC,Local,6,0.001,0.046415888336127774,2.5921878778585881
CV-QRC,Local,6,0.001,0.10000000000000001,2.8954854924159941
CV-QRC,Local,6,0.001,0.21544346900318823,2.9560046715792736
CV-QRC,Local,6,0.001,0.46415888336127725,3.5968525677687211
CV-QRC,Local,6,0.001,1,4.2434911287873884
CV-QRC,Local,6,0.001,2.154434690031882,4.445897258726788
CV-QRC,Local,6,0.001,4.6415888336127722,4.6476612891734499
CV-QRC,Local,6,0.001,10,4.1073839401774883
CV-QRC,Local,6,0.0021544346900318821,1.0000000000000001e-05,0.84950213961287024
CV-QRC,Local,6,0.0021544346900318821,2.1544346900318823e-05,0.94884813794255696
CV-QRC,Local,6,0.0021544346900318821,4.6415888336127818e-05,0.94924270246569376
CV-QRC,Local,6,0.0021544346900318821,0.0001,0.94932482078255043
CV-QRC,Local,6,0.0021544346900318821,0.00021544346900318823,0.99939147585883714
CV-QRC,Local,6,0.0021544346900318821,0.00046415888336127773,0.99948455073813869
CV-QRC,Local,6,0.0021544346900318821,0.001,0.99980307879058883
CV-QRC,Local,6,0.0021544346900318821,0.0021544346900318821,1.0000250472327556
CV-QRC,Local,6,0.0021544346900318821,0.0046415888336127772,1.0000436488101754
CV-QRC,Local,6,0.0021544346900318821,0.01,1.5683546679278328
CV-QRC,Local,6,0.0021544346900318821,0.021544346900318822,2.6256263631899572
CV-QRC,Local,6,0.0021544346900318821,0.046415888336127774,2.8883299752037357
CV-QRC,Local,6,0.0021544346900318821,0.10000000000000001,2.9535819376310886
CV-QRC,Local,6,0.0021544346900318821,0.21544346900318823,3.5938499927324563
CV-QRC,Local,6,0.0021544346900318821,0.46415888336127725,4.5897980224408483
CV-QRC,Local,6,0.0021544346900318821,1,5.0851498176417937
CV-QRC,Local,6,0.0021544346900318821,2.154434690031882,5.3394609428908408
CV-QRC,Local,6,0.0021544346900318821,4.6415888336127722,5.4590405403529054
CV-QRC,Local,6,0.0021544346900318821,10,4.9597515033014465
CV-QRC,Local,6,0.0046415888336127772,1.0000000000000001e-05,0.94929429486799588
CV-QRC,Local,6,0.0046415888336127772,2.1544346900318823e-05,0.94933915820050485
CV-QRC,Local,6,0.0046415888336127772,4.6415888336127818e-05,0.99943454379160168
CV-QRC,Local,6,0.0046415888336127772,0.0001,0.99943268963208942
CV-QRC,Local,6,0.0046415888336127772,0.00021544346900318823,0.9995253338083232
CV-QRC,Local,6,0.0046415888336127772,0.00046415888336127773,0.99967339937784361
CV-QRC,Local,6,0.0046415888336127772,0.001,1.0001249017827554
CV-QRC,Local,6,0.0046415888336127772,0.0021544346900318821,1.0002494839186038
CV-QRC,Local,6,0.0046415888336127772,0.0046415888336127772,1.5651262724024717
CV-QRC,Local,6,0.0046415888336127772,0.01,2.6233077805808933
CV-QRC,Local,6,0.0046415888336127772,0.021544346900318822,2.8954258929849255
CV-QRC,Local,6,0.0046415888336127772,0.046415888336127774,2.9480848440686742
CV-QRC,Local,6,0.0046415888336127772,0.10000000000000001,3.3504853232989706
CV-QRC,Local,6,0.0046415888336127772,0.21544346900318823,4.4239286773447484
CV-QRC,Local,6,0.0046415888336127772,0.46415888336127725,5.0444932417843447
CV-QRC,Local,6,0.0046415888336127772,1,5.6462699428050813
CV-QRC,Local,6,0.0046415888336127772,2.154434690031882,5.7602847969653457
CV-QRC,Local,6,0.0046415888336127772,4.6415888336127722,5.8648309728790684
CV-QRC,Local,6,0.0046415888336127772,10,5.805015228074053
CV-QRC,Local,6,0.01,1.0000000000000001e-05,0.99943567321513771
CV-QRC,Local,6,0.01,2.1544346900318823e-05,0.9994650486997616
CV-QRC,Local,6,0.01,4.6415888336127818e-05,0.99947232440586919
CV-QRC,Local,6,0.01,0.0001,0.99951176951008591
CV-QRC,Local,6,0.01,0.00021544346900318823,0.99954095876327365
CV-QRC,Local,6,0.01,0.00046415888336127773,1.0006373961847037
CV-QRC,Local,6,0.01,0.001,1.0017618093681204
CV-QRC,Local,6,0.01,0.0021544346900318821,1.5781103006367931
CV-QRC,Local,6,0.01,0.0046415888336127772,2.60458596563732
CV-QRC,Local,6,0.01,0.01,2.8974323296606346
CV-QRC,Local,6,0.01,0.021544346900318822,2.9491024474373959
CV-QRC,Local,6,0.01,0.046415888336127774,3.0006907030362253
CV-QRC,Local,6,0.01,0.10000000000000001,4.0820391386692645
CV-QRC,Local,6,0.01,0.21544346900318823,4.857979351439619
CV-QRC,Local,6,0.01,0.46415888336127725,5.5103628687260073
CV-QRC,Local,6,0.01,1,6.1064224972926677
CV-QRC,Local,6,0.01,2.154434690031882,5.795245535685825
CV-QRC,Local,6,0.01,4.6415888336127722,5.8305607663657169
CV-QRC,Local,6,0.01,10,5.9167905153767162
CV-QRC,Local,6,0.021544346900318822,1.0000000000000001e-05,0.99944249618964442
CV-QRC,Local,6,0.021544346900318822,2.1544346900318823e-05,0.99944084834078717
CV-QRC,Local,6,0.021544346900318822,4.6415888336127818e-05,0.99946350044522891
CV-QRC,Local,6,0.021544346900318822,0.0001,0.99951704530146768
CV-QRC,Local,6,0.021544346900318822,0.00021544346900318823,0.99998418480616313
CV-QRC,Local,6,0.021544346900318822,0.00046415888336127773,1.0052673391372329
CV-QRC,Local,6,0.021544346900318822,0.001,1.6186317403458139
CV-QRC,Local,6,0.021544346900318822,0.0021544346900318821,2.5830787897483685
CV-QRC,Local,6,0.021544346900318822,0.0046415888336127772,2.8983010856852456
CV-QRC,Local,6,0.021544346900318822,0.01,2.9468930674060783
CV-QRC,Local,6,0.021544346900318822,0.021544346900318822,3.0005783696451398
CV-QRC,Local,6,0.021544346900318822,0.046415888336127774,3.9124968446524622
CV-QRC,Local,6,0.021544346900318822,0.10000000000000001,4.7478508461174247
CV-QRC,Local,6,0.021544346900318822,0.21544346900318823,5.2664269705707678
CV-QRC,Local,6,0.021544346900318822,0.46415888336127725,5.8773859196179243
CV-QRC,Local,6,0.021544346900318822,1,6.3858029499030353
CV-QRC,Local,6,0.021544346900318822,2.154434690031882,5.6420680743031273
CV-QRC,Local,6,0.021544346900318822,4.6415888336127722,5.715864874347516
CV-QRC,Local,6,0.021544346900318822,10,5.7157376732822103
CV-QRC,Local,6,0.046415888336127774,1.0000000000000001e-05,0.99930765014157819
CV-QRC,Local,6,0.046415888336127774,2.1544346900318823e-05,0.99931829226164681
CV-QRC,Local,6,0.046415888336127774,4.6415888336127818e-05,0.9993568176227009
CV-QRC,Local,6,0.046415888336127774,0.0001,0.99965734535038109
CV-QRC,Local,6,0.046415888336127774,0.00021544346900318823,1.0082955221784597
CV-QRC,Local,6,0.046415888336127774,0.00046415888336127773,1.6344369290951697
CV-QRC,Local,6,0.046415888336127774,0.001,2.5965706957584773
CV-QRC,Local,6,0.046415888336127774,0.0021544346900318821,2.8982666600977613
CV-QRC,Local,6,0.046415888336127774,0.0046415888336127772,2.9477362004301351
CV-QRC,Local,6,0.046415888336127774,0.01,3.0001697339447904
CV-QRC,Local,6,0.046415888336127774,0.021544346900318822,3.3266236229330959
CV-QRC,Local,6,0.046415888336127774,0.046415888336127774,4.677249320871752
CV-QRC,Local,6,0.046415888336127774,0.10000000000000001,4.8773094984381018
CV-QRC,Local,6,0.046415888336127774,0.21544346900318823,5.8146321752770893
CV-QRC,Local,6,0.046415888336127774,0.46415888336127725,6.2280397936565883
CV-QRC,Local,6,0.046415888336127774,1,6.3908979861347301
CV-QRC,Local,6,0.046415888336127774,2.154434690031882,5.3926474803977404
CV-QRC,Local,6,0.046415888336127774,4.6415888336127722,5.5048658703508861
CV-QRC,Local,6,0.046415888336127774,10,5.4281526885740519
CV-QRC,Local,6,0.10000000000000001,1.0000000000000001e-05,0.99866568257157384
CV-QRC,Local,6,0.10000000000000001,2.1544346900318823e-05,0.99866758918894238
CV-QRC,Local,6,0.10000000000000001,4.6415888336127818e-05,0.99874135501156813
CV-QRC,Local,6,0.10000000000000001,0.0001,1.0112754052995878
CV-QRC,Local,6,0.10000000000000001,0.00021544346900318823,1.6113498031303077
CV-QRC,Local,6,0.10000000000000001,0.00046415888336127773,2.6441286938883612
CV-QRC,Local,6,0.10000000000000001,0.001,2.8966463952900363
CV-QRC,Local,6,0.10000000000000001,0.0021544346900318821,2.9462872507559537
CV-QRC,Local,6,0.10000000000000001,0.0046415888336127772,2.9977723541017274
CV-QRC,Local,6,0.10000000000000001,0.01,3.0000132281041458
CV-QRC,Local,6,0.10000000000000001,0.021544346900318822,4.364039898203746
CV-QRC,Local,6,0.10000000000000001,0.046415888336127774,4.8256190940175978
CV-QRC,Local,6,0.10000000000000001,0.10000000000000001,5.3273597498034597
CV-QRC,Local,6,0.10000000000000001,0.21544346900318823,6.2628480510433482
CV-QRC,Local,6,0.10000000000000001,0.46415888336127725,6.3417535352630754
CV-QRC,Local,6,0.10000000000000001,1,6.2027226591765636
CV-QRC,Local,6,0.10000000000000001,2.154434690031882,5.0937214021452393
CV-QRC,Local,6,0.10000000000000001,4.6415888336127722,5.0924083452296633
CV-QRC,Local,6,0.10000000000000001,10,5.0558860713454807
CV-QRC,Local,6,0.21544346900318823,1.0000000000000001e-05,0.99566663454919857
CV-QRC,Local,6,0.21544346900318823,2.1544346900318823e-05,0.99570735084483808
CV-QRC,Local,6,0.21544346900318823,4.6415888336127818e-05,1.0080269532847799
CV-QRC,Local,6,0.21544346900318823,0.0001,1.5619898479489491
CV-QRC,Local,6,0.21544346900318823,0.00021544346900318823,2.6744139660741983
CV-QRC,Local,6,0.21544346900318823,0.00046415888336127773,2.8887255391961157
CV-QRC,Local,6,0.21544346900318823,0.001,2.938266046179252
CV-QRC,Local,6,0.21544346900318823,0.0021544346900318821,2.9886171979411453
CV-QRC,Local,6,0.21544346900318823,0.0046415888336127772,2.9967498893301276
CV-QRC,Local,6,0.21544346900318823,0.01,3.9417821278918792
CV-QRC,Local,6,0.21544346900318823,0.021544346900318822,4.7903923491665488
CV-QRC,Local,6,0.21544346900318823,0.046415888336127774,4.8999883208423096
CV-QRC,Local,6,0.21544346900318823,0.10000000000000001,5.8278101192816951
CV-QRC,Local,6,0.21544346900318823,0.21544346900318823,6.2318282830190412
CV-QRC,Local,6,0.21544346900318823,0.46415888336127725,6.2333367828043
CV-QRC,Local,6,0.21544346900318823,1,5.870877589891748
CV-QRC,Local,6,0.21544346900318823,2.154434690031882,4.7325254452171936
CV-QRC,Local,6,0.21544346900318823,4.6415888336127722,4.5630573541444255
CV-QRC,Local,6,0.21544346900318823,10,4.6283043600650604
CV-QRC,Local,6,0.46415888336127775,1.0000000000000001e-05,0.98071847910560472
CV-QRC,Local,6,0.46415888336127775,2.1544346900318823e-05,0.99356019899347281
CV-QRC,Local,6,0.46415888336127775,4.6415888336127818e-05,1.5463517684702333
CV-QRC,Local,6,0.46415888336127775,0.0001,2.6453365348411442
CV-QRC,Local,6,0.46415888336127775,0.00021544346900318823,2.8516187078534432
CV-QRC,Local,6,0.46415888336127775,0.00046415888336127773,2.8518791902825238
CV-QRC,Local,6,0.46415888336127775,0.001,2.9500672532197743
CV-QRC,Local,6,0.46415888336127775,0.0021544346900318821,2.9550872212844852
CV-QRC,Local,6,0.46415888336127775,0.0046415888336127772,3.2826232038655916
CV-QRC,Local,6,0.46415888336127775,0.01,4.6153157818118142
CV-QRC,Local,6,0.46415888336127775,0.021544346900318822,4.7346733753800683
CV-QRC,Local,6,0.46415888336127775,0.046415888336127774,5.2415545503028387
CV-QRC,Local,6,0.46415888336127775,0.10000000000000001,5.87106718778477
CV-QRC,Local,6,0.46415888336127775,0.21544346900318823,5.8945145200374069
CV-QRC,Local,6,0.46415888336127775,0.46415888336127725,5.8584286505939618
CV-QRC,Local,6,0.46415888336127775,1,5.3245770738584612
CV-QRC,Local,6,0.46415888336127775,2.154434690031882,4.344072095903301
CV-QRC,Local,6,0.46415888336127775,4.6415888336127722,4.0936300326403616
CV-QRC,Local,6,0.46415888336127775,10,4.2382259701633282
CV-QRC,Local,6,1,1.0000000000000001e-05,0.91794264569687345
CV-QRC,Local,6,1,2.1544346900318823e-05,1.3579009895039791
CV-QRC,Local,6,1,4.6415888336127818e-05,2.4404065266338968
CV-QRC,Local,6,1,0.0001,2.6746105425243258
CV-QRC,Local,6,1,0.00021544346900318823,2.6748238700873341
CV-QRC,Local,6,1,0.00046415888336127773,2.7670971159085482
CV-QRC,Local,6,1,0.001,2.7671146821552193
CV-QRC,Local,6,1,0.0021544346900318821,2.8545217568266112
CV-QRC,Local,6,1,0.0046415888336127772,3.8750053244081406
CV-QRC,Local,6,1,0.01,4.3564967848683427
CV-QRC,Local,6,1,0.021544346900318822,4.4243902133085147
CV-QRC,Local,6,1,0.046415888336127774,4.964032514846755
CV-QRC,Local,6,1,0.10000000000000001,5.1574610121328224
CV-QRC,Local,6,1,0.21544346900318823,5.1616707704067002
CV-QRC,Local,6,1,0.46415888336127725,5.0025725112681663
CV-QRC,Local,6,1,1,4.4543541719503734
CV-QRC,Local,6,1,2.154434690031882,3.8651690685262383
CV-QRC,Local,6,1,4.6415888336127722,3.6191404900757251
CV-QRC,Local,6,1,10,3.7630287641757443
CV-QRC,Clustered,5,0.0001,1.0000000000000001e-05,0
CV-QRC,Clustered,5,0.0001,2.1544346900318823e-05,0
CV-QRC,Clustered,5,0.0001,4.6415888336127818e-05,0
CV-QRC,Clustered,5,0.0001,0.0001,0
CV-QRC,Clustered,5,0.0001,0.00021544346900318823,0
CV-QRC,Clustered,5,0.0001,0.00046415888336127773,0.044058611569334015
CV-QRC,Clustered,5,0.0001,0.001,0.59364301339983094
CV-QRC,Clustered,5,0.0001,0.0021544346900318821,0.85821913519197268
CV-QRC,Clustered,5,0.0001,0.0046415888336127772,0.92788552217256282
CV-QRC,Clustered,5,0.0001,0.01,0.98820286206843833
CV-QRC,Clustered,5,0.0001,0.021544346900318822,0.99477390847117642
CV-QRC,Clustered,5,0.0001,0.046415888336127774,1.0010792568500451
CV-QRC,Clustered,5,0.0001,0.10000000000000001,1.0502677561215812
CV-QRC,Clustered,5,0.0001,0.21544346900318823,1.8063433581943613
CV-QRC,Clustered,5,0.0001,0.46415888336127725,2.8883249128092041
CV-QRC,Clustered,5,0.0001,1,3.1394328952754549
CV-QRC,Clustered,5,0.0001,2.154434690031882,3.5074999798281676
CV-QRC,Clustered,5,0.0001,4.6415888336127722,3.5462660446692715
CV-QRC,Clustered,5,0.0001,10,3.4749934871979624
CV-QRC,Clustered,5,0.00021544346900318845,1.0000000000000001e-05,0
CV-QRC,Clustered,5,0.00021544346900318845,2.1544346900318823e-05,0
CV-QRC,Clustered,5,0.00021544346900318845,4.6415888336127818e-05,0
CV-QRC,Clustered,5,0.00021544346900318845,0.0001,0.042977452730219197
CV-QRC,Clustered,5,0.00021544346900318845,0.00021544346900318823,0.58981869598625614
CV-QRC,Clustered,5,0.00021544346900318845,0.00046415888336127773,0.87395989716855593
CV-QRC,Clustered,5,0.00021544346900318845,0.001,0.94855225594064418
CV-QRC,Clustered,5,0.00021544346900318845,0.0021544346900318821,0.98793273900161238
CV-QRC,Clustered,5,0.00021544346900318845,0.0046415888336127772,0.99319707259339052
CV-QRC,Clustered,5,0.00021544346900318845,0.01,0.9974263030859396
CV-QRC,Clustered,5,0.00021544346900318845,0.021544346900318822,1.0111399317818348
CV-QRC,Clustered,5,0.00021544346900318845,0.046415888336127774,1.0302135192566053
CV-QRC,Clustered,5,0.00021544346900318845,0.10000000000000001,2.0382103163797054
CV-QRC,Clustered,5,0.00021544346900318845,0.21544346900318823,2.9272526420789382
CV-QRC,Clustered,5,0.00021544346900318845,0.46415888336127725,3.2670602685038608
CV-QRC,Clustered,5,0.00021544346900318845,1,3.9039980156076188
CV-QRC,Clustered,5,0.00021544346900318845,2.154434690031882,4.0227460080028301
CV-QRC,Clustered,5,0.00021544346900318845,4.6415888336127722,4.1068756756053135
CV-QRC,Clustered,5,0.00021544346900318845,10,3.9568253713020525
CV-QRC,Clustered,5,0.00046415888336127773,1.0000000000000001e-05,0.0025393181565860515
CV-QRC,Clustered,5,0.00046415888336127773,2.1544346900318823e-05,0.061455693077273915
CV-QRC,Clustered,5,0.00046415888336127773,4.6415888336127818e-05,0.57037042033424601
CV-QRC,Clustered,5,0.00046415888336127773,0.0001,0.8314676494602542
CV-QRC,Clustered,5,0.00046415888336127773,0.00021544346900318823,0.95417828304258634
CV-QRC,Clustered,5,0.00046415888336127773,0.00046415888336127773,0.9869931629038704
CV-QRC,Clustered,5,0.00046415888336127773,0.001,0.9935039592412731
CV-QRC,Clustered,5,0.00046415888336127773,0.0021544346900318821,0.9970228526720708
CV-QRC,Clustered,5,0.00046415888336127773,0.0046415888336127772,0.99878001274596795
CV-QRC,Clustered,5,0.00046415888336127773,0.01,1.0247072805857231
CV-QRC,Clustered,5,0.00046415888336127773,0.021544346900318822,1.1258033146463857
CV-QRC,Clustered,5,0.00046415888336127773,0.046415888336127774,2.0794006156664513
CV-QRC,Clustered,5,0.00046415888336127773,0.10000000000000001,2.9363133719504382
CV-QRC,Clustered,5,0.00046415888336127773,0.21544346900318823,3.3708747191279649
CV-QRC,Clustered,5,0.00046415888336127773,0.46415888336127725,3.8463787979845749
CV-QRC,Clustered,5,0.00046415888336127773,1,4.5293016948196207
CV-QRC,Clustered,5,0.00046415888336127773,2.154434690031882,4.6925461334058571
CV-QRC,Clustered,5,0.00046415888336127773,4.6415888336127722,4.7443321195364563
CV-QRC,Clustered,5,0.00046415888336127773,10,4.3280748271796039
CV-QRC,Clustered,5,0.001,1.0000000000000001e-05,0.56345473470880914
CV-QRC,Clustered,5,0.001,2.1544346900318823e-05,0.82747967094498442
CV-QRC,Clustered,5,0.001,4.6415888336127818e-05,0.92329656035271457
CV-QRC,Clustered,5,0.001,0.0001,0.98888127215359756
CV-QRC,Clustered,5,0.001,0.00021544346900318823,0.99334193146516647
CV-QRC,Clustered,5,0.001,0.00046415888336127773,0.99704387155318019
CV-QRC,Clustered,5,0.001,0.001,0.99791377867595976
CV-QRC,Clustered,5,0.001,0.0021544346900318821,0.99928950632854119
CV-QRC,Clustered,5,0.001,0.0046415888336127772,1.0045367632051048
CV-QRC,Clustered,5,0.001,0.01,1.21380559459627
CV-QRC,Clustered,5,0.001,0.021544346900318822,1.7452678533036443
CV-QRC,Clustered,5,0.001,0.046415888336127774,2.8276853177014862
CV-QRC,Clustered,5,0.001,0.10000000000000001,3.284451692666754
CV-QRC,Clustered,5,0.001,0.21544346900318823,3.8875921030983389
CV-QRC,Clustered,5,0.001,0.46415888336127725,4.1040763184621749
CV-QRC,Clustered,5,0.001,1,4.7617842256424909
CV-QRC,Clustered,5,0.001,2.154434690031882,4.8974761795667856
CV-QRC,Clustered,5,0.001,4.6415888336127722,4.9567052729848449
CV-QRC,Clustered,5,0.001,10,4.8720144268956558
CV-QRC,Clustered,5,0.0021544346900318821,1.0000000000000001e-05,0.92444144466610534
CV-QRC,Clustered,5,0.0021544346900318821,2.1544346900318823e-05,0.9896941260942087
CV-QRC,Clustered,5,0.0021544346900318821,4.6415888336127818e-05,0.99347019465235553
CV-QRC,Clustered,5,0.0021544346900318821,0.0001,0.99727493861370087
CV-QRC,Clustered,5,0.0021544346900318821,0.00021544346900318823,0.99780373931383648
CV-QRC,Clustered,5,0.0021544346900318821,0.00046415888336127773,0.99919031530574587
CV-QRC,Clustered,5,0.0021544346900318821,0.001,0.99937311590959998
CV-QRC,Clustered,5,0.0021544346900318821,0.0021544346900318821,1.0009675948790111
CV-QRC,Clustered,5,0.0021544346900318821,0.0046415888336127772,1.3947670709592046
CV-QRC,Clustered,5,0.0021544346900318821,0.01,1.9350477021616208
CV-QRC,Clustered,5,0.0021544346900318821,0.021544346900318822,2.8172665527610206
CV-QRC,Clustered,5,0.0021544346900318821,0.046415888336127774,3.1956618034344224
CV-QRC,Clustered,5,0.0021544346900318821,0.10000000000000001,3.499039991649703
CV-QRC,Clustered,5,0.0021544346900318821,0.21544346900318823,3.8807795754817005
CV-QRC,Clustered,5,0.0021544346900318821,0.46415888336127725,4.1110687672542907
CV-QRC,Clustered,5,0.0021544346900318821,1,4.6849286892912669
CV-QRC,Clustered,5,0.0021544346900318821,2.154434690031882,4.8363727172500433
CV-QRC,Clustered,5,0.0021544346900318821,4.6415888336127722,4.930945901106849
CV-QRC,Clustered,5,0.0021544346900318821,10,4.8587623105265578
CV-QRC,Clustered,5,0.0046415888336127772,1.0000000000000001e-05,0.99352100920338859
CV-QRC,Clustered,5,0.0046415888336127772,2.1544346900318823e-05,0.99730367564761691
CV-QRC,Clustered,5,0.0046415888336127772,4.6415888336127818e-05,0.99787736141068917
CV-QRC,Clustered,5,0.0046415888336127772,0.0001,0.99890562185245269
CV-QRC,Clustered,5,0.0046415888336127772,0.00021544346900318823,0.99924988594542619
CV-QRC,Clustered,5,0.0046415888336127772,0.00046415888336127773,1.0000116815787801
CV-QRC,Clustered,5,0.0046415888336127772,0.001,1.0006437253399334
CV-QRC,Clustered,5,0.0046415888336127772,0.0021544346900318821,1.3681296530934697
CV-QRC,Clustered,5,0.0046415888336127772,0.0046415888336127772,2.2562488942303531
CV-QRC,Clustered,5,0.0046415888336127772,0.01,2.845976702216928
CV-QRC,Clustered,5,0.0046415888336127772,0.021544346900318822,3.079655666714197
CV-QRC,Clustered,5,0.0046415888336127772,0.046415888336127774,3.3214561972563117
CV-QRC,Clustered,5,0.0046415888336127772,0.10000000000000001,3.4532852283794169
CV-QRC,Clustered,5,0.0046415888336127772,0.21544346900318823,3.7357495874303686
CV-QRC,Clustered,5,0.0046415888336127772,0.46415888336127725,4.0261719721706299
CV-QRC,Clustered,5,0.0046415888336127772,1,4.550871838051207
CV-QRC,Clustered,5,0.0046415888336127772,2.154434690031882,4.6751136453490343
CV-QRC,Clustered,5,0.0046415888336127772,4.6415888336127722,4.784945425346514
CV-QRC,Clustered,5,0.0046415888336127772,10,4.7314046611303748
CV-QRC,Clustered,5,0.01,1.0000000000000001e-05,0.99788131586939033
CV-QRC,Clustered,5,0.01,2.1544346900318823e-05,0.99891110409595496
CV-QRC,Clustered,5,0.01,4.6415888336127818e-05,0.99894728123946752
CV-QRC,Clustered,5,0.01,0.0001,0.99946427080971212
CV-QRC,Clustered,5,0.01,0.00021544346900318823,1.0007639494243543
CV-QRC,Clustered,5,0.01,0.00046415888336127773,1.0051094084840941
CV-QRC,Clustered,5,0.01,0.001,1.2796220536168763
CV-QRC,Clustered,5,0.01,0.0021544346900318821,2.2310956242568136
CV-QRC,Clustered,5,0.01,0.0046415888336127772,2.8508818734137558
CV-QRC,Clustered,5,0.01,0.01,3.0489650149633407
CV-QRC,Clustered,5,0.01,0.021544346900318822,3.1852529445997448
CV-QRC,Clustered,5,0.01,0.046415888336127774,3.2713823823158643
CV-QRC,Clustered,5,0.01,0.10000000000000001,3.3933045352376894
CV-QRC,Clustered,5,0.01,0.21544346900318823,3.6409817405443614
CV-QRC,Clustered,5,0.01,0.46415888336127725,3.9675001515937933
CV-QRC,Clustered,5,0.01,1,4.4245746871843936
CV-QRC,Clustered,5,0.01,2.154434690031882,4.5301558681471423
CV-QRC,Clustered,5,0.01,4.6415888336127722,4.6907020801590029
CV-QRC,Clustered,5,0.01,10,4.5863722405223522
CV-QRC,Clustered,5,0.021544346900318822,1.0000000000000001e-05,0.99892609986952818
CV-QRC,Clustered,5,0.021544346900318822,2.1544346900318823e-05,0.99945493019722276
CV-QRC,Clustered,5,0.021544346900318822,4.6415888336127818e-05,1.0000994047872307
CV-QRC,Clustered,5,0.021544346900318822,0.0001,1.0019010716036787
CV-QRC,Clustered,5,0.021544346900318822,0.00021544346900318823,1.007553232994217
CV-QRC,Clustered,5,0.021544346900318822,0.00046415888336127773,1.2474731313114815
CV-QRC,Clustered,5,0.021544346900318822,0.001,2.0530514682923404
CV-QRC,Clustered,5,0.021544346900318822,0.0021544346900318821,2.7429962161559716
CV-QRC,Clustered,5,0.021544346900318822,0.0046415888336127772,3.0006463172596716
CV-QRC,Clustered,5,0.021544346900318822,0.01,3.1136797645891896
CV-QRC,Clustered,5,0.021544346900318822,0.021544346900318822,3.1845020048320509
CV-QRC,Clustered,5,0.021544346900318822,0.046415888336127774,3.2693419408813296
CV-QRC,Clustered,5,0.021544346900318822,0.10000000000000001,3.3860023151008845
CV-QRC,Clustered,5,0.021544346900318822,0.21544346900318823,3.6184890966214383
CV-QRC,Clustered,5,0.021544346900318822,0.46415888336127725,3.947938670898302
CV-QRC,Clustered,5,0.021544346900318822,1,4.3837929130005566
CV-QRC,Clustered,5,0.021544346900318822,2.154434690031882,4.4538934597109305
CV-QRC,Clustered,5,0.021544346900318822,4.6415888336127722,4.6066277643500007
CV-QRC,Clustered,5,0.021544346900318822,10,4.4820454177088669
CV-QRC,Clustered,5,0.046415888336127774,1.0000000000000001e-05,1.0001272670684913
CV-QRC,Clustered,5,0.046415888336127774,2.1544346900318823e-05,1.000607127396421
CV-QRC,Clustered,5,0.046415888336127774,4.6415888336127818e-05,1.0010495225340699
CV-QRC,Clustered,5,0.046415888336127774,0.0001,1.0126290963276883
CV-QRC,Clustered,5,0.046415888336127774,0.00021544346900318823,1.2394127081798516
CV-QRC,Clustered,5,0.046415888336127774,0.00046415888336127773,1.8945220599133514
CV-QRC,Clustered,5,0.046415888336127774,0.001,2.562577687572078
CV-QRC,Clustered,5,0.046415888336127774,0.0021544346900318821,2.8478006252901058
CV-QRC,Clustered,5,0.046415888336127774,0.0046415888336127772,2.9678109323717323
CV-QRC,Clustered,5,0.046415888336127774,0.01,3.0698129930436466
CV-QRC,Clustered,5,0.046415888336127774,0.021544346900318822,3.1564601946797155
CV-QRC,Clustered,5,0.046415888336127774,0.046415888336127774,3.2456924519454811
CV-QRC,Clustered,5,0.046415888336127774,0.10000000000000001,3.375639061814006
CV-QRC,Clustered,5,0.046415888336127774,0.21544346900318823,3.5876962469206695
CV-QRC,Clustered,5,0.046415888336127774,0.46415888336127725,3.821506284431293
CV-QRC,Clustered,5,0.046415888336127774,1,4.2796093133365147
CV-QRC,Clustered,5,0.046415888336127774,2.154434690031882,4.3410149756855159
CV-QRC,Clustered,5,0.046415888336127774,4.6415888336127722,4.4942206658618744
CV-QRC,Clustered,5,0.046415888336127774,10,4.3863534358281679
CV-QRC,Clustered,5,0.10000000000000001,1.0000000000000001e-05,1.002330900252939
CV-QRC,Clustered,5,0.10000000000000001,2.1544346900318823e-05,1.0035399863006083
CV-QRC,Clustered,5,0.10000000000000001,4.6415888336127818e-05,1.0276906511063311
CV-QRC,Clustered,5,0.10000000000000001,0.0001,1.2931886406163522
CV-QRC,Clustered,5,0.10000000000000001,0.00021544346900318823,1.7694824013747921
CV-QRC,Clustered,5,0.10000000000000001,0.00046415888336127773,2.3056209582746954
CV-QRC,Clustered,5,0.10000000000000001,0.001,2.5374664832896028
CV-QRC,Clustered,5,0.10000000000000001,0.0021544346900318821,2.7066852132109576
CV-QRC,Clustered,5,0.10000000000000001,0.0046415888336127772,2.8501870119239778
CV-QRC,Clustered,5,0.10000000000000001,0.01,2.9745918363779777
CV-QRC,Clustered,5,0.10000000000000001,0.021544346900318822,3.0831190924643419
CV-QRC,Clustered,5,0.10000000000000001,0.046415888336127774,3.1732700165954255
CV-QRC,Clustered,5,0.10000000000000001,0.10000000000000001,3.2864670752465353
CV-QRC,Clustered,5,0.10000000000000001,0.21544346900318823,3.4429515668578148
CV-QRC,Clustered,5,0.10000000000000001,0.46415888336127725,3.5784579635031459
CV-QRC,Clustered,5,0.10000000000000001,1,4.0323432071349448
CV-QRC,Clustered,5,0.10000000000000001,2.154434690031882,4.1426715178762201
CV-QRC,Clustered,5,0.10000000000000001,4.6415888336127722,4.2308727346767707
CV-QRC,Clustered,5,0.10000000000000001,10,4.2368582506665211
CV-QRC,Clustered,5,0.21544346900318823,1.0000000000000001e-05,1.038824847852077
CV-QRC,Clustered,5,0.21544346900318823,2.1544346900318823e-05,1.1205834236275098
CV-QRC,Clustered,5,0.21544346900318823,4.6415888336127818e-05,1.3365040556745644
CV-QRC,Clustered,5,0.21544346900318823,0.0001,1.6421770632835022
CV-QRC,Clustered,5,0.21544346900318823,0.00021544346900318823,1.9501252280597086
CV-QRC,Clustered,5,0.21544346900318823,0.00046415888336127773,2.1663863356756616
CV-QRC,Clustered,5,0.21544346900318823,0.001,2.3546492628990197
CV-QRC,Clustered,5,0.21544346900318823,0.0021544346900318821,2.5420791937207805
CV-QRC,Clustered,5,0.21544346900318823,0.0046415888336127772,2.6982441736811489
CV-QRC,Clustered,5,0.21544346900318823,0.01,2.8358067254011332
CV-QRC,Clustered,5,0.21544346900318823,0.021544346900318822,2.9566674404524083
CV-QRC,Clustered,5,0.21544346900318823,0.046415888336127774,3.056140115873081
CV-QRC,Clustered,5,0.21544346900318823,0.10000000000000001,3.1429330289234718
CV-QRC,Clustered,5,0.21544346900318823,0.21544346900318823,3.2500989001785263
CV-QRC,Clustered,5,0.21544346900318823,0.46415888336127725,3.3301697969359592
CV-QRC,Clustered,5,0.21544346900318823,1,3.7793344207138584
CV-QRC,Clustered,5,0.21544346900318823,2.154434690031882,3.880234962841747
CV-QRC,Clustered,5,0.21544346900318823,4.6415888336127722,3.9995679984061048
CV-QRC,Clustered,5,0.21544346900318823,10,4.0750614996411754
CV-QRC,Clustered,5,0.46415888336127775,1.0000000000000001e-05,1.211501022310868
CV-QRC,Clustered,5,0.46415888336127775,2.1544346900318823e-05,1.396846582972846
CV-QRC,Clustered,5,0.46415888336127775,4.6415888336127818e-05,1.5850276351067418
CV-QRC,Clustered,5,0.46415888336127775,0.0001,1.7692020734334308
CV-QRC,Clustered,5,0.46415888336127775,0.00021544346900318823,1.8908207161782276
CV-QRC,Clustered,5,0.46415888336127775,0.00046415888336127773,2.0227810831677489
CV-QRC,Clustered,5,0.46415888336127775,0.001,2.1976098868746674
CV-QRC,Clustered,5,0.46415888336127775,0.0021544346900318821,2.3811435079411796
CV-QRC,Clustered,5,0.46415888336127775,0.0046415888336127772,2.5422649370481412
CV-QRC,Clustered,5,0.46415888336127775,0.01,2.690737621969995
CV-QRC,Clustered,5,0.46415888336127775,0.021544346900318822,2.8105593506766073
CV-QRC,Clustered,5,0.46415888336127775,0.046415888336127774,2.9116956342252536
CV-QRC,Clustered,5,0.46415888336127775,0.10000000000000001,2.9942247160744624
CV-QRC,Clustered,5,0.46415888336127775,0.21544346900318823,3.0823355368993037
CV-QRC,Clustered,5,0.46415888336127775,0.46415888336127725,3.1534657453669936
CV-QRC,Clustered,5,0.46415888336127775,1,3.5524262194332699
CV-QRC,Clustered,5,0.46415888336127775,2.154434690031882,3.6207702545924318
CV-QRC,Clustered,5,0.46415888336127775,4.6415888336127722,3.7679411561092069
CV-QRC,Clustered,5,0.46415888336127775,10,3.8927103714353568
CV-QRC,Clustered,5,1,1.0000000000000001e-05,1.2838946173277359
CV-QRC,Clustered,5,1,2.1544346900318823e-05,1.4138008767048589
CV-QRC,Clustered,5,1,4.6415888336127818e-05,1.5120975391392639
CV-QRC,Clustered,5,1,0.0001,1.6242697096001488
CV-QRC,Clustered,5,1,0.00021544346900318823,1.7608804573218135
CV-QRC,Clustered,5,1,0.00046415888336127773,1.8970406946121821
CV-QRC,Clustered,5,1,0.001,2.032627015179016
CV-QRC,Clustered,5,1,0.0021544346900318821,2.1793246656363894
CV-QRC,Clustered,5,1,0.0046415888336127772,2.3398442695066826
CV-QRC,Clustered,5,1,0.01,2.4799999148080092
CV-QRC,Clustered,5,1,0.021544346900318822,2.6051889298391946
CV-QRC,Clustered,5,1,0.046415888336127774,2.7189452963315039
CV-QRC,Clustered,5,1,0.10000000000000001,2.8111014615240206
CV-QRC,Clustered,5,1,0.21544346900318823,2.8923595197938821
CV-QRC,Clustered,5,1,0.46415888336127725,3.0008439483434302
CV-QRC,Clustered,5,1,1,3.2329218318289685
CV-QRC,Clustered,5,1,2.154434690031882,3.2932566087250326
CV-QRC,Clustered,5,1,4.6415888336127722,3.4375316549231929
CV-QRC,Clustered,5,1,10,3.5470609536899191
CV-QRC,Global,3,0.0001,1.0000000000000001e-05,1.0042434468133035
CV-QRC,Global,3,0.0001,2.1544346900318823e-05,1.011554107804248
CV-QRC,Global,3,0.0001,4.6415888336127818e-05,1.5146541648526337
CV-QRC,Global,3,0.0001,0.0001,1.8507559208856124
CV-QRC,Global,3,0.0001,0.00021544346900318823,2.2762865978881996
CV-QRC,Global,3,0.0001,0.00046415888336127773,2.5154455607979394
CV-QRC,Global,3,0.0001,0.001,2.7216676792870316
CV-QRC,Global,3,0.0001,0.0021544346900318821,2.8505254143746672
CV-QRC,Global,3,0.0001,0.0046415888336127772,2.8943484350064175
CV-QRC,Global,3,0.0001,0.01,2.9554099430865088
CV-QRC,Global,3,0.0001,0.021544346900318822,3.1053319038880094
CV-QRC,Global,3,0.0001,0.046415888336127774,3.8375720107685845
CV-QRC,Global,3,0.0001,0.10000000000000001,4.2169266423943341
CV-QRC,Global,3,0.0001,0.21544346900318823,4.0995887850331689
CV-QRC,Global,3,0.0001,0.46415888336127725,3.9496326424090635
CV-QRC,Global,3,0.0001,1,3.8870596578957985
CV-QRC,Global,3,0.0001,2.154434690031882,3.7774298701215741
CV-QRC,Global,3,0.0001,4.6415888336127722,3.9694048399365349
CV-QRC,Global,3,0.0001,10,3.9821208195793676
CV-QRC,Global,3,0.00021544346900318845,1.0000000000000001e-05,1.4878656473426295
CV-QRC,Global,3,0.00021544346900318845,2.1544346900318823e-05,1.8204911715670054
CV-QRC,Global,3,0.00021544346900318845,4.6415888336127818e-05,2.2771357634162284
CV-QRC,Global,3,0.00021544346900318845,0.0001,2.6028799975518884
CV-QRC,Global,3,0.00021544346900318845,0.00021544346900318823,2.7648967735736134
CV-QRC,Global,3,0.00021544346900318845,0.00046415888336127773,2.8581290701721018
CV-QRC,Global,3,0.00021544346900318845,0.001,2.9045384101849874
CV-QRC,Global,3,0.00021544346900318845,0.0021544346900318821,2.9529853759568123
CV-QRC,Global,3,0.00021544346900318845,0.0046415888336127772,3.0076512071869628
CV-QRC,Global,3,0.00021544346900318845,0.01,3.1862929308246071
CV-QRC,Global,3,0.00021544346900318845,0.021544346900318822,3.8166499866059662
CV-QRC,Global,3,0.00021544346900318845,0.046415888336127774,4.2293623214149818
CV-QRC,Global,3,0.00021544346900318845,0.10000000000000001,4.265881858155474
CV-QRC,Global,3,0.00021544346900318845,0.21544346900318823,4.2431303920632848
CV-QRC,Global,3,0.00021544346900318845,0.46415888336127725,4.1484241613420796
CV-QRC,Global,3,0.00021544346900318845,1,4.0618703120980824
CV-QRC,Global,3,0.00021544346900318845,2.154434690031882,3.9812505403956027
CV-QRC,Global,3,0.00021544346900318845,4.6415888336127722,4.1925597258317886
CV-QRC,Global,3,0.00021544346900318845,10,4.1572977553103039
CV-QRC,Global,3,0.00046415888336127773,1.0000000000000001e-05,2.2177223689027259
CV-QRC,Global,3,0.00046415888336127773,2.1544346900318823e-05,2.6826108029509981
CV-QRC,Global,3,0.00046415888336127773,4.6415888336127818e-05,2.7968920067733678
CV-QRC,Global,3,0.00046415888336127773,0.0001,2.8605947005323391
CV-QRC,Global,3,0.00046415888336127773,0.00021544346900318823,2.8892228345557913
CV-QRC,Global,3,0.00046415888336127773,0.00046415888336127773,2.9770671699105202
CV-QRC,Global,3,0.00046415888336127773,0.001,2.995113372053841
CV-QRC,Global,3,0.00046415888336127773,0.0021544346900318821,3.009276086392191
CV-QRC,Global,3,0.00046415888336127773,0.0046415888336127772,3.167281747516046
CV-QRC,Global,3,0.00046415888336127773,0.01,4.0066195591736999
CV-QRC,Global,3,0.00046415888336127773,0.021544346900318822,4.2741376903066959
CV-QRC,Global,3,0.00046415888336127773,0.046415888336127774,4.281565319674713
CV-QRC,Global,3,0.00046415888336127773,0.10000000000000001,4.3039934875334342
CV-QRC,Global,3,0.00046415888336127773,0.21544346900318823,4.3277261491077637
CV-QRC,Global,3,0.00046415888336127773,0.46415888336127725,4.3148971192807073
CV-QRC,Global,3,0.00046415888336127773,1,4.2386986021805999
CV-QRC,Global,3,0.00046415888336127773,2.154434690031882,4.1906160683644167
CV-QRC,Global,3,0.00046415888336127773,4.6415888336127722,4.409170622057224
CV-QRC,Global,3,0.00046415888336127773,10,4.3307327632510546
CV-QRC,Global,3,0.001,1.0000000000000001e-05,2.8158919897798698
CV-QRC,Global,3,0.001,2.1544346900318823e-05,2.8652163827121968
CV-QRC,Global,3,0.001,4.6415888336127818e-05,2.9135182351453239
CV-QRC,Global,3,0.001,0.0001,2.9789531425903002
CV-QRC,Global,3,0.001,0.00021544346900318823,3.0047561512142837
CV-QRC,Global,3,0.001,0.00046415888336127773,3.0073046879482055
CV-QRC,Global,3,0.001,0.001,3.0102286872588708
CV-QRC,Global,3,0.001,0.0021544346900318821,3.1625807760175606
CV-QRC,Global,3,0.001,0.0046415888336127772,4.0647041497931502
CV-QRC,Global,3,0.001,0.01,4.4600463632841869
CV-QRC,Global,3,0.001,0.021544346900318822,4.3706924997589267
CV-QRC,Global,3,0.001,0.046415888336127774,4.3575051064562293
CV-QRC,Global,3,0.001,0.10000000000000001,4.3586700682925512
CV-QRC,Global,3,0.001,0.21544346900318823,4.405021772078185
CV-QRC,Global,3,0.001,0.46415888336127725,4.4604895231208941
CV-QRC,Global,3,0.001,1,4.3909345327222038
CV-QRC,Global,3,0.001,2.154434690031882,4.3514495701653644
CV-QRC,Global,3,0.001,4.6415888336127722,4.5740838284575966
CV-QRC,Global,3,0.001,10,4.4627197353536703
CV-QRC,Global,3,0.0021544346900318821,1.0000000000000001e-05,2.9106800682467413
CV-QRC,Global,3,0.0021544346900318821,2.1544346900318823e-05,2.9832944741544023
CV-QRC,Global,3,0.0021544346900318821,4.6415888336127818e-05,3.0020379164440443
CV-QRC,Global,3,0.0021544346900318821,0.0001,3.0064276039545872
CV-QRC,Global,3,0.0021544346900318821,0.00021544346900318823,3.009341168758445
CV-QRC,Global,3,0.0021544346900318821,0.00046415888336127773,3.0123808824966116
CV-QRC,Global,3,0.0021544346900318821,0.001,3.1701471166594986
CV-QRC,Global,3,0.0021544346900318821,0.0021544346900318821,3.9578991634405516
CV-QRC,Global,3,0.0021544346900318821,0.0046415888336127772,4.4702412527151729
CV-QRC,Global,3,0.0021544346900318821,0.01,4.5503352910177313
CV-QRC,Global,3,0.0021544346900318821,0.021544346900318822,4.49303377400875
CV-QRC,Global,3,0.0021544346900318821,0.046415888336127774,4.4580070256761379
CV-QRC,Global,3,0.0021544346900318821,0.10000000000000001,4.4601496429433274
CV-QRC,Global,3,0.0021544346900318821,0.21544346900318823,4.5200291543401248
CV-QRC,Global,3,0.0021544346900318821,0.46415888336127725,4.6410522941070829
CV-QRC,Global,3,0.0021544346900318821,1,4.5463982339178486
CV-QRC,Global,3,0.0021544346900318821,2.154434690031882,4.4859264353578148
CV-QRC,Global,3,0.0021544346900318821,4.6415888336127722,4.7496413840660328
CV-QRC,Global,3,0.0021544346900318821,10,4.5949788477078046
CV-QRC,Global,3,0.0046415888336127772,1.0000000000000001e-05,3.0033113411886916
CV-QRC,Global,3,0.0046415888336127772,2.1544346900318823e-05,3.0039675106831902
CV-QRC,Global,3,0.0046415888336127772,4.6415888336127818e-05,3.0064217275610501
CV-QRC,Global,3,0.0046415888336127772,0.0001,3.0089517497981451
CV-QRC,Global,3,0.0046415888336127772,0.00021544346900318823,3.0273417378700382
CV-QRC,Global,3,0.0046415888336127772,0.00046415888336127773,3.120423304609123
CV-QRC,Global,3,0.0046415888336127772,0.001,3.5512270365144376
CV-QRC,Global,3,0.0046415888336127772,0.0021544346900318821,4.0647400004286451
CV-QRC,Global,3,0.0046415888336127772,0.0046415888336127772,4.3233861847337982
CV-QRC,Global,3,0.0046415888336127772,0.01,4.5026777522736907
CV-QRC,Global,3,0.0046415888336127772,0.021544346900318822,4.5768675336950277
CV-QRC,Global,3,0.0046415888336127772,0.046415888336127774,4.5555453229537566
CV-QRC,Global,3,0.0046415888336127772,0.10000000000000001,4.5756712905273167
CV-QRC,Global,3,0.0046415888336127772,0.21544346900318823,4.673258603538712
CV-QRC,Global,3,0.0046415888336127772,0.46415888336127725,4.8362142055655033
CV-QRC,Global,3,0.0046415888336127772,1,4.7383479718614225
CV-QRC,Global,3,0.0046415888336127772,2.154434690031882,4.7082804328872401
CV-QRC,Global,3,0.0046415888336127772,4.6415888336127722,4.9800022132337904
CV-QRC,Global,3,0.0046415888336127772,10,4.8088375238014729
CV-QRC,Global,3,0.01,1.0000000000000001e-05,3.0037017016307561
CV-QRC,Global,3,0.01,2.1544346900318823e-05,3.0078984905652111
CV-QRC,Global,3,0.01,4.6415888336127818e-05,3.0092587787878684
CV-QRC,Global,3,0.01,0.0001,3.0317227643696416
CV-QRC,Global,3,0.01,0.00021544346900318823,3.1038703340395366
CV-QRC,Global,3,0.01,0.00046415888336127773,3.2975873258298063
CV-QRC,Global,3,0.01,0.001,3.605570875031411
CV-QRC,Global,3,0.01,0.0021544346900318821,3.8348933251679775
CV-QRC,Global,3,0.01,0.0046415888336127772,4.0987612448325494
CV-QRC,Global,3,0.01,0.01,4.3461857583541788
CV-QRC,Global,3,0.01,0.021544346900318822,4.5378815587723302
CV-QRC,Global,3,0.01,0.046415888336127774,4.6157332702805762
CV-QRC,Global,3,0.01,0.10000000000000001,4.6648995705283696
CV-QRC,Global,3,0.01,0.21544346900318823,4.7924190777987228
CV-QRC,Global,3,0.01,0.46415888336127725,4.9746997141255473
CV-QRC,Global,3,0.01,1,4.9482217998072127
CV-QRC,Global,3,0.01,2.154434690031882,4.9319187524513879
CV-QRC,Global,3,0.01,4.6415888336127722,5.2186266763404019
CV-QRC,Global,3,0.01,10,5.0765167886072824
CV-QRC,Global,3,0.021544346900318822,1.0000000000000001e-05,3.0070500975191878
CV-QRC,Global,3,0.021544346900318822,2.1544346900318823e-05,3.0099540708027703
CV-QRC,Global,3,0.021544346900318822,4.6415888336127818e-05,3.0206477018125768
CV-QRC,Global,3,0.021544346900318822,0.0001,3.1093506632843662
CV-QRC,Global,3,0.021544346900318822,0.00021544346900318823,3.2512837212293548
CV-QRC,Global,3,0.021544346900318822,0.00046415888336127773,3.3968093047107439
CV-QRC,Global,3,0.021544346900318822,0.001,3.5445028608682771
CV-QRC,Global,3,0.021544346900318822,0.0021544346900318821,3.7179101673937724
CV-QRC,Global,3,0.021544346900318822,0.0046415888336127772,3.9342314615778653
CV-QRC,Global,3,0.021544346900318822,0.01,4.1779830715205506
CV-QRC,Global,3,0.021544346900318822,0.021544346900318822,4.4129624152446452
CV-QRC,Global,3,0.021544346900318822,0.046415888336127774,4.592085630538727
CV-QRC,Global,3,0.021544346900318822,0.10000000000000001,4.6896852711737163
CV-QRC,Global,3,0.021544346900318822,0.21544346900318823,4.8277989591400292
CV-QRC,Global,3,0.021544346900318822,0.46415888336127725,5.0270553416404908
CV-QRC,Global,3,0.021544346900318822,1,5.0637992296457615
CV-QRC,Global,3,0.021544346900318822,2.154434690031882,5.1069165001353456
CV-QRC,Global,3,0.021544346900318822,4.6415888336127722,5.3727501517365681
CV-QRC,Global,3,0.021544346900318822,10,5.2505786246369954
CV-QRC,Global,3,0.046415888336127774,1.0000000000000001e-05,3.0081182486471443
CV-QRC,Global,3,0.046415888336127774,2.1544346900318823e-05,3.0163143869821036
CV-QRC,Global,3,0.046415888336127774,4.6415888336127818e-05,3.1080651032084519
CV-QRC,Global,3,0.046415888336127774,0.0001,3.2454273115068779
CV-QRC,Global,3,0.046415888336127774,0.00021544346900318823,3.3203858140374227
CV-QRC,Global,3,0.046415888336127774,0.00046415888336127773,3.4347118015959879
CV-QRC,Global,3,0.046415888336127774,0.001,3.58058640675072
CV-QRC,Global,3,0.046415888336127774,0.0021544346900318821,3.7426814486473305
CV-QRC,Global,3,0.046415888336127774,0.0046415888336127772,3.9204580464324743
CV-QRC,Global,3,0.046415888336127774,0.01,4.1274562296066266
CV-QRC,Global,3,0.046415888336127774,0.021544346900318822,4.3445831035747577
CV-QRC,Global,3,0.046415888336127774,0.046415888336127774,4.541685065856921
CV-QRC,Global,3,0.046415888336127774,0.10000000000000001,4.6708020350132813
CV-QRC,Global,3,0.046415888336127774,0.21544346900318823,4.8102126369130387
CV-QRC,Global,3,0.046415888336127774,0.46415888336127725,5.0464636343879601
CV-QRC,Global,3,0.046415888336127774,1,5.0130079152815936
CV-QRC,Global,3,0.046415888336127774,2.154434690031882,5.101795854690522
CV-QRC,Global,3,0.046415888336127774,4.6415888336127722,5.3522808618925719
CV-QRC,Global,3,0.046415888336127774,10,5.2477696835492873
CV-QRC,Global,3,0.10000000000000001,1.0000000000000001e-05,3.0276162681743735
CV-QRC,Global,3,0.10000000000000001,2.1544346900318823e-05,3.1108562361585697
CV-QRC,Global,3,0.10000000000000001,4.6415888336127818e-05,3.2089239024092509
CV-QRC,Global,3,0.10000000000000001,0.0001,3.2474520833532328
CV-QRC,Global,3,0.10000000000000001,0.00021544346900318823,3.3088581339194159
CV-QRC,Global,3,0.10000000000000001,0.00046415888336127773,3.4130313440144442
CV-QRC,Global,3,0.10000000000000001,0.001,3.5607236909512943
CV-QRC,Global,3,0.10000000000000001,0.0021544346900318821,3.7366827505095279
CV-QRC,Global,3,0.10000000000000001,0.0046415888336127772,3.9212366816303548
CV-QRC,Global,3,0.10000000000000001,0.01,4.1142861704321412
CV-QRC,Global,3,0.10000000000000001,0.021544346900318822,4.3199745211166212
CV-QRC,Global,3,0.10000000000000001,0.046415888336127774,4.5092482649525216
CV-QRC,Global,3,0.10000000000000001,0.10000000000000001,4.6592332748625536
CV-QRC,Global,3,0.10000000000000001,0.21544346900318823,4.7836102623769374
CV-QRC,Global,3,0.10000000000000001,0.46415888336127725,4.9845858529264726
CV-QRC,Global,3,0.10000000000000001,1,4.9077757135694977
CV-QRC,Global,3,0.10000000000000001,2.154434690031882,4.966131308787852
CV-QRC,Global,3,0.10000000000000001,4.6415888336127722,5.163285905489956
CV-QRC,Global,3,0.10000000000000001,10,5.0912127896033779
CV-QRC,Global,3,0.21544346900318823,1.0000000000000001e-05,3.077882791158868
CV-QRC,Global,3,0.21544346900318823,2.1544346900318823e-05,3.1465604537632554
CV-QRC,Global,3,0.21544346900318823,4.6415888336127818e-05,3.1781748534764405
CV-QRC,Global,3,0.21544346900318823,0.0001,3.2122668995716892
CV-QRC,Global,3,0.21544346900318823,0.00021544346900318823,3.2588550211226588
CV-QRC,Global,3,0.21544346900318823,0.00046415888336127773,3.3211710536264021
CV-QRC,Global,3,0.21544346900318823,0.001,3.4171455141280509
CV-QRC,Global,3,0.21544346900318823,0.0021544346900318821,3.571997530111068
CV-QRC,Global,3,0.21544346900318823,0.0046415888336127772,3.7574992287979323
CV-QRC,Global,3,0.21544346900318823,0.01,3.9478121619543263
CV-QRC,Global,3,0.21544346900318823,0.021544346900318822,4.1427647250156481
CV-QRC,Global,3,0.21544346900318823,0.046415888336127774,4.3374112111012026
CV-QRC,Global,3,0.21544346900318823,0.10000000000000001,4.513324092245198
CV-QRC,Global,3,0.21544346900318823,0.21544346900318823,4.6574266052479496
CV-QRC,Global,3,0.21544346900318823,0.46415888336127725,4.7229840326302082
CV-QRC,Global,3,0.21544346900318823,1,4.6963047069889905
CV-QRC,Global,3,0.21544346900318823,2.154434690031882,4.7265081684128925
CV-QRC,Global,3,0.21544346900318823,4.6415888336127722,4.8395768042962075
CV-QRC,Global,3,0.21544346900318823,10,4.8373569391930431
CV-QRC,Global,3,0.46415888336127775,1.0000000000000001e-05,2.9722984993135322
CV-QRC,Global,3,0.46415888336127775,2.1544346900318823e-05,2.9881585708952763
CV-QRC,Global,3,0.46415888336127775,4.6415888336127818e-05,3.0396429566356749
CV-QRC,Global,3,0.46415888336127775,0.0001,3.0997432550391766
CV-QRC,Global,3,0.46415888336127775,0.00021544346900318823,3.1426660476397048
CV-QRC,Global,3,0.46415888336127775,0.00046415888336127773,3.1869416564517294
CV-QRC,Global,3,0.46415888336127775,0.001,3.2512178646748753
CV-QRC,Global,3,0.46415888336127775,0.0021544346900318821,3.3413266959651975
CV-QRC,Global,3,0.46415888336127775,0.0046415888336127772,3.464711690343496
CV-QRC,Global,3,0.46415888336127775,0.01,3.6232718189547914
CV-QRC,Global,3,0.46415888336127775,0.021544346900318822,3.797165913385665
CV-QRC,Global,3,0.46415888336127775,0.046415888336127774,3.9736194023862499
CV-QRC,Global,3,0.46415888336127775,0.10000000000000001,4.1435043793694035
CV-QRC,Global,3,0.46415888336127775,0.21544346900318823,4.2995966237616088
CV-QRC,Global,3,0.46415888336127775,0.46415888336127725,4.3377088642537265
CV-QRC,Global,3,0.46415888336127775,1,4.3077065690333347
CV-QRC,Global,3,0.46415888336127775,2.154434690031882,4.2621749704557343
CV-QRC,Global,3,0.46415888336127775,4.6415888336127722,4.3544871335674404
CV-QRC,Global,3,0.46415888336127775,10,4.4263271183595299
CV-QRC,Global,3,1,1.0000000000000001e-05,2.7503747538449339
CV-QRC,Global,3,1,2.1544346900318823e-05,2.7522918223595472
CV-QRC,Global,3,1,4.6415888336127818e-05,2.7560799658420398
CV-QRC,Global,3,1,0.0001,2.7758458988645134
CV-QRC,Global,3,1,0.00021544346900318823,2.8306288785604767
CV-QRC,Global,3,1,0.00046415888336127773,2.8959334647511015
CV-QRC,Global,3,1,0.001,2.9475826391513018
CV-QRC,Global,3,1,0.0021544346900318821,2.9978493995799251
CV-QRC,Global,3,1,0.0046415888336127772,3.067811404568574
CV-QRC,Global,3,1,0.01,3.1625091338843152
CV-QRC,Global,3,1,0.021544346900318822,3.2804495245288496
CV-QRC,Global,3,1,0.046415888336127774,3.4247555514419759
CV-QRC,Global,3,1,0.10000000000000001,3.5833691023253893
CV-QRC,Global,3,1,0.21544346900318823,3.7330948670056996
CV-QRC,Global,3,1,0.46415888336127725,3.7612463166476213
CV-QRC,Global,3,1,1,3.7514428149891339
CV-QRC,Global,3,1,2.154434690031882,3.5526155432256994
CV-QRC,Global,3,1,4.6415888336127722,3.7514936573822437
CV-QRC,Global,3,1,10,3.9078362351401998
