subpanel,model,encoding,coupling_strength,seed,resource,performance
a,DV-QRC,Local,1.0000000000000001e-05,0,2.9297490885365629e-07,0
a,DV-QRC,Local,1.0000000000000001e-05,1,2.8785009010578926e-07,0
a,DV-QRC,Local,1.0000000000000001e-05,2,2.8605899300202405e-07,0
a,DV-QRC,Local,1.0000000000000001e-05,3,2.8776530311201836e-07,0
a,DV-QRC,Local,1.0000000000000001e-05,4,2.9600445968735446e-07,0
a,DV-QRC,Local,1.0000000000000001e-05,5,2.933319556594397e-07,0
a,DV-QRC,Local,1.0000000000000001e-05,6,2.9025899858104583e-07,0
a,DV-QRC,Local,1.0000000000000001e-05,7,2.8968378161701394e-07,0
a,DV-QRC,Local,1.0000000000000001e-05,8,2.9245178876880424e-07,0
a,DV-QRC,Local,1.0000000000000001e-05,9,2.8451370382256453e-07,0
a,DV-QRC,Local,1.0000000000000001e-05,10,2.8993140086182145e-07,0
a,DV-QRC,Local,1.0000000000000001e-05,11,2.9319865001010974e-07,0
a,DV-QRC,Local,1.0000000000000001e-05,12,2.921614038137482e-07,0
a,DV-QRC,Local,1.0000000000000001e-05,13,2.9133653184905257e-07,0
a,DV-QRC,Local,1.0000000000000001e-05,14,2.9211529895349121e-07,0
a,DV-QRC,Local,1.0000000000000001e-05,15,2.900531926707095e-07,0
a,DV-QRC,Local,1.0000000000000001e-05,16,2.9236200054319181e-07,0
a,DV-QRC,Local,1.0000000000000001e-05,17,2.8651708955299301e-07,0
a,DV-QRC,Local,1.0000000000000001e-05,18,2.9226989307800548e-07,0
a,DV-QRC,Local,1.0000000000000001e-05,19,2.9074838551680402e-07,0
a,DV-QRC,Local,2.1544346900318823e-05,0,2.9290059163815813e-07,0
a,DV-QRC,Local,2.1544346900318823e-05,1,2.919594318090265e-07,0
a,DV-QRC,Local,2.1544346900318823e-05,2,2.9028925932029429e-07,0
a,DV-QRC,Local,2.1544346900318823e-05,3,2.942054489780422e-07,0
a,DV-QRC,Local,2.1544346900318823e-05,4,2.9381645511031558e-07,0
a,DV-QRC,Local,2.1544346900318823e-05,5,2.8707919006743862e-07,0
a,DV-QRC,Local,2.1544346900318823e-05,6,2.9206200830887233e-07,0
a,DV-QRC,Local,2.1544346900318823e-05,7,2.8851292781362836e-07,0
a,DV-QRC,Local,2.1544346900318823e-05,8,2.8939464907784349e-07,0
a,DV-QRC,Local,2.1544346900318823e-05,9,2.8692585206929595e-07,0
a,DV-QRC,Local,2.1544346900318823e-05,10,2.8808753815954596e-07,0
a,DV-QRC,Local,2.1544346900318823e-05,11,2.9152322679333758e-07,0
a,DV-QRC,Local,2.1544346900318823e-05,12,2.8962956143370943e-07,0
a,DV-QRC,Local,2.1544346900318823e-05,13,2.8301808274907865e-07,0
a,DV-QRC,Local,2.1544346900318823e-05,14,2.9219432216823179e-07,0
a,DV-QRC,Local,2.1544346900318823e-05,15,2.9167100075582898e-07,0
a,DV-QRC,Local,2.1544346900318823e-05,16,2.9070451181928381e-07,0
a,DV-QRC,Local,2.1544346900318823e-05,17,2.9587695771596842e-07,0
a,DV-QRC,Local,2.1544346900318823e-05,18,2.949699627798955e-07,0
a,DV-QRC,Local,2.1544346900318823e-05,19,2.8687750155947577e-07,0
a,DV-QRC,Local,4.6415888336127818e-05,0,2.8887233711845181e-07,0
a,DV-QRC,Local,4.6415888336127818e-05,1,2.9044955363737051e-07,0
a,DV-QRC,Local,4.6415888336127818e-05,2,2.8822320632600165e-07,0
a,DV-QRC,Local,4.6415888336127818e-05,3,2.8899646350850939e-07,0.99901708488862184
a,DV-QRC,Local,4.6415888336127818e-05,4,2.9369033776749452e-07,0.99550132891633425
a,DV-QRC,Local,4.6415888336127818e-05,5,2.9414853375397489e-07,0
a,DV-QRC,Local,4.6415888336127818e-05,6,2.8563719807735185e-07,0.99547690502073749
a,DV-QRC,Local,4.6415888336127818e-05,7,2.9093628809093795e-07,0
a,DV-QRC,Local,4.6415888336127818e-05,8,2.9492281437616753e-07,0
a,DV-QRC,Local,4.6415888336127818e-05,9,2.9488288474774892e-07,1.0018552516393737
a,DV-QRC,Local,4.6415888336127818e-05,10,2.9240515875949518e-07,0.98676874975854412
a,DV-QRC,Local,4.6415888336127818e-05,11,2.9213869794778546e-07,0
a,DV-QRC,Local,4.6415888336127818e-05,12,2.904024244545649e-07,0.99925252103947482
a,DV-QRC,Local,4.6415888336127818e-05,13,2.8962808732735084e-07,1.0121029587426471
a,DV-QRC,Local,4.6415888336127818e-05,14,2.9347563332441991e-07,1.0009054209380597
a,DV-QRC,Local,4.6415888336127818e-05,15,2.9078949573847932e-07,0.96558468682387211
a,DV-QRC,Local,4.6415888336127818e-05,16,2.9154223899724328e-07,0.99914232710727846
a,DV-QRC,Local,4.6415888336127818e-05,17,2.9400106611874032e-07,1.0067266931608092
a,DV-QRC,Local,4.6415888336127818e-05,18,2.9841078298979237e-07,1.0006556404533045
a,DV-QRC,Local,4.6415888336127818e-05,19,2.9196317835666733e-07,0
a,DV-QRC,Local,0.0001,0,2.8487984790491248e-07,1.0021734773792261
a,DV-QRC,Local,0.0001,1,2.9820128439578457e-07,0.017642514378258034
a,DV-QRC,Local,0.0001,2,2.9232002306279922e-07,0.9937095182870207
a,DV-QRC,Local,0.0001,3,2.870320424410141e-07,1.9813242018039299
a,DV-QRC,Local,0.0001,4,3.0013668010209925e-07,1.9504941637754594
a,DV-QRC,Local,0.0001,5,2.9328342863965645e-07,1.0018054287831588
a,DV-QRC,Local,0.0001,6,2.8731157935745532e-07,1.9292933693349292
a,DV-QRC,Local,0.0001,7,2.9081848402036591e-07,0.99487176945683897
a,DV-QRC,Local,0.0001,8,2.863426899757148e-07,0
a,DV-QRC,Local,0.0001,9,2.9692381415696029e-07,1.9426609863656825
a,DV-QRC,Local,0.0001,10,2.9671259912346936e-07,1.9282377977112257
a,DV-QRC,Local,0.0001,11,2.9066123490021763e-07,0.014424404538901703
a,DV-QRC,Local,0.0001,12,2.8571272592158288e-07,1.9212954649930054
a,DV-QRC,Local,0.0001,13,2.8872260527275327e-07,2.0042879141066816
a,DV-QRC,Local,0.0001,14,2.8900654963686194e-07,1.9733442926807554
a,DV-QRC,Local,0.0001,15,2.8911414678783803e-07,1.8925888786911065
a,DV-QRC,Local,0.0001,16,2.8812231933506586e-07,1.9532695182875439
a,DV-QRC,Local,0.0001,17,2.8491638359187761e-07,1.9395420021795799
a,DV-QRC,Local,0.0001,18,2.9029962918703279e-07,1.9522826599822012
a,DV-QRC,Local,0.0001,19,2.9823705750898604e-07,0
a,DV-QRC,Local,0.00021544346900318823,0,2.9062092050938565e-07,1.9609168189421022
a,DV-QRC,Local,0.00021544346900318823,1,2.8931893373596167e-07,0.99981221259025665
a,DV-QRC,Local,0.00021544346900318823,2,2.9109183664094336e-07,1.967220937108727
a,DV-QRC,Local,0.00021544346900318823,3,2.8731576403095862e-07,2.9487736850690531
a,DV-QRC,Local,0.00021544346900318823,4,2.9473356087850138e-07,2.7998770097020969
a,DV-QRC,Local,0.00021544346900318823,5,2.8747084046133141e-07,2.558043542223869
a,DV-QRC,Local,0.00021544346900318823,6,2.8781785626803304e-07,2.9471619475781852
a,DV-QRC,Local,0.00021544346900318823,7,2.9358364158238448e-07,2.665731991001004
a,DV-QRC,Local,0.00021544346900318823,8,2.8324882464763871e-07,0.96506317983564371
a,DV-QRC,Local,0.00021544346900318823,9,2.8790258357658414e-07,2.9555976001067323
a,DV-QRC,Local,0.00021544346900318823,10,2.8894827633124239e-07,2.7844225247873458
a,DV-QRC,Local,0.00021544346900318823,11,2.9493575493647293e-07,1.4838805536066952
a,DV-QRC,Local,0.00021544346900318823,12,2.9562122706121523e-07,2.8000622143466845
a,DV-QRC,Local,0.00021544346900318823,13,2.8720896825801535e-07,2.9490422653771837
a,DV-QRC,Local,0.00021544346900318823,14,2.9066180254268857e-07,2.9609906166157667
a,DV-QRC,Local,0.00021544346900318823,15,2.8837412187434341e-07,2.7485974405736657
a,DV-QRC,Local,0.00021544346900318823,16,2.945908081720674e-07,2.881515901071571
a,DV-QRC,Local,0.00021544346900318823,17,2.9348508607278075e-07,2.9298774026033572
a,DV-QRC,Local,0.00021544346900318823,18,2.8957930007021387e-07,2.9697291641396713
a,DV-QRC,Local,0.00021544346900318823,19,2.854629235653058e-07,1.0680806612082216
a,DV-QRC,Local,0.00046415888336127773,0,2.878707861864681e-07,2.9264852470842033
a,DV-QRC,Local,0.00046415888336127773,1,2.9430213114031729e-07,2.9200133163778386
a,DV-QRC,Local,0.00046415888336127773,2,2.8866581802568148e-07,2.8365261470962371
a,DV-QRC,Local,0.00046415888336127773,3,2.8987511275712977e-07,2.9553822834681052
a,DV-QRC,Local,0.00046415888336127773,4,2.9322205400364538e-07,2.9634174401062641
a,DV-QRC,Local,0.00046415888336127773,5,2.8993480601979206e-07,2.6008233642250369
a,DV-QRC,Local,0.00046415888336127773,6,2.8813651178324288e-07,2.9534432872668139
a,DV-QRC,Local,0.00046415888336127773,7,2.8876647609053055e-07,2.736148384358343
a,DV-QRC,Local,0.00046415888336127773,8,2.9357138964680252e-07,1.8801898878113681
a,DV-QRC,Local,0.00046415888336127773,9,2.9004639882462547e-07,2.9664469690838633
a,DV-QRC,Local,0.00046415888336127773,10,2.9136794362359513e-07,2.9264587091415164
a,DV-QRC,Local,0.00046415888336127773,11,2.9056838717709517e-07,1.8460808115843217
a,DV-QRC,Local,0.00046415888336127773,12,2.927274450573841e-07,2.8032314943275631
a,DV-QRC,Local,0.00046415888336127773,13,2.8609725009475972e-07,2.9665663625165815
a,DV-QRC,Local,0.00046415888336127773,14,2.8877635092424499e-07,2.9709780078727341
a,DV-QRC,Local,0.00046415888336127773,15,2.8921512642877268e-07,2.8932166216545969
a,DV-QRC,Local,0.00046415888336127773,16,2.8612817012578891e-07,2.9463703450837357
a,DV-QRC,Local,0.00046415888336127773,17,2.9231384529354491e-07,2.9342497912095045
a,DV-QRC,Local,0.00046415888336127773,18,2.9055647262183568e-07,2.9856208922580647
a,DV-QRC,Local,0.00046415888336127773,19,2.9113078559314189e-07,2.4735980745820094
a,DV-QRC,Local,0.001,0,2.8795145230059585e-07,2.9494008780380696
a,DV-QRC,Local,0.001,1,2.8825962867871161e-07,2.9504044376422502
a,DV-QRC,Local,0.001,2,2.8502381827253166e-07,2.954384709277118
a,DV-QRC,Local,0.001,3,2.9125652929135692e-07,2.9611457661831517
a,DV-QRC,Local,0.001,4,2.882332127913771e-07,2.9667696126250078
a,DV-QRC,Local,0.001,5,2.9430328521197226e-07,2.6737376144295792
a,DV-QRC,Local,0.001,6,2.9365864313944994e-07,2.9782546348865395
a,DV-QRC,Local,0.001,7,2.8790299581933634e-07,2.8165142185975798
a,DV-QRC,Local,0.001,8,2.980563693997254e-07,2.821159566379825
a,DV-QRC,Local,0.001,9,2.9183172019075063e-07,2.9677216089367677
a,DV-QRC,Local,0.001,10,2.9414331870370839e-07,2.9397739798812026
a,DV-QRC,Local,0.001,11,2.9132731148029917e-07,2.5482266169854766
a,DV-QRC,Local,0.001,12,2.9082963573411701e-07,2.8050451788390554
a,DV-QRC,Local,0.001,13,2.866781749498202e-07,2.9682647889353864
a,DV-QRC,Local,0.001,14,2.9026064812274897e-07,2.971941904271886
a,DV-QRC,Local,0.001,15,2.8571997056723921e-07,2.9066196991330999
a,DV-QRC,Local,0.001,16,2.930359513183232e-07,2.9661440810027941
a,DV-QRC,Local,0.001,17,2.8835407335490687e-07,2.9422150049029692
a,DV-QRC,Local,0.001,18,2.8474738466452164e-07,2.9952695815713666
a,DV-QRC,Local,0.001,19,2.8954358917849237e-07,2.7444169169671531
a,DV-QRC,Local,0.0021544346900318821,0,2.87046650133246e-07,2.949503391922673
a,DV-QRC,Local,0.0021544346900318821,1,2.8359601669252786e-07,2.9503547747700498
a,DV-QRC,Local,0.0021544346900318821,2,2.8942151444535292e-07,2.9536062977590793
a,DV-QRC,Local,0.0021544346900318821,3,2.8715836766671058e-07,2.9633743145227447
a,DV-QRC,Local,0.0021544346900318821,4,2.9169115126849021e-07,2.9666594237642232
a,DV-QRC,Local,0.0021544346900318821,5,2.9300751474063882e-07,2.7068400957423964
a,DV-QRC,Local,0.0021544346900318821,6,2.8998922920385386e-07,2.9788067545093941
a,DV-QRC,Local,0.0021544346900318821,7,2.8611769917538457e-07,2.8159235812464933
a,DV-QRC,Local,0.0021544346900318821,8,2.9506815019810811e-07,2.8198817984950715
a,DV-QRC,Local,0.0021544346900318821,9,2.8787327337181248e-07,2.9673161262066809
a,DV-QRC,Local,0.0021544346900318821,10,2.9542240008586516e-07,2.9401817604120581
a,DV-QRC,Local,0.0021544346900318821,11,2.8867210010052873e-07,2.5353437088493287
a,DV-QRC,Local,0.0021544346900318821,12,2.8889643330562667e-07,2.8070091650280555
a,DV-QRC,Local,0.0021544346900318821,13,2.9020986939605482e-07,2.9677108807135868
a,DV-QRC,Local,0.0021544346900318821,14,2.914673072535695e-07,2.9721925581147284
a,DV-QRC,Local,0.0021544346900318821,15,2.8758669889622882e-07,2.9124090859900922
a,DV-QRC,Local,0.0021544346900318821,16,2.8605409923469006e-07,2.9660044306991598
a,DV-QRC,Local,0.0021544346900318821,17,2.8948878108159114e-07,2.9453463639940347
a,DV-QRC,Local,0.0021544346900318821,18,2.9510311985971703e-07,2.9959758047969527
a,DV-QRC,Local,0.0021544346900318821,19,2.8900459712241538e-07,2.7360196037653606
a,DV-QRC,Local,0.0046415888336127772,0,2.9033791246462207e-07,2.9487507912012934
a,DV-QRC,Local,0.0046415888336127772,1,2.9033881363764214e-07,2.9507116909941251
a,DV-QRC,Local,0.0046415888336127772,2,2.8477097151604927e-07,2.9544579943297471
a,DV-QRC,Local,0.0046415888336127772,3,2.8322991086506715e-07,2.9676559875702866
a,DV-QRC,Local,0.0046415888336127772,4,2.8570926054939298e-07,2.9656233770023417
a,DV-QRC,Local,0.0046415888336127772,5,2.9113553933207198e-07,2.7867272895871316
a,DV-QRC,Local,0.0046415888336127772,6,2.903820373636879e-07,2.9792487484479722
a,DV-QRC,Local,0.0046415888336127772,7,2.9114565560042674e-07,2.8109318689153966
a,DV-QRC,Local,0.0046415888336127772,8,2.8618337622264288e-07,2.8288733310189209
a,DV-QRC,Local,0.0046415888336127772,9,2.8422301644638215e-07,2.968005813638384
a,DV-QRC,Local,0.0046415888336127772,10,2.9012421423429291e-07,2.940000737107439
a,DV-QRC,Local,0.0046415888336127772,11,2.9047872331280764e-07,2.5263268076453307
a,DV-QRC,Local,0.0046415888336127772,12,2.9598724850903563e-07,2.8105530322274372
a,DV-QRC,Local,0.0046415888336127772,13,2.947991973095319e-07,2.9687980079286103
a,DV-QRC,Local,0.0046415888336127772,14,2.8883799818766695e-07,2.9724406071577003
a,DV-QRC,Local,0.0046415888336127772,15,2.8314156623942418e-07,2.9216858530349388
a,DV-QRC,Local,0.0046415888336127772,16,2.8183102649583937e-07,2.9664590619329916
a,DV-QRC,Local,0.0046415888336127772,17,2.8973236267708974e-07,2.9514574866198071
a,DV-QRC,Local,0.0046415888336127772,18,2.9172165725920076e-07,2.9973905717998641
a,DV-QRC,Local,0.0046415888336127772,19,2.8995809014503056e-07,2.7354110312869557
a,DV-QRC,Local,0.01,0,2.9555732881957286e-07,2.9478635147906393
a,DV-QRC,Local,0.01,1,2.9241284357633604e-07,2.9525380027035721
a,DV-QRC,Local,0.01,2,2.9167741480080196e-07,2.9526694065879711
a,DV-QRC,Local,0.01,3,2.9091728339778918e-07,2.9721124194041533
a,DV-QRC,Local,0.01,4,2.884675674299399e-07,2.9640854181527758
a,DV-QRC,Local,0.01,5,2.8909245154257156e-07,2.8957640788538415
a,DV-QRC,Local,0.01,6,2.8833587860864143e-07,2.9820065478183828
a,DV-QRC,Local,0.01,7,2.9125981413032961e-07,2.8081450858096542
a,DV-QRC,Local,0.01,8,2.9553281846000232e-07,2.8356177010830792
a,DV-QRC,Local,0.01,9,2.8696180402131082e-07,2.9705601952525367
a,DV-QRC,Local,0.01,10,2.8925875624912994e-07,2.9508172766131593
a,DV-QRC,Local,0.01,11,2.9298346746364344e-07,2.4961486223527127
a,DV-QRC,Local,0.01,12,2.7851005927885757e-07,2.8176109024815466
a,DV-QRC,Local,0.01,13,2.8324918750117935e-07,2.9705076398311885
a,DV-QRC,Local,0.01,14,2.9371868048897342e-07,2.9726936966712598
a,DV-QRC,Local,0.01,15,2.8839402443948134e-07,2.9382279776638258
a,DV-QRC,Local,0.01,16,2.8888122228573102e-07,2.9692539309591277
a,DV-QRC,Local,0.01,17,2.9173984922330983e-07,2.9613452857963427
a,DV-QRC,Local,0.01,18,2.9403654127514955e-07,3.0023246916767858
a,DV-QRC,Local,0.01,19,2.9240174951198673e-07,2.7290439143036593
a,DV-QRC,Local,0.021544346900318822,0,2.9375187577680795e-07,2.9456499525494686
a,DV-QRC,Local,0.021544346900318822,1,2.8519881841567389e-07,2.9662651282198005
a,DV-QRC,Local,0.021544346900318822,2,2.8362744286795163e-07,2.9650001281429272
a,DV-QRC,Local,0.021544346900318822,3,2.9791396824442787e-07,2.9758569155146866
a,DV-QRC,Local,0.021544346900318822,4,2.8811745535511988e-07,2.9600961273468656
a,DV-QRC,Local,0.021544346900318822,5,2.8597597286319775e-07,2.9577976665630761
a,DV-QRC,Local,0.021544346900318822,6,2.9307785009523087e-07,2.9869237458067133
a,DV-QRC,Local,0.021544346900318822,7,2.9686162486233003e-07,2.8335008306750158
a,DV-QRC,Local,0.021544346900318822,8,2.9128276747016303e-07,2.873443089131996
a,DV-QRC,Local,0.021544346900318822,9,2.9555894520911811e-07,2.9808888307439139
a,DV-QRC,Local,0.021544346900318822,10,2.9603246536809604e-07,2.9531582629409696
a,DV-QRC,Local,0.021544346900318822,11,2.9085644037075876e-07,2.4714480575687583
a,DV-QRC,Local,0.021544346900318822,12,2.9251066047923772e-07,2.8394899603906039
a,DV-QRC,Local,0.021544346900318822,13,2.9254697921111392e-07,2.979517251310261
a,DV-QRC,Local,0.021544346900318822,14,2.9013140008940201e-07,2.9730747016071133
a,DV-QRC,Local,0.021544346900318822,15,2.9017971775517884e-07,2.9568023265557626
a,DV-QRC,Local,0.021544346900318822,16,2.9318497434810463e-07,2.984167532756822
a,DV-QRC,Local,0.021544346900318822,17,2.8318978075752034e-07,2.9762250160801624
a,DV-QRC,Local,0.021544346900318822,18,2.9669656818782076e-07,3.0091662370878218
a,DV-QRC,Local,0.021544346900318822,19,2.9326611203616472e-07,2.7663290006618713
a,DV-QRC,Local,0.046415888336127774,0,0.00039854245927908145,2.9662367652103345
a,DV-QRC,Local,0.046415888336127774,1,0.00022080698425349442,3.0405136091474132
a,DV-QRC,Local,0.046415888336127774,2,6.3801351381116608e-05,3.0524729287160457
a,DV-QRC,Local,0.046415888336127774,3,0.0007059351237728317,2.9900923392070382
a,DV-QRC,Local,0.046415888336127774,4,0.00023583372376612141,2.9543554583504363
a,DV-QRC,Local,0.046415888336127774,5,0.00031496601774480142,2.9774249679342577
a,DV-QRC,Local,0.046415888336127774,6,0.00045362721885746867,2.9999845916472063
a,DV-QRC,Local,0.046415888336127774,7,0.00014021086545841079,2.8951969443055932
a,DV-QRC,Local,0.046415888336127774,8,0.00072437184180632064,3.1514705702278558
a,DV-QRC,Local,0.046415888336127774,9,0.00053260058015430615,3.0266718541801745
a,DV-QRC,Local,0.046415888336127774,10,0.00043592427299431175,3.0254995630942707
a,DV-QRC,Local,0.046415888336127774,11,0.00054914301732453697,2.4607886966679748
a,DV-QRC,Local,0.046415888336127774,12,0.0003246790378632475,2.8837801461789301
a,DV-QRC,Local,0.046415888336127774,13,0.00055644143738504146,3.0657535024064044
a,DV-QRC,Local,0.046415888336127774,14,0.00049846951345236122,2.9906994527104738
a,DV-QRC,Local,0.046415888336127774,15,0.00050579917646615107,3.0584333896957236
a,DV-QRC,Local,0.046415888336127774,16,0.00024874417936968899,3.1169040509918036
a,DV-QRC,Local,0.046415888336127774,17,0.00043696580670671531,2.9917444320564206
a,DV-QRC,Local,0.046415888336127774,18,0.00059651958336646982,3.0252563933854892
a,DV-QRC,Local,0.046415888336127774,19,0.00025109382291527637,2.9091897225842844
a,DV-QRC,Local,0.10000000000000001,0,0.0042141236441207899,3.116788907587642
a,DV-QRC,Local,0.10000000000000001,1,0.0036732762704541799,3.3265007593764397
a,DV-QRC,Local,0.10000000000000001,2,0.003106445412890165,3.4639900730119919
a,DV-QRC,Local,0.10000000000000001,3,0.0057450576150306649,3.1782592607193196
a,DV-QRC,Local,0.10000000000000001,4,0.0049879035602294021,3.0090075496604838
a,DV-QRC,Local,0.10000000000000001,5,0.0044955209806237404,3.1695006132286441
a,DV-QRC,Local,0.10000000000000001,6,0.0051207914020038013,3.1078090045222586
a,DV-QRC,Local,0.10000000000000001,7,0.003708888960093745,2.9766033399176877
a,DV-QRC,Local,0.10000000000000001,8,0.0057889281845523791,3.5310849105519959
a,DV-QRC,Local,0.10000000000000001,9,0.0053878542990023334,3.1977422795833279
a,DV-QRC,Local,0.10000000000000001,10,0.0042148707707356133,3.3481070257286056
a,DV-QRC,Local,0.10000000000000001,11,0.0051981037856154502,2.6174738305920453
a,DV-QRC,Local,0.10000000000000001,12,0.0055793530274032147,3.0508143905200562
a,DV-QRC,Local,0.10000000000000001,13,0.0059636596228165532,3.550386765596687
a,DV-QRC,Local,0.10000000000000001,14,0.0053397609646044933,3.2139437043670869
a,DV-QRC,Local,0.10000000000000001,15,0.0052072133644388259,3.5684917072712246
a,DV-QRC,Local,0.10000000000000001,16,0.0042212998473289487,3.6666635188734151
a,DV-QRC,Local,0.10000000000000001,17,0.0048780587747136468,3.0802101002121942
a,DV-QRC,Local,0.10000000000000001,18,0.0061389090399709802,3.2123601280203689
a,DV-QRC,Local,0.10000000000000001,19,0.0045025571037825207,3.4215830509532519
a,DV-QRC,Local,0.21544346900318823,0,0.014744164592965231,3.6666135462499998
a,DV-QRC,Local,0.21544346900318823,1,0.013582904596429376,3.8332628986296147
a,DV-QRC,Local,0.21544346900318823,2,0.01248911075906301,3.8556752600166888
a,DV-QRC,Local,0.21544346900318823,3,0.018345946537887601,3.7774591794764829
a,DV-QRC,Local,0.21544346900318823,4,0.017361371531964452,3.3441654464502024
a,DV-QRC,Local,0.21544346900318823,5,0.015590399302149284,3.7491492289931081
a,DV-QRC,Local,0.21544346900318823,6,0.017386173839265398,3.7123119899636476
a,DV-QRC,Local,0.21544346900318823,7,0.014216437029373816,3.280068511792952
a,DV-QRC,Local,0.21544346900318823,8,0.018397179881021943,3.6226027748907876
a,DV-QRC,Local,0.21544346900318823,9,0.017865444596944561,3.7932468331201439
a,DV-QRC,Local,0.21544346900318823,10,0.014552354399579897,3.7973595948406085
a,DV-QRC,Local,0.21544346900318823,11,0.017053063843019328,2.9780889678278806
a,DV-QRC,Local,0.21544346900318823,12,0.018494849708730981,3.6428691422850648
a,DV-QRC,Local,0.21544346900318823,13,0.019168315084120795,3.856997610949302
a,DV-QRC,Local,0.21544346900318823,14,0.017453117575113797,3.6677807688201631
a,DV-QRC,Local,0.21544346900318823,15,0.01673065482212938,3.8371923792431315
a,DV-QRC,Local,0.21544346900318823,16,0.015296833451489385,3.9493166699578133
a,DV-QRC,Local,0.21544346900318823,17,0.01656583603949581,3.6004052668001694
a,DV-QRC,Local,0.21544346900318823,18,0.019407922007027633,3.8473989196088105
a,DV-QRC,Local,0.21544346900318823,19,0.015747464618010125,3.569220509468932
a,DV-QRC,Local,0.46415888336127725,0,0.03795798709330428,3.9184021637744975
a,DV-QRC,Local,0.46415888336127725,1,0.035041958215731847,3.9962258546104232
a,DV-QRC,Local,0.46415888336127725,2,0.033123592199344049,3.9443861952459338
a,DV-QRC,Local,0.46415888336127725,3,0.044864743697522198,3.9603689067447396
a,DV-QRC,Local,0.46415888336127725,4,0.043864046947048783,3.8460302385724496
a,DV-QRC,Local,0.46415888336127725,5,0.039142963347086161,3.9251284877133803
a,DV-QRC,Local,0.46415888336127725,6,0.043767992139999455,4.0013555162880685
a,DV-QRC,Local,0.46415888336127725,7,0.036813965571207682,3.7788135512164676
a,DV-QRC,Local,0.46415888336127725,8,0.045294312641204738,3.6083247818917137
a,DV-QRC,Local,0.46415888336127725,9,0.044186637192161912,3.9244680661249811
a,DV-QRC,Local,0.46415888336127725,10,0.036498369440670579,3.9447235085177881
a,DV-QRC,Local,0.46415888336127725,11,0.042406850950272176,3.117505497747735
a,DV-QRC,Local,0.46415888336127725,12,0.045921727599651324,3.9275075055266635
a,DV-QRC,Local,0.46415888336127725,13,0.047127856502410817,3.973659707129535
a,DV-QRC,Local,0.46415888336127725,14,0.043053174536184804,3.8232953714457798
a,DV-QRC,Local,0.46415888336127725,15,0.040756106782934981,3.9162818338485912
a,DV-QRC,Local,0.46415888336127725,16,0.038807459109000873,3.9693396080874734
a,DV-QRC,Local,0.46415888336127725,17,0.041154092500848026,3.9534747154490821
a,DV-QRC,Local,0.46415888336127725,18,0.048147973340402106,3.9752854248077214
a,DV-QRC,Local,0.46415888336127725,19,0.039659493984800023,3.7113283608149468
a,DV-QRC,Local,1,0,0.084353042476283419,3.935577407970726
a,DV-QRC,Local,1,1,0.076995203732740589,4.2370868125723495
a,DV-QRC,Local,1,2,0.074585327127002499,4.0377907053682698
a,DV-QRC,Local,1,3,0.096081369098592634,4.0326769078586526
a,DV-QRC,Local,1,4,0.097062773017297904,3.9957732743606291
a,DV-QRC,Local,1,5,0.084562271925037319,4.0019612541331231
a,DV-QRC,Local,1,6,0.0961305931439492,4.1409210658779241
a,DV-QRC,Local,1,7,0.082865228321378229,3.8121919156747515
a,DV-QRC,Local,1,8,0.09801301302648481,3.6391001646526613
a,DV-QRC,Local,1,9,0.095419850451364252,4.110705538440433
a,DV-QRC,Local,1,10,0.079429662928508268,4.2237098248478713
a,DV-QRC,Local,1,11,0.091328500682066702,3.5221758523018236
a,DV-QRC,Local,1,12,0.10008661895901168,4.0209911633416437
a,DV-QRC,Local,1,13,0.10254905664389508,4.1144000600311061
a,DV-QRC,Local,1,14,0.092888092179798792,3.9599752500724561
a,DV-QRC,Local,1,15,0.085255743148033969,4.1462523982047141
a,DV-QRC,Local,1,16,0.084922591913276543,3.9874244451356073
a,DV-QRC,Local,1,17,0.089316534365886713,4.0412828139799561
a,DV-QRC,Local,1,18,0.10500370866853004,4.0813316211786086
a,DV-QRC,Local,1,19,0.087020741220831449,3.860702169131609
a,DV-QRC,Local,2.154434690031882,0,0.15784883454924586,4.0541812848305847
a,DV-QRC,Local,2.154434690031882,1,0.14540544474872832,4.7854697386686595
a,DV-QRC,Local,2.154434690031882,2,0.14580666035403164,4.1867597238226786
a,DV-QRC,Local,2.154434690031882,3,0.1705575484848027,4.276697430733428
a,DV-QRC,Local,2.154434690031882,4,0.18333920986178356,4.0102658439566552
a,DV-QRC,Local,2.154434690031882,5,0.15303418923376733,4.1064190236530385
a,DV-QRC,Local,2.154434690031882,6,0.17743511723597824,4.0661527193572331
a,DV-QRC,Local,2.154434690031882,7,0.1631287076985849,4.0305162034898014
a,DV-QRC,Local,2.154434690031882,8,0.17651640815789196,4.1493878061306644
a,DV-QRC,Local,2.154434690031882,9,0.17465771190827109,4.1042972584344568
a,DV-QRC,Local,2.154434690031882,10,0.14910837856336429,4.2682879503413265
a,DV-QRC,Local,2.154434690031882,11,0.16485872856783432,4.0889221143463779
a,DV-QRC,Local,2.154434690031882,12,0.18530266918925287,4.1353301433061063
a,DV-QRC,Local,2.154434690031882,13,0.18674201286739886,4.3392491283052177
a,DV-QRC,Local,2.154434690031882,14,0.16903229823937227,4.0220992236232123
a,DV-QRC,Local,2.154434690031882,15,0.14751322249990356,4.3078831831364113
a,DV-QRC,Local,2.154434690031882,16,0.15934729286857047,3.9931918878296657
a,DV-QRC,Local,2.154434690031882,17,0.16562409863790931,4.2302385477383453
a,DV-QRC,Local,2.154434690031882,18,0.18902471214429664,4.0699924087192567
a,DV-QRC,Local,2.154434690031882,19,0.1631000206252213,4.0500688340863693
a,DV-QRC,Local,4.6415888336127722,0,0.18948660738948889,3.9073592086218456
a,DV-QRC,Local,4.6415888336127722,1,0.20101463526685667,3.8309012201679771
a,DV-QRC,Local,4.6415888336127722,2,0.21293438229975281,4.2789838044578676
a,DV-QRC,Local,4.6415888336127722,3,0.19004555489355476,3.2886418186456279
a,DV-QRC,Local,4.6415888336127722,4,0.22577405292973882,3.5620503316572161
a,DV-QRC,Local,4.6415888336127722,5,0.18890787448512458,3.6072051368896094
a,DV-QRC,Local,4.6415888336127722,6,0.20952855001886347,3.2719000147199946
a,DV-QRC,Local,4.6415888336127722,7,0.23361842345910222,4.1360875272174935
a,DV-QRC,Local,4.6415888336127722,8,0.19509174229743526,3.7671202577517788
a,DV-QRC,Local,4.6415888336127722,9,0.21727858517389878,3.6340105600901893
a,DV-QRC,Local,4.6415888336127722,10,0.2059647194924796,3.9972003884062115
a,DV-QRC,Local,4.6415888336127722,11,0.1955525081013281,3.8627099338457667
a,DV-QRC,Local,4.6415888336127722,12,0.22164671611565553,3.8347078719242678
a,DV-QRC,Local,4.6415888336127722,13,0.21156536182522351,3.7484034358893918
a,DV-QRC,Local,4.6415888336127722,14,0.20346114978197624,3.8015922713428925
a,DV-QRC,Local,4.6415888336127722,15,0.17347907476226318,3.6821370232632842
a,DV-QRC,Local,4.6415888336127722,16,0.21012518299223548,3.9518560472447506
a,DV-QRC,Local,4.6415888336127722,17,0.210306907058493,4.1166739168332303
a,DV-QRC,Local,4.6415888336127722,18,0.20720207518352018,3.7817693922581261
a,DV-QRC,Local,4.6415888336127722,19,0.21134854417235846,3.7794900569344314
a,DV-QRC,Local,10,0,0.10438595656272327,3.0141776431718665
a,DV-QRC,Local,10,1,0.1358180545235306,3.1825203893595324
a,DV-QRC,Local,10,2,0.14699808782560467,3.7117565882465713
a,DV-QRC,Local,10,3,0.10158384660639339,3.2861755950482037
a,DV-QRC,Local,10,4,0.12088556855987577,3.0515624515772775
a,DV-QRC,Local,10,5,0.11839003424879488,2.9267314805083564
a,DV-QRC,Local,10,6,0.11520378286285365,3.1534239234862995
a,DV-QRC,Local,10,7,0.16042209695717652,3.5802441717288618
a,DV-QRC,Local,10,8,0.097639220168591945,2.8815379220959372
a,DV-QRC,Local,10,9,0.12634043505531739,2.9833011310920599
a,DV-QRC,Local,10,10,0.14269599859231669,3.5596412587522441
a,DV-QRC,Local,10,11,0.099755305330731639,3.2197419083212244
a,DV-QRC,Local,10,12,0.10880700895805756,3.1070264729433714
a,DV-QRC,Local,10,13,0.10856321234335924,3.1225544968415369
a,DV-QRC,Local,10,14,0.11115079176192683,3.3286595300341699
a,DV-QRC,Local,10,15,0.089974023393566263,2.7846501179525123
a,DV-QRC,Local,10,16,0.12572635827832446,2.9796333599387146
a,DV-QRC,Local,10,17,0.11860325672104027,3.3658785260495114
a,DV-QRC,Local,10,18,0.10919274846593957,3.1102320784562769
a,DV-QRC,Local,10,19,0.1274819256897376,3.1391608374529216
a,DV-QRC,Clustered,1.0000000000000001e-05,0,3.12488282858497e-08,0
a,DV-QRC,Clustered,1.0000000000000001e-05,1,2.1084249774094687e-08,0
a,DV-QRC,Clustered,1.0000000000000001e-05,2,2.5060198100931028e-08,0.022373653429684004
a,DV-QRC,Clustered,1.0000000000000001e-05,3,3.2432249619905105e-08,0.092473350402195287
a,DV-QRC,Clustered,1.0000000000000001e-05,4,3.2865778885425814e-08,0.018100300523287594
a,DV-QRC,Clustered,1.0000000000000001e-05,5,3.0504125147606678e-08,0
a,DV-QRC,Clustered,1.0000000000000001e-05,6,2.8375606406505741e-08,0
a,DV-QRC,Clustered,1.0000000000000001e-05,7,3.0881459698043162e-08,0
a,DV-QRC,Clustered,1.0000000000000001e-05,8,2.9925585569881778e-08,0.082857242257288521
a,DV-QRC,Clustered,1.0000000000000001e-05,9,1.7488191598094165e-08,0.092131998102641721
a,DV-QRC,Clustered,1.0000000000000001e-05,10,3.0558474796533723e-08,0
a,DV-QRC,Clustered,1.0000000000000001e-05,11,2.5793532809129029e-08,0
a,DV-QRC,Clustered,1.0000000000000001e-05,12,3.0439709022811169e-08,0
a,DV-QRC,Clustered,1.0000000000000001e-05,13,3.0913839577988548e-08,0.01679614451611755
a,DV-QRC,Clustered,1.0000000000000001e-05,14,3.0329745216103055e-08,0
a,DV-QRC,Clustered,1.0000000000000001e-05,15,2.7027232443735189e-08,0
a,DV-QRC,Clustered,1.0000000000000001e-05,16,2.0741480773956967e-08,0
a,DV-QRC,Clustered,1.0000000000000001e-05,17,2.7931865669712031e-08,0
a,DV-QRC,Clustered,1.0000000000000001e-05,18,3.130847972976409e-08,0
a,DV-QRC,Clustered,1.0000000000000001e-05,19,2.1158061292432804e-08,0
a,DV-QRC,Clustered,2.1544346900318823e-05,0,3.1263261670229921e-08,0
a,DV-QRC,Clustered,2.1544346900318823e-05,1,2.1030317136049236e-08,0
a,DV-QRC,Clustered,2.1544346900318823e-05,2,2.570252038831052e-08,0.14766080197844711
a,DV-QRC,Clustered,2.1544346900318823e-05,3,3.154936972774072e-08,0.34541363513958379
a,DV-QRC,Clustered,2.1544346900318823e-05,4,3.2254308898843389e-08,0.10798878405041279
a,DV-QRC,Clustered,2.1544346900318823e-05,5,3.0573671802785803e-08,0
a,DV-QRC,Clustered,2.1544346900318823e-05,6,2.7892070784819554e-08,0
a,DV-QRC,Clustered,2.1544346900318823e-05,7,3.1276076168153529e-08,0
a,DV-QRC,Clustered,2.1544346900318823e-05,8,2.978489056059118e-08,0.31660820329716743
a,DV-QRC,Clustered,2.1544346900318823e-05,9,1.7353664241561091e-08,0.30478995252703733
a,DV-QRC,Clustered,2.1544346900318823e-05,10,3.0619870322769664e-08,0
a,DV-QRC,Clustered,2.1544346900318823e-05,11,2.6419054907499434e-08,0
a,DV-QRC,Clustered,2.1544346900318823e-05,12,3.0075415199704938e-08,0
a,DV-QRC,Clustered,2.1544346900318823e-05,13,3.1084965355203368e-08,0.08358990580821446
a,DV-QRC,Clustered,2.1544346900318823e-05,14,3.1472513182045195e-08,0
a,DV-QRC,Clustered,2.1544346900318823e-05,15,2.6810004531706895e-08,0
a,DV-QRC,Clustered,2.1544346900318823e-05,16,2.1150326069841091e-08,0
a,DV-QRC,Clustered,2.1544346900318823e-05,17,2.8095213895161763e-08,0
a,DV-QRC,Clustered,2.1544346900318823e-05,18,3.0990940261726931e-08,0
a,DV-QRC,Clustered,2.1544346900318823e-05,19,2.0478003737870442e-08,0
a,DV-QRC,Clustered,4.6415888336127818e-05,0,3.1077662823697494e-08,0.031632381286250455
a,DV-QRC,Clustered,4.6415888336127818e-05,1,2.0897831724731659e-08,0
a,DV-QRC,Clustered,4.6415888336127818e-05,2,2.4724950455637451e-08,0.52243929542990108
a,DV-QRC,Clustered,4.6415888336127818e-05,3,3.1577862502534988e-08,0.95651986112848886
a,DV-QRC,Clustered,4.6415888336127818e-05,4,3.2440309490815836e-08,0.39418563451306998
a,DV-QRC,Clustered,4.6415888336127818e-05,5,3.0211889172969588e-08,0
a,DV-QRC,Clustered,4.6415888336127818e-05,6,2.8842950611833364e-08,0
a,DV-QRC,Clustered,4.6415888336127818e-05,7,3.0719493860451399e-08,0
a,DV-QRC,Clustered,4.6415888336127818e-05,8,2.9418354123471433e-08,0.92434952715707897
a,DV-QRC,Clustered,4.6415888336127818e-05,9,1.746046393523076e-08,0.79840953213863086
a,DV-QRC,Clustered,4.6415888336127818e-05,10,3.0152866117704925e-08,0
a,DV-QRC,Clustered,4.6415888336127818e-05,11,2.6119591571270281e-08,0
a,DV-QRC,Clustered,4.6415888336127818e-05,12,2.9895356585498963e-08,0
a,DV-QRC,Clustered,4.6415888336127818e-05,13,3.1527542003224366e-08,0.27959134629741544
a,DV-QRC,Clustered,4.6415888336127818e-05,14,3.1254065804618283e-08,0
a,DV-QRC,Clustered,4.6415888336127818e-05,15,2.6682119037713558e-08,0
a,DV-QRC,Clustered,4.6415888336127818e-05,16,2.1649008797978196e-08,0
a,DV-QRC,Clustered,4.6415888336127818e-05,17,2.717263445686384e-08,0
a,DV-QRC,Clustered,4.6415888336127818e-05,18,3.134962869110747e-08,0
a,DV-QRC,Clustered,4.6415888336127818e-05,19,2.0290888251260949e-08,0
a,DV-QRC,Clustered,0.0001,0,3.1882521416260251e-08,0.20093225425937655
a,DV-QRC,Clustered,0.0001,1,2.173059887611798e-08,0.048991110949640593
a,DV-QRC,Clustered,0.0001,2,2.4478524835365949e-08,1.2054257270534579
a,DV-QRC,Clustered,0.0001,3,3.2009659843837318e-08,1.5970006394457141
a,DV-QRC,Clustered,0.0001,4,3.2516193954491891e-08,1.0252456186843306
a,DV-QRC,Clustered,0.0001,5,3.0786854969384715e-08,0.010325770852032901
a,DV-QRC,Clustered,0.0001,6,2.8226910363498528e-08,0
a,DV-QRC,Clustered,0.0001,7,3.1008824876324584e-08,0.010261757604972388
a,DV-QRC,Clustered,0.0001,8,3.0760972827207656e-08,1.6055337815890351
a,DV-QRC,Clustered,0.0001,9,1.7861333224670189e-08,1.3419950043827336
a,DV-QRC,Clustered,0.0001,10,3.0025163836605146e-08,0
a,DV-QRC,Clustered,0.0001,11,2.6314336278908787e-08,0
a,DV-QRC,Clustered,0.0001,12,3.0763385127179856e-08,0
a,DV-QRC,Clustered,0.0001,13,3.1765219648682283e-08,0.81032159474353171
a,DV-QRC,Clustered,0.0001,14,3.1093483774445451e-08,0
a,DV-QRC,Clustered,0.0001,15,2.6784537928424296e-08,0.034997221128042488
a,DV-QRC,Clustered,0.0001,16,2.2006110861234878e-08,0
a,DV-QRC,Clustered,0.0001,17,2.7899837676836565e-08,0
a,DV-QRC,Clustered,0.0001,18,3.1540163216114625e-08,0
a,DV-QRC,Clustered,0.0001,19,2.0917789600494354e-08,0
a,DV-QRC,Clustered,0.00021544346900318823,0,3.1052258439204843e-08,0.67871547010149169
a,DV-QRC,Clustered,0.00021544346900318823,1,2.0859512123080276e-08,0.16925226679829242
a,DV-QRC,Clustered,0.00021544346900318823,2,2.4367704839169006e-08,1.7258248636452529
a,DV-QRC,Clustered,0.00021544346900318823,3,3.1684363633423296e-08,2.0509825128616481
a,DV-QRC,Clustered,0.00021544346900318823,4,3.2861939244839e-08,1.6391444836334301
a,DV-QRC,Clustered,0.00021544346900318823,5,3.0734449296147253e-08,0.045510765998629021
a,DV-QRC,Clustered,0.00021544346900318823,6,2.7916461280711921e-08,0
a,DV-QRC,Clustered,0.00021544346900318823,7,3.0831597847215968e-08,0.059059978079098574
a,DV-QRC,Clustered,0.00021544346900318823,8,2.9819329934722225e-08,1.9981532252536711
a,DV-QRC,Clustered,0.00021544346900318823,9,1.7771743559583654e-08,1.7012232713033428
a,DV-QRC,Clustered,0.00021544346900318823,10,3.0634463222019512e-08,0
a,DV-QRC,Clustered,0.00021544346900318823,11,2.6422011083287023e-08,0.023660291127385658
a,DV-QRC,Clustered,0.00021544346900318823,12,3.0146817344410376e-08,0.015774972434926759
a,DV-QRC,Clustered,0.00021544346900318823,13,3.1558526753356244e-08,1.4893403366069013
a,DV-QRC,Clustered,0.00021544346900318823,14,3.1174101827636443e-08,0
a,DV-QRC,Clustered,0.00021544346900318823,15,2.7213232274230316e-08,0.1615200213378073
a,DV-QRC,Clustered,0.00021544346900318823,16,2.1406760003134016e-08,0.04094189176050067
a,DV-QRC,Clustered,0.00021544346900318823,17,2.8305104075074867e-08,0
a,DV-QRC,Clustered,0.00021544346900318823,18,3.1411452763824475e-08,0
a,DV-QRC,Clustered,0.00021544346900318823,19,2.0706456362560899e-08,0.046242443497241381
a,DV-QRC,Clustered,0.00046415888336127773,0,3.1090720295280775e-08,1.529901462137718
a,DV-QRC,Clustered,0.00046415888336127773,1,2.150915664381823e-08,0.54438046016223018
a,DV-QRC,Clustered,0.00046415888336127773,2,2.5614767943626301e-08,2.0207157516948482
a,DV-QRC,Clustered,0.00046415888336127773,3,3.1721576558632723e-08,2.4703261605986979
a,DV-QRC,Clustered,0.00046415888336127773,4,3.2726489005135725e-08,2.133308313792083
a,DV-QRC,Clustered,0.00046415888336127773,5,2.9927992997933269e-08,0.18058779481516174
a,DV-QRC,Clustered,0.00046415888336127773,6,2.8289833618892693e-08,0.016252198171777699
a,DV-QRC,Clustered,0.00046415888336127773,7,3.1034102977943687e-08,0.21149150622944002
a,DV-QRC,Clustered,0.00046415888336127773,8,2.9185525449515089e-08,2.4431225501216201
a,DV-QRC,Clustered,0.00046415888336127773,9,1.752303666213106e-08,2.0662642251658263
a,DV-QRC,Clustered,0.00046415888336127773,10,3.0876306133050542e-08,0.015128124554934619
a,DV-QRC,Clustered,0.00046415888336127773,11,2.5884216568512607e-08,0.17391524503111888
a,DV-QRC,Clustered,0.00046415888336127773,12,3.0456917161868508e-08,0.11269394347415018
a,DV-QRC,Clustered,0.00046415888336127773,13,3.1697032854527382e-08,1.9065046792007796
a,DV-QRC,Clustered,0.00046415888336127773,14,3.1080157183872349e-08,0.012834177157003968
a,DV-QRC,Clustered,0.00046415888336127773,15,2.7656880658509518e-08,0.55586690193228427
a,DV-QRC,Clustered,0.00046415888336127773,16,2.0887122811850398e-08,0.1740935970441434
a,DV-QRC,Clustered,0.00046415888336127773,17,2.7569417464695699e-08,0.010901436364023409
a,DV-QRC,Clustered,0.00046415888336127773,18,3.1801361671398635e-08,0.063339196385942431
a,DV-QRC,Clustered,0.00046415888336127773,19,2.079447364128194e-08,0.16789039445611698
a,DV-QRC,Clustered,0.001,0,3.1310627422992225e-08,2.3789673413183077
a,DV-QRC,Clustered,0.001,1,2.0401611337372877e-08,1.1643957173958319
a,DV-QRC,Clustered,0.001,2,2.512754983886758e-08,2.2377626738851522
a,DV-QRC,Clustered,0.001,3,3.1520870234117498e-08,2.4681644207868079
a,DV-QRC,Clustered,0.001,4,3.2781163475926945e-08,2.6246343487952393
a,DV-QRC,Clustered,0.001,5,3.0852057231835034e-08,0.52873837006070801
a,DV-QRC,Clustered,0.001,6,2.8228214587988956e-08,0.078040890514347594
a,DV-QRC,Clustered,0.001,7,3.080245767824369e-08,0.67993491702594921
a,DV-QRC,Clustered,0.001,8,2.9850605612024864e-08,2.884775866109754
a,DV-QRC,Clustered,0.001,9,1.7768869564868627e-08,2.5232662878461083
a,DV-QRC,Clustered,0.001,10,3.1626752870133471e-08,0.067929156815573877
a,DV-QRC,Clustered,0.001,11,2.5694821440467382e-08,0.59397678029724477
a,DV-QRC,Clustered,0.001,12,2.9905799152705616e-08,0.41733821394084869
a,DV-QRC,Clustered,0.001,13,3.1929710519468209e-08,2.1041175112037052
a,DV-QRC,Clustered,0.001,14,3.1994835860461847e-08,0.098210430183893305
a,DV-QRC,Clustered,0.001,15,2.6696291341513099e-08,1.2532402282106865
a,DV-QRC,Clustered,0.001,16,2.1551364083643288e-08,0.5320348470744406
a,DV-QRC,Clustered,0.001,17,2.8604363583627944e-08,0.033353125096793002
a,DV-QRC,Clustered,0.001,18,3.1843392305800912e-08,0.27661947477415127
a,DV-QRC,Clustered,0.001,19,2.0954050816015619e-08,0.58559611937381539
a,DV-QRC,Clustered,0.0021544346900318821,0,3.1645432157950444e-08,3.0550109213245582
a,DV-QRC,Clustered,0.0021544346900318821,1,2.135993985181747e-08,1.5991225103776134
a,DV-QRC,Clustered,0.0021544346900318821,2,2.5188484563564854e-08,2.4685757027895026
a,DV-QRC,Clustered,0.0021544346900318821,3,3.0990343389053147e-08,2.5122303066345415
a,DV-QRC,Clustered,0.0021544346900318821,4,3.220762186988057e-08,3.0599394629698975
a,DV-QRC,Clustered,0.0021544346900318821,5,3.0794846949886321e-08,1.0791307447269136
a,DV-QRC,Clustered,0.0021544346900318821,6,2.7694158868332031e-08,0.25420323657604271
a,DV-QRC,Clustered,0.0021544346900318821,7,3.1128477029043167e-08,1.3876652829035967
a,DV-QRC,Clustered,0.0021544346900318821,8,3.0278970757602633e-08,3.1655444467788136
a,DV-QRC,Clustered,0.0021544346900318821,9,1.7500870932787354e-08,3.0946219919497064
a,DV-QRC,Clustered,0.0021544346900318821,10,3.0831932656786574e-08,0.24749608298242265
a,DV-QRC,Clustered,0.0021544346900318821,11,2.5801931091999041e-08,1.3648919863408764
a,DV-QRC,Clustered,0.0021544346900318821,12,2.9880629709938976e-08,1.0592474319362735
a,DV-QRC,Clustered,0.0021544346900318821,13,3.1565629742302925e-08,2.2881170147318346
a,DV-QRC,Clustered,0.0021544346900318821,14,3.1258076334758907e-08,0.38522793252721088
a,DV-QRC,Clustered,0.0021544346900318821,15,2.666354612343564e-08,1.8860425937253251
a,DV-QRC,Clustered,0.0021544346900318821,16,2.2117437273766596e-08,1.0910393867965884
a,DV-QRC,Clustered,0.0021544346900318821,17,2.8078610877854154e-08,0.19154807114287387
a,DV-QRC,Clustered,0.0021544346900318821,18,3.1322643619044716e-08,0.87829246325151988
a,DV-QRC,Clustered,0.0021544346900318821,19,2.1204175892651186e-08,1.3130302310281285
a,DV-QRC,Clustered,0.0046415888336127772,0,3.1569449714977596e-08,3.6055172658434014
a,DV-QRC,Clustered,0.0046415888336127772,1,2.1358390209755788e-08,1.8900034310745788
a,DV-QRC,Clustered,0.0046415888336127772,2,2.4873874020253059e-08,2.8005006356302511
a,DV-QRC,Clustered,0.0046415888336127772,3,3.1737530283755937e-08,2.8131212807811656
a,DV-QRC,Clustered,0.0046415888336127772,4,3.2738314404314977e-08,3.4271315320433211
a,DV-QRC,Clustered,0.0046415888336127772,5,3.0087052117362364e-08,1.5759876979645058
a,DV-QRC,Clustered,0.0046415888336127772,6,2.9347231128818629e-08,0.67066876029202027
a,DV-QRC,Clustered,0.0046415888336127772,7,3.1175923825959078e-08,1.8981052679722119
a,DV-QRC,Clustered,0.0046415888336127772,8,2.9902981443226226e-08,3.3337194430365966
a,DV-QRC,Clustered,0.0046415888336127772,9,1.7469974668254903e-08,3.5328485894730948
a,DV-QRC,Clustered,0.0046415888336127772,10,3.0606799818942889e-08,0.73853518323919909
a,DV-QRC,Clustered,0.0046415888336127772,11,2.5600495331906595e-08,2.089632553486763
a,DV-QRC,Clustered,0.0046415888336127772,12,2.9962880213111541e-08,1.6642615450067928
a,DV-QRC,Clustered,0.0046415888336127772,13,3.1505831544252206e-08,2.5689037386743871
a,DV-QRC,Clustered,0.0046415888336127772,14,3.0948207029950116e-08,1.068655926668086
a,DV-QRC,Clustered,0.0046415888336127772,15,2.6607484659402659e-08,2.5342450340908713
a,DV-QRC,Clustered,0.0046415888336127772,16,2.1460789715485817e-08,1.6802390669057887
a,DV-QRC,Clustered,0.0046415888336127772,17,2.8171047852995483e-08,0.59905085459292973
a,DV-QRC,Clustered,0.0046415888336127772,18,3.111573278235189e-08,1.7630592545347834
a,DV-QRC,Clustered,0.0046415888336127772,19,2.1145809565773276e-08,1.9703873755082786
a,DV-QRC,Clustered,0.01,0,3.2588470008678406e-08,3.9221935607184788
a,DV-QRC,Clustered,0.01,1,2.0798138165656788e-08,2.195017025969995
a,DV-QRC,Clustered,0.01,2,2.4644832436363647e-08,3.2144720569153047
a,DV-QRC,Clustered,0.01,3,3.080452103247116e-08,3.2694131767397607
a,DV-QRC,Clustered,0.01,4,3.3334528858196811e-08,3.6312181549783977
a,DV-QRC,Clustered,0.01,5,3.0392459952925197e-08,2.0474981785387856
a,DV-QRC,Clustered,0.01,6,2.9322522756123022e-08,1.3042869252092339
a,DV-QRC,Clustered,0.01,7,3.1191738735073927e-08,2.2629024155980844
a,DV-QRC,Clustered,0.01,8,3.0631652931144259e-08,3.4634457517302621
a,DV-QRC,Clustered,0.01,9,1.8830512832218068e-08,3.714681411821549
a,DV-QRC,Clustered,0.01,10,3.2084100827576663e-08,1.5724189831871067
a,DV-QRC,Clustered,0.01,11,2.6273915948055057e-08,2.6691851467925733
a,DV-QRC,Clustered,0.01,12,2.955930371203372e-08,2.0645336439826956
a,DV-QRC,Clustered,0.01,13,3.1978795683092158e-08,3.0248106740191121
a,DV-QRC,Clustered,0.01,14,3.059141336178529e-08,1.8511473427716321
a,DV-QRC,Clustered,0.01,15,2.6777626234942187e-08,3.3100196707635217
a,DV-QRC,Clustered,0.01,16,2.220861411036606e-08,2.2822165314677023
a,DV-QRC,Clustered,0.01,17,2.7834685697622552e-08,1.4173061614359956
a,DV-QRC,Clustered,0.01,18,3.1905329288532095e-08,2.5685939813381182
a,DV-QRC,Clustered,0.01,19,2.1225878627528841e-08,2.5804808645371855
a,DV-QRC,Clustered,0.021544346900318822,0,3.4721305698370339e-08,4.1576257159680381
a,DV-QRC,Clustered,0.021544346900318822,1,2.1788560651099975e-08,2.4024717278769918
a,DV-QRC,Clustered,0.021544346900318822,2,2.4514203920087536e-08,3.4840637486057293
a,DV-QRC,Clustered,0.021544346900318822,3,3.0898415133751895e-08,3.590737961860984
a,DV-QRC,Clustered,0.021544346900318822,4,3.5360284951963698e-08,3.7830072739354175
a,DV-QRC,Clustered,0.021544346900318822,5,3.0593817028010943e-08,2.3777549534419551
a,DV-QRC,Clustered,0.021544346900318822,6,3.1147105096987117e-08,1.8406364395189847
a,DV-QRC,Clustered,0.021544346900318822,7,3.2740803402938386e-08,2.6835491099875601
a,DV-QRC,Clustered,0.021544346900318822,8,3.1395984489854638e-08,3.6093701950502268
a,DV-QRC,Clustered,0.021544346900318822,9,2.0169670674827717e-08,3.780122316435337
a,DV-QRC,Clustered,0.021544346900318822,10,3.314490845985878e-08,2.3364196340970151
a,DV-QRC,Clustered,0.021544346900318822,11,2.7807549137569465e-08,3.061513216127091
a,DV-QRC,Clustered,0.021544346900318822,12,3.1123196117899862e-08,2.452291038349343
a,DV-QRC,Clustered,0.021544346900318822,13,3.3414479132239109e-08,3.4381297975380791
a,DV-QRC,Clustered,0.021544346900318822,14,3.1007903269451472e-08,2.3535792760532659
a,DV-QRC,Clustered,0.021544346900318822,15,2.7232246477848212e-08,3.8023306433825286
a,DV-QRC,Clustered,0.021544346900318822,16,2.2515271345076333e-08,2.7018845804820435
a,DV-QRC,Clustered,0.021544346900318822,17,2.8933137654331409e-08,2.2511580841131931
a,DV-QRC,Clustered,0.021544346900318822,18,3.3911008843160433e-08,3.1700323728165056
a,DV-QRC,Clustered,0.021544346900318822,19,2.2885072024685875e-08,3.1126595941727238
a,DV-QRC,Clustered,0.046415888336127774,0,4.3376835634950094e-08,4.1763967867373051
a,DV-QRC,Clustered,0.046415888336127774,1,2.5837872535376603e-08,2.4768820753730729
a,DV-QRC,Clustered,0.046415888336127774,2,2.6794704990730543e-08,3.6101085781165101
a,DV-QRC,Clustered,0.046415888336127774,3,3.527384941625714e-08,3.7863978009501982
a,DV-QRC,Clustered,0.046415888336127774,4,4.2106841318909705e-08,3.9435390634347245
a,DV-QRC,Clustered,0.046415888336127774,5,3.4541157083044141e-08,2.4349383014355923
a,DV-QRC,Clustered,0.046415888336127774,6,3.8768232518860879e-08,2.1255956973854335
a,DV-QRC,Clustered,0.046415888336127774,7,4.0347849626097261e-08,2.9705163680466256
a,DV-QRC,Clustered,0.046415888336127774,8,3.8666098498728177e-08,3.6875235410310263
a,DV-QRC,Clustered,0.046415888336127774,9,2.768862087164552e-08,3.9007308522360646
a,DV-QRC,Clustered,0.046415888336127774,10,3.9782514483794273e-08,2.7595851502458189
a,DV-QRC,Clustered,0.046415888336127774,11,3.5035757614930113e-08,3.1964540256872667
a,DV-QRC,Clustered,0.046415888336127774,12,3.5883172385664933e-08,2.806330540733545
a,DV-QRC,Clustered,0.046415888336127774,13,4.1012813907163698e-08,3.6793507263641003
a,DV-QRC,Clustered,0.046415888336127774,14,3.4306756683969059e-08,2.7035400514262129
a,DV-QRC,Clustered,0.046415888336127774,15,3.0119909422853116e-08,3.942171911922558
a,DV-QRC,Clustered,0.046415888336127774,16,2.798744453832599e-08,2.9488451510438303
a,DV-QRC,Clustered,0.046415888336127774,17,3.356258330759616e-08,2.7332831506024373
a,DV-QRC,Clustered,0.046415888336127774,18,4.3719955954612503e-08,3.6269831237346324
a,DV-QRC,Clustered,0.046415888336127774,19,2.8367472762184109e-08,3.4554186375881057
a,DV-QRC,Clustered,0.10000000000000001,0,0.00060574731169673354,4.0093250530464726
a,DV-QRC,Clustered,0.10000000000000001,1,1.5232997465081632e-05,2.5714206357082814
a,DV-QRC,Clustered,0.10000000000000001,2,3.447147130931098e-07,3.7238368294671425
a,DV-QRC,Clustered,0.10000000000000001,3,9.3565879645390602e-05,3.8757671718542221
a,DV-QRC,Clustered,0.10000000000000001,4,0.00011628310170030853,4.0600412886142987
a,DV-QRC,Clustered,0.10000000000000001,5,9.7067884737680539e-06,2.5547836105250097
a,DV-QRC,Clustered,0.10000000000000001,6,8.2554944531350654e-06,2.3058728604525713
a,DV-QRC,Clustered,0.10000000000000001,7,0.00014520442174631066,3.0258832057938196
a,DV-QRC,Clustered,0.10000000000000001,8,0.00020619351387237556,3.6585073391133616
a,DV-QRC,Clustered,0.10000000000000001,9,0.00013875000129322899,3.9673577461799119
a,DV-QRC,Clustered,0.10000000000000001,10,0.00016747841795254544,3.5147375265978082
a,DV-QRC,Clustered,0.10000000000000001,11,0.00024515804296555233,3.2269046452394043
a,DV-QRC,Clustered,0.10000000000000001,12,0.00020388216913907269,3.0800181655283811
a,DV-QRC,Clustered,0.10000000000000001,13,0.0003196641976213443,3.7679686133739985
a,DV-QRC,Clustered,0.10000000000000001,14,3.9747272694024643e-06,2.9598532309065835
a,DV-QRC,Clustered,0.10000000000000001,15,4.7181825445636591e-06,3.9844871513701836
a,DV-QRC,Clustered,0.10000000000000001,16,0.00014573590484111417,3.2379500094963602
a,DV-QRC,Clustered,0.10000000000000001,17,3.1894020764469859e-05,2.9526727497571996
a,DV-QRC,Clustered,0.10000000000000001,18,0.00039157920321587108,3.833598842408434
a,DV-QRC,Clustered,0.10000000000000001,19,0.00016232946182774289,3.5891432630086415
a,DV-QRC,Clustered,0.21544346900318823,0,0.011104948917408758,3.9110280877733032
a,DV-QRC,Clustered,0.21544346900318823,1,0.0063695002766517789,2.9246280965535494
a,DV-QRC,Clustered,0.21544346900318823,2,0.0038432510977809572,3.9109152646049168
a,DV-QRC,Clustered,0.21544346900318823,3,0.0062403335021593096,3.5713742149275816
a,DV-QRC,Clustered,0.21544346900318823,4,0.0085026619177269603,4.1365762999660323
a,DV-QRC,Clustered,0.21544346900318823,5,0.0048472351438024336,2.7041327712364973
a,DV-QRC,Clustered,0.21544346900318823,6,0.0068576822768010928,2.5976956629845098
a,DV-QRC,Clustered,0.21544346900318823,7,0.0080987963796755706,3.2394554982573411
a,DV-QRC,Clustered,0.21544346900318823,8,0.0081869945442603898,3.8460510678599489
a,DV-QRC,Clustered,0.21544346900318823,9,0.010804391914387999,4.092592493720689
a,DV-QRC,Clustered,0.21544346900318823,10,0.0084633178613354159,3.6938117370823189
a,DV-QRC,Clustered,0.21544346900318823,11,0.010690676734739963,3.236843389519068
a,DV-QRC,Clustered,0.21544346900318823,12,0.0086361274797089986,3.2326143163547254
a,DV-QRC,Clustered,0.21544346900318823,13,0.0093096949029787771,3.7702698321325991
a,DV-QRC,Clustered,0.21544346900318823,14,0.0050549025901805962,3.1740595613109255
a,DV-QRC,Clustered,0.21544346900318823,15,0.0062831404240868347,4.0167932987948678
a,DV-QRC,Clustered,0.21544346900318823,16,0.0087360946169279009,3.3934700433376372
a,DV-QRC,Clustered,0.21544346900318823,17,0.0062525553894070942,2.7039441782215743
a,DV-QRC,Clustered,0.21544346900318823,18,0.012580671559873946,3.9084409464308001
a,DV-QRC,Clustered,0.21544346900318823,19,0.0093304000296500073,3.570449232969461
a,DV-QRC,Clustered,0.46415888336127725,0,0.040217602391575062,3.9545071186356817
a,DV-QRC,Clustered,0.46415888336127725,1,0.027770681557294553,3.4532526424199981
a,DV-QRC,Clustered,0.46415888336127725,2,0.021313572578361327,4.0382114309197528
a,DV-QRC,Clustered,0.46415888336127725,3,0.027383037527819943,3.673122465633333
a,DV-QRC,Clustered,0.46415888336127725,4,0.035310699113803586,4.1000919823714064
a,DV-QRC,Clustered,0.46415888336127725,5,0.025599999527596774,2.8827144682053407
a,DV-QRC,Clustered,0.46415888336127725,6,0.034265118153747082,3.0260763797271784
a,DV-QRC,Clustered,0.46415888336127725,7,0.034232659884230472,4.0140450951784388
a,DV-QRC,Clustered,0.46415888336127725,8,0.031810163708643195,3.9919781017722671
a,DV-QRC,Clustered,0.46415888336127725,9,0.040894371216381231,4.1862414402236876
a,DV-QRC,Clustered,0.46415888336127725,10,0.034588267540618493,4.3110485593123151
a,DV-QRC,Clustered,0.46415888336127725,11,0.040969780369877154,3.3515955231948147
a,DV-QRC,Clustered,0.46415888336127725,12,0.032512993959368394,3.4077654347196136
a,DV-QRC,Clustered,0.46415888336127725,13,0.035301735791440976,3.3504558355049707
a,DV-QRC,Clustered,0.46415888336127725,14,0.025248721224372304,3.2311464440943327
a,DV-QRC,Clustered,0.46415888336127725,15,0.029352146968199724,4.0285944348909721
a,DV-QRC,Clustered,0.46415888336127725,16,0.034496770291563193,3.6699538915361112
a,DV-QRC,Clustered,0.46415888336127725,17,0.02842449525189512,3.1958019439063063
a,DV-QRC,Clustered,0.46415888336127725,18,0.045188796598260694,3.9650467024759246
a,DV-QRC,Clustered,0.46415888336127725,19,0.03694112991614372,3.4898699937179036
a,DV-QRC,Clustered,1,0,0.097123520229757829,4.1664855730800747
a,DV-QRC,Clustered,1,1,0.071188792627277814,3.3073724617607545
a,DV-QRC,Clustered,1,2,0.05491938821530646,3.8070826615283946
a,DV-QRC,Clustered,1,3,0.064811326231530825,3.6688753826883866
a,DV-QRC,Clustered,1,4,0.086023598017502256,4.2490003745475331
a,DV-QRC,Clustered,1,5,0.065051035174233038,3.3244637243482238
a,DV-QRC,Clustered,1,6,0.093347950632323456,3.615851643342153
a,DV-QRC,Clustered,1,7,0.086523945284687154,4.3629537875152833
a,DV-QRC,Clustered,1,8,0.080240976023062363,4.4754295516747735
a,DV-QRC,Clustered,1,9,0.099788719414027893,4.1630227196111091
a,DV-QRC,Clustered,1,10,0.090261748607574827,4.8091285107698152
a,DV-QRC,Clustered,1,11,0.097979540536659249,3.4322775901940874
a,DV-QRC,Clustered,1,12,0.073768296906780023,3.6196907443496928
a,DV-QRC,Clustered,1,13,0.085941674773975754,3.9846679954993607
a,DV-QRC,Clustered,1,14,0.064319046237564209,3.5012661053718674
a,DV-QRC,Clustered,1,15,0.071974633988253475,3.9916848511135248
a,DV-QRC,Clustered,1,16,0.083233913244373167,4.1125833348838992
a,DV-QRC,Clustered,1,17,0.072699391841104827,3.3958403822468179
a,DV-QRC,Clustered,1,18,0.10852929734314389,4.2496223665266237
a,DV-QRC,Clustered,1,19,0.091639970940842655,3.382748464842583
a,DV-QRC,Clustered,2.154434690031882,0,0.14984499032057241,4.1204096290964003
a,DV-QRC,Clustered,2.154434690031882,1,0.12970009176646485,3.940724351796002
a,DV-QRC,Clustered,2.154434690031882,2,0.10376773760341952,3.9339153296022724
a,DV-QRC,Clustered,2.154434690031882,3,0.11865059667636979,3.9108983253241045
a,DV-QRC,Clustered,2.154434690031882,4,0.15297030853591068,4.2280488103379321
a,DV-QRC,Clustered,2.154434690031882,5,0.12299711348193841,3.5306504525735134
a,DV-QRC,Clustered,2.154434690031882,6,0.18636465028877447,3.5997943790131486
a,DV-QRC,Clustered,2.154434690031882,7,0.14990712678019688,4.4713700913993959
a,DV-QRC,Clustered,2.154434690031882,8,0.14066521942001914,5.0108746253054957
a,DV-QRC,Clustered,2.154434690031882,9,0.17130321320253497,4.1833017211179389
a,DV-QRC,Clustered,2.154434690031882,10,0.15778553869253428,4.2313294730816216
a,DV-QRC,Clustered,2.154434690031882,11,0.16643154720480186,4.0553203030335165
a,DV-QRC,Clustered,2.154434690031882,12,0.1259112755189889,3.676546141721678
a,DV-QRC,Clustered,2.154434690031882,13,0.14747153542128072,4.4149867336248434
a,DV-QRC,Clustered,2.154434690031882,14,0.11885684761596117,3.8683512683453571
a,DV-QRC,Clustered,2.154434690031882,15,0.12810080220210043,4.0959955520515594
a,DV-QRC,Clustered,2.154434690031882,16,0.13570057271209085,4.5559016468557045
a,DV-QRC,Clustered,2.154434690031882,17,0.13832657730109646,3.4858417522376079
a,DV-QRC,Clustered,2.154434690031882,18,0.17531704350983815,4.3709624372115812
a,DV-QRC,Clustered,2.154434690031882,19,0.15692664288412894,3.8763690380049214
a,DV-QRC,Clustered,4.6415888336127722,0,0.099868492417136037,3.7096763415658378
a,DV-QRC,Clustered,4.6415888336127722,1,0.13699471446244166,3.0606381511309166
a,DV-QRC,Clustered,4.6415888336127722,2,0.1277027300449004,4.2303306986278919
a,DV-QRC,Clustered,4.6415888336127722,3,0.11885412392160165,3.7809883057518365
a,DV-QRC,Clustered,4.6415888336127722,4,0.14787424278978792,4.1870965972452439
a,DV-QRC,Clustered,4.6415888336127722,5,0.15326316409464955,3.8564747465103713
a,DV-QRC,Clustered,4.6415888336127722,6,0.18061660472030824,4.1781819258197901
a,DV-QRC,Clustered,4.6415888336127722,7,0.12322807567227888,4.4635636898220232
a,DV-QRC,Clustered,4.6415888336127722,8,0.10956155729188286,3.5738044892624021
a,DV-QRC,Clustered,4.6415888336127722,9,0.1543005951851672,3.3652859067389338
a,DV-QRC,Clustered,4.6415888336127722,10,0.11323166362090464,4.0148054566748153
a,DV-QRC,Clustered,4.6415888336127722,11,0.13206041653731512,4.1043711965705141
a,DV-QRC,Clustered,4.6415888336127722,12,0.12746604836575398,3.6382987737931707
a,DV-QRC,Clustered,4.6415888336127722,13,0.12540718981056911,4.2151421075967042
a,DV-QRC,Clustered,4.6415888336127722,14,0.12555121970523817,3.8676711122622471
a,DV-QRC,Clustered,4.6415888336127722,15,0.13167455971514008,4.278252489533271
a,DV-QRC,Clustered,4.6415888336127722,16,0.11380064186306167,4.0727221512850988
a,DV-QRC,Clustered,4.6415888336127722,17,0.1565187973461499,3.7283078490501129
a,DV-QRC,Clustered,4.6415888336127722,18,0.12714237425527286,4.2789463751753436
a,DV-QRC,Clustered,4.6415888336127722,19,0.13328351471947927,4.0762949015991055
a,DV-QRC,Clustered,10,0,0.038879294633859258,3.3950250003204996
a,DV-QRC,Clustered,10,1,0.061325206294376357,2.7515644936152772
a,DV-QRC,Clustered,10,2,0.051905446410820011,3.3983166031569043
a,DV-QRC,Clustered,10,3,0.032717473352064388,3.225893326496907
a,DV-QRC,Clustered,10,4,0.047446666699322078,3.5660978332036817
a,DV-QRC,Clustered,10,5,0.065882686416866232,3.3672784308476018
a,DV-QRC,Clustered,10,6,0.068528905343190519,3.9845003818583198
a,DV-QRC,Clustered,10,7,0.050575572732110427,3.0088562106197827
a,DV-QRC,Clustered,10,8,0.043499576155418641,2.9582050523693546
a,DV-QRC,Clustered,10,9,0.056651231600333543,3.4928749452232402
a,DV-QRC,Clustered,10,10,0.042629057413089685,3.5693517342642149
a,DV-QRC,Clustered,10,11,0.035792925325726373,3.3692633453073801
a,DV-QRC,Clustered,10,12,0.043412728858238117,3.0369742462872189
a,DV-QRC,Clustered,10,13,0.053207122377723771,3.8082643697001277
a,DV-QRC,Clustered,10,14,0.052846667278531025,3.3500541213775694
a,DV-QRC,Clustered,10,15,0.045989880760044538,3.2968702415577926
a,DV-QRC,Clustered,10,16,0.042767208630717514,2.9135932870063104
a,DV-QRC,Clustered,10,17,0.055373563633464663,2.7378577121802774
a,DV-QRC,Clustered,10,18,0.03699291732740715,3.3309479899274708
a,DV-QRC,Clustered,10,19,0.04178498447190173,2.5628056321140562
a,DV-QRC,Global,1.0000000000000001e-05,0,5.1632714820504623e-10,2.969501611370597
a,DV-QRC,Global,1.0000000000000001e-05,1,5.910551930619873e-10,2.9833177192177791
a,DV-QRC,Global,1.0000000000000001e-05,2,6.0100404997436385e-10,2.9774556186702452
a,DV-QRC,Global,1.0000000000000001e-05,3,5.1471999191687135e-10,2.9948432130978668
a,DV-QRC,Global,1.0000000000000001e-05,4,5.2932010338018136e-10,2.9951807721440105
a,DV-QRC,Global,1.0000000000000001e-05,5,6.3801598765100988e-10,3.0162832370306112
a,DV-QRC,Global,1.0000000000000001e-05,6,4.6112247687254001e-10,3.0123148645863829
a,DV-QRC,Global,1.0000000000000001e-05,7,5.5140794339201332e-10,3.0190124495221697
a,DV-QRC,Global,1.0000000000000001e-05,8,4.8079622798740628e-10,3.0125417213737502
a,DV-QRC,Global,1.0000000000000001e-05,9,5.5721456932055423e-10,2.9654202327635435
a,DV-QRC,Global,1.0000000000000001e-05,10,1.044137759319859e-09,2.7784302733207609
a,DV-QRC,Global,1.0000000000000001e-05,11,5.5106443042523767e-10,2.991088486780018
a,DV-QRC,Global,1.0000000000000001e-05,12,5.7854032764048609e-10,2.9812115324295485
a,DV-QRC,Global,1.0000000000000001e-05,13,5.78447049128799e-10,2.9724580925272561
a,DV-QRC,Global,1.0000000000000001e-05,14,6.6385830213049786e-10,2.9795177839834999
a,DV-QRC,Global,1.0000000000000001e-05,15,9.5039288276736797e-10,2.9103206525661318
a,DV-QRC,Global,1.0000000000000001e-05,16,5.5883026803415666e-10,2.9856969895627912
a,DV-QRC,Global,1.0000000000000001e-05,17,6.0858249663033445e-10,2.9994727808725479
a,DV-QRC,Global,1.0000000000000001e-05,18,4.6782273905984301e-10,3.0284867708518886
a,DV-QRC,Global,1.0000000000000001e-05,19,4.9490075691079184e-10,3.0393087030992012
a,DV-QRC,Global,2.1544346900318823e-05,0,5.63002974660683e-10,2.9695190898598165
a,DV-QRC,Global,2.1544346900318823e-05,1,5.874005983251631e-10,2.9833182797592199
a,DV-QRC,Global,2.1544346900318823e-05,2,6.4685447304784318e-10,2.9774550706682925
a,DV-QRC,Global,2.1544346900318823e-05,3,4.7931750359056893e-10,2.9948299713286533
a,DV-QRC,Global,2.1544346900318823e-05,4,5.2234249254096112e-10,2.9952163223917863
a,DV-QRC,Global,2.1544346900318823e-05,5,6.0214094144475128e-10,3.0162871792230357
a,DV-QRC,Global,2.1544346900318823e-05,6,4.5547980066011619e-10,3.0123151981527694
a,DV-QRC,Global,2.1544346900318823e-05,7,5.2150238866073783e-10,3.0190666636164778
a,DV-QRC,Global,2.1544346900318823e-05,8,4.6899759886852858e-10,3.0125421931643648
a,DV-QRC,Global,2.1544346900318823e-05,9,6.049604023525827e-10,2.9654238916224682
a,DV-QRC,Global,2.1544346900318823e-05,10,1.0059644275707186e-09,3.0340120928504644
a,DV-QRC,Global,2.1544346900318823e-05,11,5.2683756297616762e-10,2.9911584465868781
a,DV-QRC,Global,2.1544346900318823e-05,12,5.7332925306262597e-10,2.9812138956296059
a,DV-QRC,Global,2.1544346900318823e-05,13,5.8844368480696537e-10,2.9724255180782171
a,DV-QRC,Global,2.1544346900318823e-05,14,6.2023038683079088e-10,2.9795168546207655
a,DV-QRC,Global,2.1544346900318823e-05,15,9.5126216921343792e-10,3.013306804795707
a,DV-QRC,Global,2.1544346900318823e-05,16,5.8050267336770851e-10,2.9856805943766949
a,DV-QRC,Global,2.1544346900318823e-05,17,6.576104823991035e-10,2.9994740105779698
a,DV-QRC,Global,2.1544346900318823e-05,18,4.4856444207963104e-10,3.0284877401787318
a,DV-QRC,Global,2.1544346900318823e-05,19,4.6849216927965219e-10,3.0393065946652547
a,DV-QRC,Global,4.6415888336127818e-05,0,5.4405987960653082e-10,2.969937917641468
a,DV-QRC,Global,4.6415888336127818e-05,1,5.5395705157508538e-10,2.9833195118543498
a,DV-QRC,Global,4.6415888336127818e-05,2,6.5783722664861213e-10,2.977454911015367
a,DV-QRC,Global,4.6415888336127818e-05,3,4.965083957618058e-10,2.9948046221120483
a,DV-QRC,Global,4.6415888336127818e-05,4,5.1970860210074079e-10,2.9953088578183316
a,DV-QRC,Global,4.6415888336127818e-05,5,5.8150581948342621e-10,3.0162981410466507
a,DV-QRC,Global,4.6415888336127818e-05,6,4.6418342608626847e-10,3.0123172014882793
a,DV-QRC,Global,4.6415888336127818e-05,7,5.3290214282959639e-10,3.0192126089154456
a,DV-QRC,Global,4.6415888336127818e-05,8,4.4756300325655116e-10,3.012543190466233
a,DV-QRC,Global,4.6415888336127818e-05,9,5.8419807320793483e-10,2.9654322165962244
a,DV-QRC,Global,4.6415888336127818e-05,10,9.4006751174272057e-10,3.3027995940455703
a,DV-QRC,Global,4.6415888336127818e-05,11,5.2452266007298806e-10,2.9913532050707321
a,DV-QRC,Global,4.6415888336127818e-05,12,5.9947373095541198e-10,2.981218455109464
a,DV-QRC,Global,4.6415888336127818e-05,13,5.8023038749687149e-10,2.972367096152984
a,DV-QRC,Global,4.6415888336127818e-05,14,6.4229887262871027e-10,2.979514828897758
a,DV-QRC,Global,4.6415888336127818e-05,15,9.757942602406272e-10,3.052688949995618
a,DV-QRC,Global,4.6415888336127818e-05,16,5.7149531047523587e-10,2.9856761905809166
a,DV-QRC,Global,4.6415888336127818e-05,17,7.6075256209193782e-10,2.99948310826771
a,DV-QRC,Global,4.6415888336127818e-05,18,4.5093592365062904e-10,3.0284899202606685
a,DV-QRC,Global,4.6415888336127818e-05,19,4.9417159789443238e-10,3.0393053154602403
a,DV-QRC,Global,0.0001,0,5.4220569178760685e-10,2.9725692674485762
a,DV-QRC,Global,0.0001,1,5.5535925017554851e-10,2.9833250053277931
a,DV-QRC,Global,0.0001,2,5.7373935028483678e-10,2.9774541607164413
a,DV-QRC,Global,0.0001,3,5.4376551329828336e-10,2.9947681496297771
a,DV-QRC,Global,0.0001,4,5.5479946923814577e-10,2.9955778719010127
a,DV-QRC,Global,0.0001,5,6.3059238430541206e-10,3.0163368453370278
a,DV-QRC,Global,0.0001,6,4.7963938159575583e-10,3.0123206407156857
a,DV-QRC,Global,0.0001,7,5.008160038735617e-10,3.0196579143800459
a,DV-QRC,Global,0.0001,8,4.4103379448974777e-10,3.0125488888695173
a,DV-QRC,Global,0.0001,9,5.8035933382299642e-10,2.9654519711274867
a,DV-QRC,Global,0.0001,10,1.0601619962599138e-09,3.4369373775980394
a,DV-QRC,Global,0.0001,11,5.6718276359395479e-10,2.991976290884931
a,DV-QRC,Global,0.0001,12,5.5345301824943457e-10,2.9812288580818791
a,DV-QRC,Global,0.0001,13,5.6188697828843107e-10,2.9723027144168745
a,DV-QRC,Global,0.0001,14,6.4199292192867929e-10,2.9795129395552187
a,DV-QRC,Global,0.0001,15,1.0656895327872021e-09,3.1011169635992113
a,DV-QRC,Global,0.0001,16,5.5961648324704105e-10,2.9858123698084791
a,DV-QRC,Global,0.0001,17,7.2525098002303654e-10,2.9995374279900799
a,DV-QRC,Global,0.0001,18,4.3991830320654703e-10,3.0284957324815274
a,DV-QRC,Global,0.0001,19,4.5539645348438501e-10,3.0393007823242826
a,DV-QRC,Global,0.00021544346900318823,0,5.086376705721484e-10,2.9854012403835037
a,DV-QRC,Global,0.00021544346900318823,1,5.2137367635589467e-10,2.9833350813884119
a,DV-QRC,Global,0.00021544346900318823,2,6.7021125769878905e-10,2.96761879407588
a,DV-QRC,Global,0.00021544346900318823,3,5.4457460260109697e-10,2.9947705725811984
a,DV-QRC,Global,0.00021544346900318823,4,5.4553947867900592e-10,2.9964868617868747
a,DV-QRC,Global,0.00021544346900318823,5,5.8771891874254853e-10,3.0164913487380187
a,DV-QRC,Global,0.00021544346900318823,6,4.6830548581911711e-10,3.0123296856441755
a,DV-QRC,Global,0.00021544346900318823,7,5.5165085733843756e-10,3.0212241669659092
a,DV-QRC,Global,0.00021544346900318823,8,4.9185753339378635e-10,3.0125828384230822
a,DV-QRC,Global,0.00021544346900318823,9,5.6266694632498289e-10,2.9655063845039979
a,DV-QRC,Global,0.00021544346900318823,10,1.0179011442425375e-09,3.4760167725001079
a,DV-QRC,Global,0.00021544346900318823,11,5.6048725698493772e-10,2.994237213783328
a,DV-QRC,Global,0.00021544346900318823,12,6.0309698850849466e-10,2.981256998229322
a,DV-QRC,Global,0.00021544346900318823,13,5.6788526971652418e-10,2.9724343133527853
a,DV-QRC,Global,0.00021544346900318823,14,6.0154302807213836e-10,2.9795140638819495
a,DV-QRC,Global,0.00021544346900318823,15,9.9631531230112767e-10,3.2374587866788254
a,DV-QRC,Global,0.00021544346900318823,16,5.8183328379347012e-10,2.9867773632330903
a,DV-QRC,Global,0.00021544346900318823,17,6.9557990339865783e-10,2.9998078075310834
a,DV-QRC,Global,0.00021544346900318823,18,3.932235544710688e-10,3.0285078225569118
a,DV-QRC,Global,0.00021544346900318823,19,4.9509275593569954e-10,3.0392988368974998
a,DV-QRC,Global,0.00046415888336127773,0,5.7267353103877544e-10,3.0334823471815393
a,DV-QRC,Global,0.00046415888336127773,1,5.1905260760920921e-10,2.9833603494933909
a,DV-QRC,Global,0.00046415888336127773,2,6.8149054893738275e-10,2.9676311380114622
a,DV-QRC,Global,0.00046415888336127773,3,4.9951082845663188e-10,2.9951547050443708
a,DV-QRC,Global,0.00046415888336127773,4,5.1779834415114269e-10,2.9999590218720771
a,DV-QRC,Global,0.00046415888336127773,5,5.6905947761312997e-10,3.0171545571233427
a,DV-QRC,Global,0.00046415888336127773,6,4.258481647799036e-10,3.0123494231649786
a,DV-QRC,Global,0.00046415888336127773,7,4.9225143840236768e-10,3.0273614102130795
a,DV-QRC,Global,0.00046415888336127773,8,4.6166621932866139e-10,3.0127481771087021
a,DV-QRC,Global,0.00046415888336127773,9,5.4640963139803831e-10,2.9656704889074126
a,DV-QRC,Global,0.00046415888336127773,10,1.0530198418788701e-09,3.4869804194457767
a,DV-QRC,Global,0.00046415888336127773,11,5.314604317587692e-10,3.0029257738901682
a,DV-QRC,Global,0.00046415888336127773,12,5.8190147170090178e-10,2.9813389091991045
a,DV-QRC,Global,0.00046415888336127773,13,5.8765241481701848e-10,2.9739591105441923
a,DV-QRC,Global,0.00046415888336127773,14,6.6498545131474681e-10,2.9795440318500521
a,DV-QRC,Global,0.00046415888336127773,15,9.8942980527748603e-10,3.4997653391497199
a,DV-QRC,Global,0.00046415888336127773,16,5.4259600128942365e-10,2.9919364157582757
a,DV-QRC,Global,0.00046415888336127773,17,6.4469537741667437e-10,3.0011081922765577
a,DV-QRC,Global,0.00046415888336127773,18,4.0523307925068275e-10,3.0285371185910783
a,DV-QRC,Global,0.00046415888336127773,19,5.0081526718411885e-10,3.0393212008486787
a,DV-QRC,Global,0.001,0,5.3705921386944792e-10,3.1491410498725365
a,DV-QRC,Global,0.001,1,5.4106943511803448e-10,2.9834328896658091
a,DV-QRC,Global,0.001,2,6.2224818466938002e-10,2.9676631946939871
a,DV-QRC,Global,0.001,3,5.0332303922627766e-10,2.9977327674889747
a,DV-QRC,Global,0.001,4,4.7405374637669144e-10,3.0141545760329667
a,DV-QRC,Global,0.001,5,6.4243030080305622e-10,3.0200984515650973
a,DV-QRC,Global,0.001,6,4.5172225691480357e-10,3.0123985820338426
a,DV-QRC,Global,0.001,7,5.2682188126951187e-10,3.0525371078837944
a,DV-QRC,Global,0.001,8,5.0525263326659261e-10,3.0135331452704737
a,DV-QRC,Global,0.001,9,5.8017626072997887e-10,2.9662436207433736
a,DV-QRC,Global,0.001,10,1.0609815814180345e-09,3.4963877314216738
a,DV-QRC,Global,0.001,11,5.5821480130457204e-10,3.0332826897189893
a,DV-QRC,Global,0.001,12,5.6898412558866671e-10,2.9816119028645911
a,DV-QRC,Global,0.001,13,5.7414090198154251e-10,2.9825814979628205
a,DV-QRC,Global,0.001,14,6.0854468230156007e-10,2.9797354851747122
a,DV-QRC,Global,0.001,15,9.6407507059038424e-10,3.7586821084321493
a,DV-QRC,Global,0.001,16,5.3286080964602972e-10,3.0165619737387841
a,DV-QRC,Global,0.001,17,6.7434362674392947e-10,3.007151718979193
a,DV-QRC,Global,0.001,18,4.7459711012907124e-10,3.028617228641842
a,DV-QRC,Global,0.001,19,4.9730085668328671e-10,3.0395000710691877
a,DV-QRC,Global,0.0021544346900318821,0,5.2725527301363892e-10,3.3088636520080739
a,DV-QRC,Global,0.0021544346900318821,1,5.4196317210139146e-10,2.9836745630140307
a,DV-QRC,Global,0.0021544346900318821,2,6.0984263450022604e-10,2.9677577363586591
a,DV-QRC,Global,0.0021544346900318821,3,4.9878991878904775e-10,3.0111583854234625
a,DV-QRC,Global,0.0021544346900318821,4,4.9477195305815966e-10,3.0712535162048682
a,DV-QRC,Global,0.0021544346900318821,5,5.8994579920651347e-10,3.0330781852536353
a,DV-QRC,Global,0.0021544346900318821,6,4.5251895634715209e-10,3.0125359531625038
a,DV-QRC,Global,0.0021544346900318821,7,5.1545436211179479e-10,3.147964678655566
a,DV-QRC,Global,0.0021544346900318821,8,4.5363611340638662e-10,3.0171924879921295
a,DV-QRC,Global,0.0021544346900318821,9,5.8819239591896398e-10,2.968490299959671
a,DV-QRC,Global,0.0021544346900318821,10,9.577945490497906e-10,3.5253654537986288
a,DV-QRC,Global,0.0021544346900318821,11,5.1354537321166491e-10,3.1050173221810282
a,DV-QRC,Global,0.0021544346900318821,12,5.8632588194766296e-10,2.9826448566838124
a,DV-QRC,Global,0.0021544346900318821,13,5.4061829156938152e-10,3.0197791918359842
a,DV-QRC,Global,0.0021544346900318821,14,6.3405787320717104e-10,2.9807338201651685
a,DV-QRC,Global,0.0021544346900318821,15,9.3195762377562196e-10,3.9104835193923799
a,DV-QRC,Global,0.0021544346900318821,16,5.4362676411148857e-10,3.1282876312967254
a,DV-QRC,Global,0.0021544346900318821,17,7.1231938268121115e-10,3.0336251672264218
a,DV-QRC,Global,0.0021544346900318821,18,4.6236296153848133e-10,3.0288708617076257
a,DV-QRC,Global,0.0021544346900318821,19,4.60953946270409e-10,3.0404872390299236
a,DV-QRC,Global,0.0046415888336127772,0,5.5587970271726107e-10,3.434059719715254
a,DV-QRC,Global,0.0046415888336127772,1,5.5166413134389431e-10,2.9845832260402707
a,DV-QRC,Global,0.0046415888336127772,2,6.5094023436705333e-10,2.9680868566077492
a,DV-QRC,Global,0.0046415888336127772,3,4.6016918215184909e-10,3.0715934937703433
a,DV-QRC,Global,0.0046415888336127772,4,5.5015391874830833e-10,3.2562542591646659
a,DV-QRC,Global,0.0046415888336127772,5,5.9864635085789421e-10,3.084663727936702
a,DV-QRC,Global,0.0046415888336127772,6,4.5020426050626003e-10,3.0129742048136032
a,DV-QRC,Global,0.0046415888336127772,7,5.5629547639621846e-10,3.3980691720528484
a,DV-QRC,Global,0.0046415888336127772,8,4.7022711594959911e-10,3.0338265695997992
a,DV-QRC,Global,0.0046415888336127772,9,5.5393668512281065e-10,2.9778469625311725
a,DV-QRC,Global,0.0046415888336127772,10,1.0172213362838682e-09,3.6593490167265506
a,DV-QRC,Global,0.0046415888336127772,11,5.2942305082226432e-10,3.192047194428151
a,DV-QRC,Global,0.0046415888336127772,12,5.7101791436378424e-10,2.9868259539690971
a,DV-QRC,Global,0.0046415888336127772,13,5.1448255606509572e-10,3.128827661203768
a,DV-QRC,Global,0.0046415888336127772,14,6.5294413509498457e-10,2.9854497507561577
a,DV-QRC,Global,0.0046415888336127772,15,9.5034456552262472e-10,4.0285221089404049
a,DV-QRC,Global,0.0046415888336127772,16,5.5816411642904849e-10,3.4056181288253429
a,DV-QRC,Global,0.0046415888336127772,17,6.5723818928397674e-10,3.1301749615785934
a,DV-QRC,Global,0.0046415888336127772,18,4.8840544861710494e-10,3.0297920761131865
a,DV-QRC,Global,0.0046415888336127772,19,4.7309958408693143e-10,3.0453595546544223
a,DV-QRC,Global,0.01,0,5.9238244589279e-10,3.5221892793133427
a,DV-QRC,Global,0.01,1,5.1558816607234399e-10,2.9882464463855976
a,DV-QRC,Global,0.01,2,5.8622058030547808e-10,2.9693842134565571
a,DV-QRC,Global,0.01,3,4.7451895781008208e-10,3.2748268382261698
a,DV-QRC,Global,0.01,4,5.632220994931672e-10,3.5842858104404289
a,DV-QRC,Global,0.01,5,5.3858294718727792e-10,3.2249837510226911
a,DV-QRC,Global,0.01,6,4.890160649356262e-10,3.0145745384395024
a,DV-QRC,Global,0.01,7,5.9016084539099483e-10,3.7216827958642034
a,DV-QRC,Global,0.01,8,4.884915921819459e-10,3.1035738475760875
a,DV-QRC,Global,0.01,9,5.6236385565943306e-10,3.0158550465751315
a,DV-QRC,Global,0.01,10,1.0354436078596071e-09,3.9176865110420112
a,DV-QRC,Global,0.01,11,5.2704312266886486e-10,3.2565510839139455
a,DV-QRC,Global,0.01,12,5.3152282390085565e-10,3.0029028468101027
a,DV-QRC,Global,0.01,13,5.8993761844677358e-10,3.3184962711100039
a,DV-QRC,Global,0.01,14,6.5051461061353312e-10,3.0043570883769486
a,DV-QRC,Global,0.01,15,8.0046262051251721e-10,4.1134863810866618
a,DV-QRC,Global,0.01,16,5.3017395922107493e-10,3.7205351308227157
a,DV-QRC,Global,0.01,17,6.906269084367639e-10,3.3523929136958039
a,DV-QRC,Global,0.01,18,5.3644533041273751e-10,3.0334787652912949
a,DV-QRC,Global,0.01,19,4.8128129107001465e-10,3.0677505151219977
a,DV-QRC,Global,0.021544346900318822,0,6.5235886711075039e-10,3.5711448002592743
a,DV-QRC,Global,0.021544346900318822,1,4.7895194436576978e-10,3.0022280675528532
a,DV-QRC,Global,0.021544346900318822,2,5.3661510001949214e-10,2.9850225003330477
a,DV-QRC,Global,0.021544346900318822,3,4.6704109719124899e-10,3.6189809788533673
a,DV-QRC,Global,0.021544346900318822,4,5.9625796892283695e-10,3.8293050575196705
a,DV-QRC,Global,0.021544346900318822,5,4.7598522396856839e-10,3.3952075529451782
a,DV-QRC,Global,0.021544346900318822,6,5.3579633387254265e-10,3.0209412027166964
a,DV-QRC,Global,0.021544346900318822,7,7.2802809373163352e-10,3.9103175257952634
a,DV-QRC,Global,0.021544346900318822,8,5.3079645531919297e-10,3.3367641241127379
a,DV-QRC,Global,0.021544346900318822,9,5.9391130622300772e-10,3.1399485152691486
a,DV-QRC,Global,0.021544346900318822,10,1.1152334503245842e-09,4.2327717745302351
a,DV-QRC,Global,0.021544346900318822,11,4.951632197267795e-10,3.3173273687703806
a,DV-QRC,Global,0.021544346900318822,12,5.2518757753410862e-10,3.049929915433903
a,DV-QRC,Global,0.021544346900318822,13,7.386644516638713e-10,3.452183975005743
a,DV-QRC,Global,0.021544346900318822,14,6.3597574470203153e-10,3.0525430087746108
a,DV-QRC,Global,0.021544346900318822,15,6.8359380136693146e-10,4.1593730482446842
a,DV-QRC,Global,0.021544346900318822,16,4.9096820033822232e-10,3.8522595821259191
a,DV-QRC,Global,0.021544346900318822,17,7.3690468742269558e-10,3.5798705292371347
a,DV-QRC,Global,0.021544346900318822,18,7.2331380639788286e-10,3.0484972217506834
a,DV-QRC,Global,0.021544346900318822,19,4.731519285020159e-10,3.1557568879924696
a,DV-QRC,Global,0.046415888336127774,0,9.3305505151851972e-10,3.5916161981076069
a,DV-QRC,Global,0.046415888336127774,1,5.1308511436109354e-10,3.0457775297402638
a,DV-QRC,Global,0.046415888336127774,2,5.2311221638187791e-10,3.0024414733415954
a,DV-QRC,Global,0.046415888336127774,3,5.7207269865737027e-10,3.8509715237852387
a,DV-QRC,Global,0.046415888336127774,4,8.8300826503793032e-10,3.9994339596584485
a,DV-QRC,Global,0.046415888336127774,5,4.5939713338777519e-10,3.4790403570155899
a,DV-QRC,Global,0.046415888336127774,6,7.1849715976281631e-10,3.0461933853945746
a,DV-QRC,Global,0.046415888336127774,7,1.01842950785782e-09,4.0986324066480551
a,DV-QRC,Global,0.046415888336127774,8,7.8368153292040346e-10,3.7004859608042127
a,DV-QRC,Global,0.046415888336127774,9,7.4591951047081314e-10,3.3682123273500206
a,DV-QRC,Global,0.046415888336127774,10,1.2642478165344692e-09,4.3512456752940487
a,DV-QRC,Global,0.046415888336127774,11,5.3688618504413976e-10,3.3816301815311269
a,DV-QRC,Global,0.046415888336127774,12,6.1560534080800256e-10,3.1331801212676202
a,DV-QRC,Global,0.046415888336127774,13,1.1654248447336554e-09,3.5942628474649418
a,DV-QRC,Global,0.046415888336127774,14,8.8443491489196276e-10,3.1055818310702095
a,DV-QRC,Global,0.046415888336127774,15,5.6261033644593211e-10,4.1447878304177861
a,DV-QRC,Global,0.046415888336127774,16,4.8985153018861994e-10,3.9200671216819698
a,DV-QRC,Global,0.046415888336127774,17,7.5611238591541179e-10,3.6992834989035952
a,DV-QRC,Global,0.046415888336127774,18,1.3289915514508234e-09,3.1008992057444225
a,DV-QRC,Global,0.046415888336127774,19,5.5268329664074955e-10,3.3760177857133802
a,DV-QRC,Global,0.10000000000000001,0,3.1945635110787778e-09,3.6090441141205005
a,DV-QRC,Global,0.10000000000000001,1,8.2985430429654475e-10,3.149018007154758
a,DV-QRC,Global,0.10000000000000001,2,7.5547331964239171e-10,3.0345749156633977
a,DV-QRC,Global,0.10000000000000001,3,2.7314172840061556e-09,3.9842340600501043
a,DV-QRC,Global,0.10000000000000001,4,3.0185017971255474e-09,4.2454514017667631
a,DV-QRC,Global,0.10000000000000001,5,6.693192437173156e-10,3.485734651701605
a,DV-QRC,Global,0.10000000000000001,6,2.9502796088368757e-09,3.1281952751187934
a,DV-QRC,Global,0.10000000000000001,7,3.6085262318831355e-09,4.2845556569709808
a,DV-QRC,Global,0.10000000000000001,8,3.4488194871343859e-09,3.9536765928754836
a,DV-QRC,Global,0.10000000000000001,9,2.736672369031933e-09,3.5529690526814877
a,DV-QRC,Global,0.10000000000000001,10,6.4530812824147037e-09,4.4276422990074513
a,DV-QRC,Global,0.10000000000000001,11,1.2301646194777659e-09,3.4767226599416832
a,DV-QRC,Global,0.10000000000000001,12,1.7694822197364358e-09,3.2541959037076267
a,DV-QRC,Global,0.10000000000000001,13,4.490236562831316e-08,3.5538398871877157
a,DV-QRC,Global,0.10000000000000001,14,5.9595890363388051e-09,3.1735482264848485
a,DV-QRC,Global,0.10000000000000001,15,4.5357759048977999e-09,4.1038338343979319
a,DV-QRC,Global,0.10000000000000001,16,8.6737203659138925e-10,3.963657797011289
a,DV-QRC,Global,0.10000000000000001,17,1.5395504822269855e-09,3.7831492386090488
a,DV-QRC,Global,0.10000000000000001,18,8.298056071500783e-09,3.2327014012593525
a,DV-QRC,Global,0.10000000000000001,19,1.3066820896650358e-09,3.6151134386719868
a,DV-QRC,Global,0.21544346900318823,0,0.0034791400339211293,3.641903080553345
a,DV-QRC,Global,0.21544346900318823,1,0.00057246419757210013,3.3690726764356622
a,DV-QRC,Global,0.21544346900318823,2,0.00028318622636186604,3.1633201491155933
a,DV-QRC,Global,0.21544346900318823,3,0.0038677678537824434,4.1649447593268949
a,DV-QRC,Global,0.21544346900318823,4,0.0027030628338925939,4.3815843046640124
a,DV-QRC,Global,0.21544346900318823,5,0.0014198668405881129,3.4057743880498497
a,DV-QRC,Global,0.21544346900318823,6,0.0045001749424297775,3.2929281270139494
a,DV-QRC,Global,0.21544346900318823,7,0.0022042934555975323,4.0812382760581869
a,DV-QRC,Global,0.21544346900318823,8,0.0055433233947342272,4.0767452787647596
a,DV-QRC,Global,0.21544346900318823,9,0.0037329323012143291,3.624708157455077
a,DV-QRC,Global,0.21544346900318823,10,0.001773221642511751,4.4483621755480369
a,DV-QRC,Global,0.21544346900318823,11,0.0027940872440333627,3.6452221782046825
a,DV-QRC,Global,0.21544346900318823,12,0.0020601391554014269,3.621840661541893
a,DV-QRC,Global,0.21544346900318823,13,0.0059659936569866606,3.8063104087747011
a,DV-QRC,Global,0.21544346900318823,14,0.0034814316811253802,3.4801605669658047
a,DV-QRC,Global,0.21544346900318823,15,0.0008455702917268557,4.0500364046413324
a,DV-QRC,Global,0.21544346900318823,16,0.00099281268737922497,3.9593437154482052
a,DV-QRC,Global,0.21544346900318823,17,0.0019184789810799358,3.96635834596696
a,DV-QRC,Global,0.21544346900318823,18,0.0073387721203695246,3.4208668431287981
a,DV-QRC,Global,0.21544346900318823,19,0.0016399527395574794,3.7673405992327007
a,DV-QRC,Global,0.46415888336127725,0,0.025750723040664888,3.7977366802546406
a,DV-QRC,Global,0.46415888336127725,1,0.012840277318881011,3.8331538879860982
a,DV-QRC,Global,0.46415888336127725,2,0.011331936317357676,3.5439100540502784
a,DV-QRC,Global,0.46415888336127725,3,0.02614167189895179,4.2847463035242628
a,DV-QRC,Global,0.46415888336127725,4,0.028374287869196279,4.3537475635496747
a,DV-QRC,Global,0.46415888336127725,5,0.015481417149301064,3.3744004300737585
a,DV-QRC,Global,0.46415888336127725,6,0.030228252431480678,3.585424381326467
a,DV-QRC,Global,0.46415888336127725,7,0.025441793406869233,4.1594717592062063
a,DV-QRC,Global,0.46415888336127725,8,0.03241921779834752,4.1509585015744754
a,DV-QRC,Global,0.46415888336127725,9,0.026413841194981011,3.6619193934670635
a,DV-QRC,Global,0.46415888336127725,10,0.018343959346949469,4.363382557650783
a,DV-QRC,Global,0.46415888336127725,11,0.021990261593460791,3.9081099878539778
a,DV-QRC,Global,0.46415888336127725,12,0.025084487107634383,4.0243741242018611
a,DV-QRC,Global,0.46415888336127725,13,0.037242954846914575,4.2641295699016117
a,DV-QRC,Global,0.46415888336127725,14,0.02664451505628353,3.9904743895700374
a,DV-QRC,Global,0.46415888336127725,15,0.010456160998198689,4.2841979647324671
a,DV-QRC,Global,0.46415888336127725,16,0.015607288183675832,3.9543536620765996
a,DV-QRC,Global,0.46415888336127725,17,0.020289000938266969,4.450567728620439
a,DV-QRC,Global,0.46415888336127725,18,0.041099449576289956,3.5976798692135117
a,DV-QRC,Global,0.46415888336127725,19,0.020110401140888849,4.0049478502865377
a,DV-QRC,Global,1,0,0.077239249600845147,4.2166458133340674
a,DV-QRC,Global,1,1,0.044254596134798076,4.0815480020281631
a,DV-QRC,Global,1,2,0.040830267976503958,3.8165284465125699
a,DV-QRC,Global,1,3,0.071218374678951035,4.4076498942273394
a,DV-QRC,Global,1,4,0.083973107523775778,4.3005891185569771
a,DV-QRC,Global,1,5,0.043749848363901986,3.7882225356890489
a,DV-QRC,Global,1,6,0.087153101198654367,4.6309574465586643
a,DV-QRC,Global,1,7,0.081275466987877673,4.3494509262865853
a,DV-QRC,Global,1,8,0.090395454520672644,4.2212988108406693
a,DV-QRC,Global,1,9,0.074192840579014027,3.8673456294222555
a,DV-QRC,Global,1,10,0.058923695238428386,4.3213189528820592
a,DV-QRC,Global,1,11,0.062391275114616111,4.1010167913512188
a,DV-QRC,Global,1,12,0.074187816722610975,4.3392968381559811
a,DV-QRC,Global,1,13,0.10070758360172957,4.433142013691004
a,DV-QRC,Global,1,14,0.076145810048054721,4.1846387059796797
a,DV-QRC,Global,1,15,0.030186407424706498,3.9771035727142876
a,DV-QRC,Global,1,16,0.050946457343019495,4.0402787131154705
a,DV-QRC,Global,1,17,0.062143537579457883,4.2835092689810095
a,DV-QRC,Global,1,18,0.10411659814388498,3.9504668022482892
a,DV-QRC,Global,1,19,0.062553785616987781,4.2843223472371026
a,DV-QRC,Global,2.154434690031882,0,0.13434675099172114,4.3289544573749321
a,DV-QRC,Global,2.154434690031882,1,0.093763174554140044,4.3625114589016967
a,DV-QRC,Global,2.154434690031882,2,0.088187979426605986,4.602769230822835
a,DV-QRC,Global,2.154434690031882,3,0.12406211292958087,4.6158697449356385
a,DV-QRC,Global,2.154434690031882,4,0.15045882503892397,4.4216746419850956
a,DV-QRC,Global,2.154434690031882,5,0.075601816259635177,4.2741436641298529
a,DV-QRC,Global,2.154434690031882,6,0.1495690087621962,4.0605561621452484
a,DV-QRC,Global,2.154434690031882,7,0.16451528456888032,4.0967942186151127
a,DV-QRC,Global,2.154434690031882,8,0.14782609827456714,4.6613683208538834
a,DV-QRC,Global,2.154434690031882,9,0.13259275359478698,3.8262650465019687
a,DV-QRC,Global,2.154434690031882,10,0.12325794429945133,4.1974268413147806
a,DV-QRC,Global,2.154434690031882,11,0.11353677899269464,4.7295992071511046
a,DV-QRC,Global,2.154434690031882,12,0.13944982243003082,4.2574120433533285
a,DV-QRC,Global,2.154434690031882,13,0.16047843761461686,4.69882726621214
a,DV-QRC,Global,2.154434690031882,14,0.13873045630007028,4.1855737155618131
a,DV-QRC,Global,2.154434690031882,15,0.066611711589304998,4.4768175371120069
a,DV-QRC,Global,2.154434690031882,16,0.10051290902056981,4.5119030692125515
a,DV-QRC,Global,2.154434690031882,17,0.12059697130234702,4.3870984687620931
a,DV-QRC,Global,2.154434690031882,18,0.15299389878204084,3.8795201315687464
a,DV-QRC,Global,2.154434690031882,19,0.11850126585014113,4.4302520586640481
a,DV-QRC,Global,4.6415888336127722,0,0.081060200842548447,4.0002052880399983
a,DV-QRC,Global,4.6415888336127722,1,0.11445849739756213,4.1791454676322157
a,DV-QRC,Global,4.6415888336127722,2,0.11624893834081815,4.2417103341864184
a,DV-QRC,Global,4.6415888336127722,3,0.087215431128896168,4.1345339027765489
a,DV-QRC,Global,4.6415888336127722,4,0.11323445584656756,4.0606671363449962
a,DV-QRC,Global,4.6415888336127722,5,0.081283640242001201,4.2247879933316348
a,DV-QRC,Global,4.6415888336127722,6,0.10407367217823675,4.0515489876333177
a,DV-QRC,Global,4.6415888336127722,7,0.16657612778762346,3.2144788950958922
a,DV-QRC,Global,4.6415888336127722,8,0.088029225829652211,3.9907219716146543
a,DV-QRC,Global,4.6415888336127722,9,0.11729696558111352,4.1558758372862679
a,DV-QRC,Global,4.6415888336127722,10,0.14202446323021042,4.181128638505113
a,DV-QRC,Global,4.6415888336127722,11,0.093968817009830577,4.0489632756484513
a,DV-QRC,Global,4.6415888336127722,12,0.11188002423444061,4.2912714097440148
a,DV-QRC,Global,4.6415888336127722,13,0.10054421887483155,4.3860653577186337
a,DV-QRC,Global,4.6415888336127722,14,0.10159925618336915,4.3617696856213684
a,DV-QRC,Global,4.6415888336127722,15,0.069552797320100362,4.1482695731139749
a,DV-QRC,Global,4.6415888336127722,16,0.10427876859732009,4.0313719721420185
a,DV-QRC,Global,4.6415888336127722,17,0.11417963484155501,4.2001849726737426
a,DV-QRC,Global,4.6415888336127722,18,0.08911948961219085,4.0185560177275823
a,DV-QRC,Global,4.6415888336127722,19,0.11087259800615744,3.7056351410286066
a,DV-QRC,Global,10,0,0.026576416404169332,4.0416057463059687
a,DV-QRC,Global,10,1,0.041890943601873974,3.8640902060375772
a,DV-QRC,Global,10,2,0.033425171348020782,3.3684125390083799
a,DV-QRC,Global,10,3,0.021276865021609994,3.9014193754081834
a,DV-QRC,Global,10,4,0.027861465596873605,3.2945218349672909
a,DV-QRC,Global,10,5,0.029873755251245172,3.8073585253537261
a,DV-QRC,Global,10,6,0.025570992785316105,4.0862989370083707
a,DV-QRC,Global,10,7,0.046790164455733176,3.439346386738467
a,DV-QRC,Global,10,8,0.014110371535924583,3.5447348639214393
a,DV-QRC,Global,10,9,0.029837434260995919,3.4732551822856887
a,DV-QRC,Global,10,10,0.047882275077693603,3.9322830714725807
a,DV-QRC,Global,10,11,0.018566784246845363,3.7622810720848374
a,DV-QRC,Global,10,12,0.01725596423856797,3.4428422714111546
a,DV-QRC,Global,10,13,0.022443878339172697,3.7128679374753242
a,DV-QRC,Global,10,14,0.025083475937187745,3.3118211121058554
a,DV-QRC,Global,10,15,0.015993711278915076,3.900662001689621
a,DV-QRC,Global,10,16,0.0258249710153244,3.8340129549977515
a,DV-QRC,Global,10,17,0.024316224091674162,3.8948285059981727
a,DV-QRC,Global,10,18,0.02373854969474155,3.9386795802341981
a,DV-QRC,Global,10,19,0.028769925583160761,4.1880244415793495
a,CV-QRC,Local,1.0000000000000001e-05,0,0.091267676663330771,1.0032138192488862
a,CV-QRC,Local,1.0000000000000001e-05,1,0.090555308254315792,0.99796025398567034
a,CV-QRC,Local,1.0000000000000001e-05,2,0.09051266907863012,0.99822975425254601
a,CV-QRC,Local,1.0000000000000001e-05,3,0.090718141713583736,1.0006963852879989
a,CV-QRC,Local,1.0000000000000001e-05,4,0.091071804363361347,0.98870934833061808
a,CV-QRC,Local,1.0000000000000001e-05,5,0.090606348622784508,1.001915917312687
a,CV-QRC,Local,1.0000000000000001e-05,6,0.090454661138494027,0.9950331994642333
a,CV-QRC,Local,1.0000000000000001e-05,7,0.090863137505642788,0.99343655034817591
a,CV-QRC,Local,1.0000000000000001e-05,8,0.090197691552215811,0.999175810524219
a,CV-QRC,Local,1.0000000000000001e-05,9,0.090808394400747242,1.0016549671044839
a,CV-QRC,Local,1.0000000000000001e-05,10,0.090906910618023487,0.99882388027693891
a,CV-QRC,Local,1.0000000000000001e-05,11,0.090694513776355665,1.000072805546012
a,CV-QRC,Local,1.0000000000000001e-05,12,0.090576140460084956,0.99865646162445854
a,CV-QRC,Local,1.0000000000000001e-05,13,0.090411859632407124,1.0096250142683045
a,CV-QRC,Local,1.0000000000000001e-05,14,0.090194261896592215,0.99992472215509165
a,CV-QRC,Local,1.0000000000000001e-05,15,0.090110099650873285,0.99792440455218656
a,CV-QRC,Local,1.0000000000000001e-05,16,0.090642184685028604,1.0008120188550453
a,CV-QRC,Local,1.0000000000000001e-05,17,0.09031468117528002,1.0041666090145664
a,CV-QRC,Local,1.0000000000000001e-05,18,0.090674852246583351,1.0009407801716037
a,CV-QRC,Local,1.0000000000000001e-05,19,0.090446165426982486,0.98234094910774816
a,CV-QRC,Local,2.1544346900318823e-05,0,0.091267680669471538,1.0032170929414683
a,CV-QRC,Local,2.1544346900318823e-05,1,0.090555399319780572,0.99796063454443695
a,CV-QRC,Local,2.1544346900318823e-05,2,0.090512973488407408,0.99820893673003441
a,CV-QRC,Local,2.1544346900318823e-05,3,0.090717935299630084,1.0006472273711757
a,CV-QRC,Local,2.1544346900318823e-05,4,0.09107210749787148,0.9887389454528982
a,CV-QRC,Local,2.1544346900318823e-05,5,0.090606806477816104,1.0019143978338505
a,CV-QRC,Local,2.1544346900318823e-05,6,0.090454933323061121,0.99500003636722634
a,CV-QRC,Local,2.1544346900318823e-05,7,0.090863321340499625,0.99340409487133285
a,CV-QRC,Local,2.1544346900318823e-05,8,0.090197599668352557,0.99920336960133604
a,CV-QRC,Local,2.1544346900318823e-05,9,0.090808526694356864,1.0016509398940114
a,CV-QRC,Local,2.1544346900318823e-05,10,0.090906818859859559,0.99873430435635246
a,CV-QRC,Local,2.1544346900318823e-05,11,0.090694720662257033,1.0000845155716924
a,CV-QRC,Local,2.1544346900318823e-05,12,0.090576344459246311,0.9986445016233827
a,CV-QRC,Local,2.1544346900318823e-05,13,0.090412638940708057,1.0096055486547058
a,CV-QRC,Local,2.1544346900318823e-05,14,0.090194444989313866,0.99991045213859353
a,CV-QRC,Local,2.1544346900318823e-05,15,0.090110537201321977,0.99795506065058603
a,CV-QRC,Local,2.1544346900318823e-05,16,0.090642434469980979,1.0008636957363315
a,CV-QRC,Local,2.1544346900318823e-05,17,0.090314601917687851,1.0041498843307757
a,CV-QRC,Local,2.1544346900318823e-05,18,0.090674779793269905,1.0010489447633057
a,CV-QRC,Local,2.1544346900318823e-05,19,0.090446247918301248,0.98240920034535018
a,CV-QRC,Local,4.6415888336127818e-05,0,0.091267733128500977,1.0032134099101
a,CV-QRC,Local,4.6415888336127818e-05,1,0.090555613041939875,0.99842365040036407
a,CV-QRC,Local,4.6415888336127818e-05,2,0.090513646693057517,0.99826419350190676
a,CV-QRC,Local,4.6415888336127818e-05,3,0.09071751502092,1.0008146632413184
a,CV-QRC,Local,4.6415888336127818e-05,4,0.091072823303444392,0.98875314291551342
a,CV-QRC,Local,4.6415888336127818e-05,5,0.090607845581799171,1.0019194300914935
a,CV-QRC,Local,4.6415888336127818e-05,6,0.090455568517790852,0.995029984784912
a,CV-QRC,Local,4.6415888336127818e-05,7,0.090863751409170065,0.99358780881790043
a,CV-QRC,Local,4.6415888336127818e-05,8,0.090197456003015722,0.99926417518069655
a,CV-QRC,Local,4.6415888336127818e-05,9,0.090808820346324273,1.001585933406774
a,CV-QRC,Local,4.6415888336127818e-05,10,0.090906669733188922,0.99902030913033824
a,CV-QRC,Local,4.6415888336127818e-05,11,0.090695180652504467,1.0001290993113383
a,CV-QRC,Local,4.6415888336127818e-05,12,0.090576819514591803,0.99864580277780923
a,CV-QRC,Local,4.6415888336127818e-05,13,0.090414381671910002,1.0096117358899015
a,CV-QRC,Local,4.6415888336127818e-05,14,0.090194858995207572,0.99993925941405037
a,CV-QRC,Local,4.6415888336127818e-05,15,0.090111511207251901,0.99790427788134217
a,CV-QRC,Local,4.6415888336127818e-05,16,0.090642983534707816,1.0008155735562463
a,CV-QRC,Local,4.6415888336127818e-05,17,0.090314448711708184,1.0042106547334488
a,CV-QRC,Local,4.6415888336127818e-05,18,0.090674680696666607,1.0011280260968891
a,CV-QRC,Local,4.6415888336127818e-05,19,0.090446460193529241,0.98256596918901917
a,CV-QRC,Local,0.0001,0,0.091268120606032344,1.0068302909520934
a,CV-QRC,Local,0.0001,1,0.090556167046082062,1.0028016264086168
a,CV-QRC,Local,0.0001,2,0.090515186790393165,0.99862189616683739
a,CV-QRC,Local,0.0001,3,0.09071673776932257,1.0101132025992057
a,CV-QRC,Local,0.0001,4,0.091074679552229157,1.0331239011931226
a,CV-QRC,Local,0.0001,5,0.090610263094044893,1.0022725249439397
a,CV-QRC,Local,0.0001,6,0.090457130670105718,1.0481024466397462
a,CV-QRC,Local,0.0001,7,0.090864793540639657,0.99386247916420567
a,CV-QRC,Local,0.0001,8,0.090197349386330838,1.0468474946235884
a,CV-QRC,Local,0.0001,9,0.090809489870979213,1.001702503099889
a,CV-QRC,Local,0.0001,10,0.090906470250477184,1.0271150308938104
a,CV-QRC,Local,0.0001,11,0.090696268373596983,1.0002373767883492
a,CV-QRC,Local,0.0001,12,0.09057798527927996,0.99887121928011735
a,CV-QRC,Local,0.0001,13,0.090418570211807464,1.0101062060961876
a,CV-QRC,Local,0.0001,14,0.090195841944857968,1.0014690494359657
a,CV-QRC,Local,0.0001,15,0.09011374112921601,1.0401390070534826
a,CV-QRC,Local,0.0001,16,0.090644237110163603,1.0014367632251848
a,CV-QRC,Local,0.0001,17,0.090314237142362475,1.0071716675206168
a,CV-QRC,Local,0.0001,18,0.090674689207838985,1.0109324506795194
a,CV-QRC,Local,0.0001,19,0.090447049889955181,0.98375096922727945
a,CV-QRC,Local,0.00021544346900318823,0,0.091270317107127588,2.5064300382040607
a,CV-QRC,Local,0.00021544346900318823,1,0.09055772580806809,1.0213391734056958
a,CV-QRC,Local,0.00021544346900318823,2,0.090518890442168362,1.0096980523868895
a,CV-QRC,Local,0.00021544346900318823,3,0.090715553012356037,2.8613505203764014
a,CV-QRC,Local,0.00021544346900318823,4,0.091079886957756526,2.7598872649942443
a,CV-QRC,Local,0.00021544346900318823,5,0.090616223369234541,1.0022517272789286
a,CV-QRC,Local,0.00021544346900318823,6,0.090461278018852675,2.7698215537742383
a,CV-QRC,Local,0.00021544346900318823,7,0.090867487510575912,0.99401606602120096
a,CV-QRC,Local,0.00021544346900318823,8,0.090198110399047654,2.7176689271685106
a,CV-QRC,Local,0.00021544346900318823,9,0.090811064905603506,1.001988581489996
a,CV-QRC,Local,0.00021544346900318823,10,0.090906723725307462,1.9397794506893273
a,CV-QRC,Local,0.00021544346900318823,11,0.090699135153663318,1.000276328064549
a,CV-QRC,Local,0.00021544346900318823,12,0.090581065414654147,0.99890787235541767
a,CV-QRC,Local,0.00021544346900318823,13,0.0904288269961597,1.0320960081307535
a,CV-QRC,Local,0.00021544346900318823,14,0.090198872273526853,1.6807724921019409
a,CV-QRC,Local,0.00021544346900318823,15,0.090119157836791433,1.1336689272109455
a,CV-QRC,Local,0.00021544346900318823,16,0.090647225053802738,1.00198208618523
a,CV-QRC,Local,0.00021544346900318823,17,0.090314207937298482,1.0075194754163286
a,CV-QRC,Local,0.00021544346900318823,18,0.090675607526430113,2.8035495350926594
a,CV-QRC,Local,0.00021544346900318823,19,0.090448799759838147,0.98399198225883822
a,CV-QRC,Local,0.00046415888336127773,0,0.091280258980361795,2.5225830738220991
a,CV-QRC,Local,0.00046415888336127773,1,0.09056228709859733,2.537867043599026
a,CV-QRC,Local,0.00046415888336127773,2,0.09052857058348486,2.9968007862619803
a,CV-QRC,Local,0.00046415888336127773,3,0.090716206046551423,2.8849873097305379
a,CV-QRC,Local,0.00046415888336127773,4,0.091096902582518832,2.9979917561956202
a,CV-QRC,Local,0.00046415888336127773,5,0.090632069953145794,2.9973041969197505
a,CV-QRC,Local,0.00046415888336127773,6,0.090473814568631128,2.8308610364691997
a,CV-QRC,Local,0.00046415888336127773,7,0.090875624769501617,1.2149087048089591
a,CV-QRC,Local,0.00046415888336127773,8,0.090204676648435775,2.9442987317062448
a,CV-QRC,Local,0.00046415888336127773,9,0.090815060450471885,1.002375806852948
a,CV-QRC,Local,0.00046415888336127773,10,0.090910367163429914,2.9995102789406927
a,CV-QRC,Local,0.00046415888336127773,11,0.090707486534762544,2.9924366179540183
a,CV-QRC,Local,0.00046415888336127773,12,0.090590496551608279,2.9950572074798387
a,CV-QRC,Local,0.00046415888336127773,13,0.090457207488309863,2.6657861049934142
a,CV-QRC,Local,0.00046415888336127773,14,0.09020958449132277,2.9890657921842454
a,CV-QRC,Local,0.00046415888336127773,15,0.090133149302228738,2.7409305420555019
a,CV-QRC,Local,0.00046415888336127773,16,0.090654784682468792,2.9807268930843636
a,CV-QRC,Local,0.00046415888336127773,17,0.090316201589428144,2.9974667808604902
a,CV-QRC,Local,0.00046415888336127773,18,0.090681864363447329,2.9094737625398133
a,CV-QRC,Local,0.00046415888336127773,19,0.090454858397294835,1.6821414513084807
a,CV-QRC,Local,0.001,0,0.091320479167346133,3.0026122367635684
a,CV-QRC,Local,0.001,1,0.090577860517256886,2.9946437697610375
a,CV-QRC,Local,0.001,2,0.090557586714399396,3.0009896151878075
a,CV-QRC,Local,0.001,3,0.090731753700776158,2.99227852933313
a,CV-QRC,Local,0.001,4,0.091158243340407993,2.99994096351011
a,CV-QRC,Local,0.001,5,0.090680474068907849,2.9987978168887732
a,CV-QRC,Local,0.001,6,0.090516632398273997,2.9992832269138816
a,CV-QRC,Local,0.001,7,0.090904506953256942,2.9913894099939546
a,CV-QRC,Local,0.001,8,0.090241010830424018,2.9969900345482499
a,CV-QRC,Local,0.001,9,0.090827201568649499,1.0025690292276423
a,CV-QRC,Local,0.001,10,0.090932720514418336,3.0030129692359537
a,CV-QRC,Local,0.001,11,0.090734147452059072,2.9967355297072404
a,CV-QRC,Local,0.001,12,0.090623274820439831,2.9983404170386203
a,CV-QRC,Local,0.001,13,0.090546631083222501,3.0111312011132871
a,CV-QRC,Local,0.001,14,0.090248776075278439,2.9903879545790457
a,CV-QRC,Local,0.001,15,0.090174499670119118,2.9959054307649402
a,CV-QRC,Local,0.001,16,0.090676906139496943,2.9887775022806746
a,CV-QRC,Local,0.001,17,0.090329322982130492,2.9990973331313331
a,CV-QRC,Local,0.001,18,0.09071730995408421,2.9853098325268292
a,CV-QRC,Local,0.001,19,0.090478194099605114,2.9847351032946419
a,CV-QRC,Local,0.0021544346900318821,0,0.091493861651383901,3.0028475126738354
a,CV-QRC,Local,0.0021544346900318821,1,0.09063987436040645,2.9952729299217435
a,CV-QRC,Local,0.0021544346900318821,2,0.090655094827028271,3.0011627043575544
a,CV-QRC,Local,0.0021544346900318821,3,0.09083024517553577,2.992346293463465
a,CV-QRC,Local,0.0021544346900318821,4,0.091404819859432607,3.0000598665299694
a,CV-QRC,Local,0.0021544346900318821,5,0.090850767085268375,2.9988641764315034
a,CV-QRC,Local,0.0021544346900318821,6,0.090677510972903136,2.9994592525798218
a,CV-QRC,Local,0.0021544346900318821,7,0.091020055961270788,2.9919192260557796
a,CV-QRC,Local,0.0021544346900318821,8,0.09041873264101434,2.9971056603446815
a,CV-QRC,Local,0.0021544346900318821,9,0.090870225968453525,1.9902619399407939
a,CV-QRC,Local,0.0021544346900318821,10,0.091048720950445639,3.0031937444420196
a,CV-QRC,Local,0.0021544346900318821,11,0.090834984249651959,2.9969807398773121
a,CV-QRC,Local,0.0021544346900318821,12,0.090752878983617488,2.9985041393239178
a,CV-QRC,Local,0.0021544346900318821,13,0.090852860878269048,3.011311541709671
a,CV-QRC,Local,0.0021544346900318821,14,0.090409671928721361,2.9904766103544445
a,CV-QRC,Local,0.0021544346900318821,15,0.090310645415905055,2.9968137222027513
a,CV-QRC,Local,0.0021544346900318821,16,0.090753656324700324,2.9891713184306878
a,CV-QRC,Local,0.0021544346900318821,17,0.090402926281804685,2.9991810919287878
a,CV-QRC,Local,0.0021544346900318821,18,0.090892063600797643,2.9854177244461311
a,CV-QRC,Local,0.0021544346900318821,19,0.090583200561363375,2.9853948201041933
a,CV-QRC,Local,0.0046415888336127772,0,0.092303298604162823,3.0033527412532872
a,CV-QRC,Local,0.0046415888336127772,1,0.090901873684331058,2.9970418435489328
a,CV-QRC,Local,0.0046415888336127772,2,0.091026968805624262,3.0012082871503463
a,CV-QRC,Local,0.0046415888336127772,3,0.091321332573182312,2.9969455792079338
a,CV-QRC,Local,0.0046415888336127772,4,0.092452539732517214,3.0043878644692374
a,CV-QRC,Local,0.0046415888336127772,5,0.091506551751667831,2.9990300869374638
a,CV-QRC,Local,0.0046415888336127772,6,0.091330081876524638,3.0038168592055561
a,CV-QRC,Local,0.0046415888336127772,7,0.09152774039402764,2.9919908089239877
a,CV-QRC,Local,0.0046415888336127772,8,0.091207070269556226,2.9988049306024296
a,CV-QRC,Local,0.0046415888336127772,9,0.091039511392697572,2.9944982661046158
a,CV-QRC,Local,0.0046415888336127772,10,0.091593503706546883,3.0044641834999433
a,CV-QRC,Local,0.0046415888336127772,11,0.091258751430809068,2.997294292313879
a,CV-QRC,Local,0.0046415888336127772,12,0.09132947442949034,2.9990636924927792
a,CV-QRC,Local,0.0046415888336127772,13,0.092046736251412353,3.0115334724171809
a,CV-QRC,Local,0.0046415888336127772,14,0.091096603145537414,2.9908770150420629
a,CV-QRC,Local,0.0046415888336127772,15,0.090812900041448125,2.9968435400990496
a,CV-QRC,Local,0.0046415888336127772,16,0.09105387494346466,2.9895994154400394
a,CV-QRC,Local,0.0046415888336127772,17,0.090776952086809429,3.0003662440428056
a,CV-QRC,Local,0.0046415888336127772,18,0.091712463918973433,2.9888000180457608
a,CV-QRC,Local,0.0046415888336127772,19,0.091038515678019558,2.9855279412372617
a,CV-QRC,Local,0.01,0,0.09597744279407705,3.0036810971353702
a,CV-QRC,Local,0.01,1,0.092064587084136312,2.9975807671970567
a,CV-QRC,Local,0.01,2,0.092591172815705253,3.0016243125456077
a,CV-QRC,Local,0.01,3,0.093698843048665575,2.9971063780750797
a,CV-QRC,Local,0.01,4,0.097035230777727952,3.0046772835941984
a,CV-QRC,Local,0.01,5,0.094354468298960006,2.9996139904536987
a,CV-QRC,Local,0.01,6,0.09414281237718182,3.0040961370660284
a,CV-QRC,Local,0.01,7,0.093928584467903392,2.9921500236830432
a,CV-QRC,Local,0.01,8,0.094653106605955536,3.0256295180210402
a,CV-QRC,Local,0.01,9,0.091841961433088801,2.9961406896969454
a,CV-QRC,Local,0.01,10,0.094167446234522265,3.0046731505263802
a,CV-QRC,Local,0.01,11,0.093254658910126395,2.9973779862046315
a,CV-QRC,Local,0.01,12,0.093926366122302304,2.9990348466061354
a,CV-QRC,Local,0.01,13,0.096927821809031256,3.0121709573252025
a,CV-QRC,Local,0.01,14,0.094161080728504612,2.9910573702992655
a,CV-QRC,Local,0.01,15,0.092911468724646881,2.998035153033427
a,CV-QRC,Local,0.01,16,0.092440138166486857,2.9897873749555348
a,CV-QRC,Local,0.01,17,0.092617698145059518,3.0004155245918365
a,CV-QRC,Local,0.01,18,0.095503499717773499,2.999256294522886
a,CV-QRC,Local,0.01,19,0.093116520774974579,2.9861557065495421
a,CV-QRC,Local,0.021544346900318822,0,0.11286208987423045,3.9944267602011037
a,CV-QRC,Local,0.021544346900318822,1,0.097716848868653394,3.9672512237895736
a,CV-QRC,Local,0.021544346900318822,2,0.099359557218556466,3.9823032920331274
a,CV-QRC,Local,0.021544346900318822,3,0.10495260841685959,5.4766137498151126
a,CV-QRC,Local,0.021544346900318822,4,0.11787575288428809,5.4557945739234208
a,CV-QRC,Local,0.021544346900318822,5,0.10739147487940122,3.9915481085333169
a,CV-QRC,Local,0.021544346900318822,6,0.10629583949320673,4.5399705112646433
a,CV-QRC,Local,0.021544346900318822,7,0.10537254982953451,3.0099911214401867
a,CV-QRC,Local,0.021544346900318822,8,0.11020749905934615,3.9969632307886838
a,CV-QRC,Local,0.021544346900318822,9,0.096195619125579293,2.995982352571656
a,CV-QRC,Local,0.021544346900318822,10,0.10601050804465895,5.6296733504282965
a,CV-QRC,Local,0.021544346900318822,11,0.10342817183574525,4.0840902381294395
a,CV-QRC,Local,0.021544346900318822,12,0.10646237496241602,4.3860741548595241
a,CV-QRC,Local,0.021544346900318822,13,0.11690727886132958,3.0121527007982425
a,CV-QRC,Local,0.021544346900318822,14,0.10798889940484706,5.5390230829618234
a,CV-QRC,Local,0.021544346900318822,15,0.10238372668038104,3.9868835076888502
a,CV-QRC,Local,0.021544346900318822,16,0.099472312676735106,4.6288776461507313
a,CV-QRC,Local,0.021544346900318822,17,0.10215978637616491,5.2475604297285825
a,CV-QRC,Local,0.021544346900318822,18,0.11212987886488091,5.2095343293183429
a,CV-QRC,Local,0.021544346900318822,19,0.10273968653779109,4.146083599650253
a,CV-QRC,Local,0.046415888336127774,0,0.17519308942590484,5.1133869582943277
a,CV-QRC,Local,0.046415888336127774,1,0.12802066595040806,4.8037697535219195
a,CV-QRC,Local,0.046415888336127774,2,0.12933672739214211,4.325240693635708
a,CV-QRC,Local,0.046415888336127774,3,0.15134799210571337,5.4782910294412117
a,CV-QRC,Local,0.046415888336127774,4,0.19000240323119061,5.5388101712630338
a,CV-QRC,Local,0.046415888336127774,5,0.16078467279064962,5.0277172196338391
a,CV-QRC,Local,0.046415888336127774,6,0.15560273961118135,5.5841529990784364
a,CV-QRC,Local,0.046415888336127774,7,0.15618988848925072,4.5664014735973328
a,CV-QRC,Local,0.046415888336127774,8,0.16975344735605052,5.0759170771476416
a,CV-QRC,Local,0.046415888336127774,9,0.12497979801250715,2.9956002717403631
a,CV-QRC,Local,0.046415888336127774,10,0.15624904013239532,5.6523364455703087
a,CV-QRC,Local,0.046415888336127774,11,0.15409629361978805,4.1070774354549116
a,CV-QRC,Local,0.046415888336127774,12,0.16114191671644884,4.4113826722308529
a,CV-QRC,Local,0.046415888336127774,13,0.18276062171390181,4.1523623284191
a,CV-QRC,Local,0.046415888336127774,14,0.16309128932222425,5.5827451645111221
a,CV-QRC,Local,0.046415888336127774,15,0.14616377078511419,4.7035620390670809
a,CV-QRC,Local,0.046415888336127774,16,0.13858842930568238,4.6822693292849973
a,CV-QRC,Local,0.046415888336127774,17,0.14766514789404689,5.2486319413067113
a,CV-QRC,Local,0.046415888336127774,18,0.17187600734368053,5.2175717211219172
a,CV-QRC,Local,0.046415888336127774,19,0.14546118276575626,4.2451551560311334
a,CV-QRC,Local,0.10000000000000001,0,0.31547284566157385,5.3337690020725486
a,CV-QRC,Local,0.10000000000000001,1,0.22400386268076858,4.9127653315934303
a,CV-QRC,Local,0.10000000000000001,2,0.21594640477872673,4.3474633069868469
a,CV-QRC,Local,0.10000000000000001,3,0.26691840996759847,6.3875888217725247
a,CV-QRC,Local,0.10000000000000001,4,0.35049259699404584,6.4447562342241307
a,CV-QRC,Local,0.10000000000000001,5,0.28873716994857984,5.168196024728843
a,CV-QRC,Local,0.10000000000000001,6,0.27450115755836257,6.4822238290297225
a,CV-QRC,Local,0.10000000000000001,7,0.28348471897510136,4.7166018201982904
a,CV-QRC,Local,0.10000000000000001,8,0.31075643600922687,5.2746830706669492
a,CV-QRC,Local,0.10000000000000001,9,0.22914090507606338,3.9701083410939342
a,CV-QRC,Local,0.10000000000000001,10,0.27821524766392042,7.4825703932271326
a,CV-QRC,Local,0.10000000000000001,11,0.2880225852464286,4.1540787116598992
a,CV-QRC,Local,0.10000000000000001,12,0.29683098357925064,4.5578440042493735
a,CV-QRC,Local,0.10000000000000001,13,0.32659239659228945,4.1788296622892052
a,CV-QRC,Local,0.10000000000000001,14,0.29409305836862698,6.5045678703713801
a,CV-QRC,Local,0.10000000000000001,15,0.26253223092186601,4.8164879749772496
a,CV-QRC,Local,0.10000000000000001,16,0.2553633362075261,5.2238579854830629
a,CV-QRC,Local,0.10000000000000001,17,0.26481507715549407,6.0570296364352112
a,CV-QRC,Local,0.10000000000000001,18,0.30590799387942502,6.2033337760988871
a,CV-QRC,Local,0.10000000000000001,19,0.26055612290295793,4.330439198910585
a,CV-QRC,Local,0.21544346900318823,0,0.60597923953221045,7.0594976159483336
a,CV-QRC,Local,0.21544346900318823,1,0.44138517662991844,6.3714948573503545
a,CV-QRC,Local,0.21544346900318823,2,0.4013462547969725,4.7163170042493565
a,CV-QRC,Local,0.21544346900318823,3,0.50794418724365331,7.480865217449292
a,CV-QRC,Local,0.21544346900318823,4,0.67168802913229897,7.4748219939671516
a,CV-QRC,Local,0.21544346900318823,5,0.55898118090372939,6.5737586328298736
a,CV-QRC,Local,0.21544346900318823,6,0.52095048180137504,7.4824170998375781
a,CV-QRC,Local,0.21544346900318823,7,0.54586864669360735,5.7855327385482713
a,CV-QRC,Local,0.21544346900318823,8,0.60311699534718133,6.4133994106867416
a,CV-QRC,Local,0.21544346900318823,9,0.46712119145778436,3.9948507159370239
a,CV-QRC,Local,0.21544346900318823,10,0.53461983471861241,7.6457479230435563
a,CV-QRC,Local,0.21544346900318823,11,0.57320331610799835,4.6360847954274078
a,CV-QRC,Local,0.21544346900318823,12,0.5789989763064437,5.5757578689866376
a,CV-QRC,Local,0.21544346900318823,13,0.61874266997953153,4.5750338256585259
a,CV-QRC,Local,0.21544346900318823,14,0.56804139262200748,7.4994042010110284
a,CV-QRC,Local,0.21544346900318823,15,0.52174001324247443,5.9599283685297442
a,CV-QRC,Local,0.21544346900318823,16,0.51341910481634045,6.2939416589690627
a,CV-QRC,Local,0.21544346900318823,17,0.52390598192808946,7.258560715591921
a,CV-QRC,Local,0.21544346900318823,18,0.57740347254285584,7.1346803187783063
a,CV-QRC,Local,0.21544346900318823,19,0.51030597756906959,5.3248660580668066
a,CV-QRC,Local,0.46415888336127725,0,1.1189485498125424,7.1018275547815257
a,CV-QRC,Local,0.46415888336127725,1,0.85217958927797333,6.3419808294952187
a,CV-QRC,Local,0.46415888336127725,2,0.76681278677469566,5.2683635085396094
a,CV-QRC,Local,0.46415888336127725,3,0.9538108231326804,7.4581660187700223
a,CV-QRC,Local,0.46415888336127725,4,1.2188789104336302,7.3465578798186488
a,CV-QRC,Local,0.46415888336127725,5,1.0450032362113311,7.0422367631490204
a,CV-QRC,Local,0.46415888336127725,6,0.97434064134972831,7.520763043651713
a,CV-QRC,Local,0.46415888336127725,7,1.0148406661511591,6.2250926333412835
a,CV-QRC,Local,0.46415888336127725,8,1.1158824171797375,6.473037169114261
a,CV-QRC,Local,0.46415888336127725,9,0.9007781751888313,3.9983554619601205
a,CV-QRC,Local,0.46415888336127725,10,1.0042133791120671,7.6146237679044209
a,CV-QRC,Local,0.46415888336127725,11,1.0735162087040608,4.4858506797181725
a,CV-QRC,Local,0.46415888336127725,12,1.0769449746234938,5.6831582328614427
a,CV-QRC,Local,0.46415888336127725,13,1.1385312785911228,4.7208898456615245
a,CV-QRC,Local,0.46415888336127725,14,1.058669023377292,7.6060569970357621
a,CV-QRC,Local,0.46415888336127725,15,0.9916086644597879,5.440271820809631
a,CV-QRC,Local,0.46415888336127725,16,0.9773855670770808,6.4324502813047983
a,CV-QRC,Local,0.46415888336127725,17,0.99409536104874319,7.2048746331239091
a,CV-QRC,Local,0.46415888336127725,18,1.0627889155173482,7.2460158532200296
a,CV-QRC,Local,0.46415888336127725,19,0.96667657293737497,5.6244977310004129
a,CV-QRC,Local,1,0,1.8072258030042805,6.4284990281799228
a,CV-QRC,Local,1,1,1.4825303265518437,6.1113683698677708
a,CV-QRC,Local,1,2,1.3614794182219188,5.1626372562880221
a,CV-QRC,Local,1,3,1.6130940488134702,7.1896305345738281
a,CV-QRC,Local,1,4,1.9149161029376307,6.0937861450176776
a,CV-QRC,Local,1,5,1.7229875434528599,7.0663510553810145
a,CV-QRC,Local,1,6,1.6362010114502814,7.0023236461643048
a,CV-QRC,Local,1,7,1.6826151930809174,6.4601449108755746
a,CV-QRC,Local,1,8,1.8042697420855649,5.9513121678968268
a,CV-QRC,Local,1,9,1.5476001134055857,3.9882007906208572
a,CV-QRC,Local,1,10,1.6754312270536171,7.3755765897528835
a,CV-QRC,Local,1,11,1.7576223122321408,4.6355580611914577
a,CV-QRC,Local,1,12,1.7598674736385964,6.2416161860553165
a,CV-QRC,Local,1,13,1.8298230129531137,5.5850870553294945
a,CV-QRC,Local,1,14,1.7387745394137022,7.2827611997403574
a,CV-QRC,Local,1,15,1.6613189869923575,5.0618709321608168
a,CV-QRC,Local,1,16,1.6437847478630712,6.5663037167642067
a,CV-QRC,Local,1,17,1.6640990277761223,7.0759577240723175
a,CV-QRC,Local,1,18,1.7393068846546984,6.6088017764938387
a,CV-QRC,Local,1,19,1.6288630249923612,6.1666660371047657
a,CV-QRC,Local,2.154434690031882,0,2.4136179601778962,5.0183274938556597
a,CV-QRC,Local,2.154434690031882,1,2.1652333005826918,5.3843370173351062
a,CV-QRC,Local,2.154434690031882,2,2.0560928347097231,5.5702575061904467
a,CV-QRC,Local,2.154434690031882,3,2.2720923293753947,4.530854044778116
a,CV-QRC,Local,2.154434690031882,4,2.4844205832242432,5.2047379229266113
a,CV-QRC,Local,2.154434690031882,5,2.354496483555546,5.0910863352483755
a,CV-QRC,Local,2.154434690031882,6,2.2895827296757436,5.3413943337949288
a,CV-QRC,Local,2.154434690031882,7,2.3240155393144071,5.1204190265591478
a,CV-QRC,Local,2.154434690031882,8,2.4116762792786024,5.3448108469764106
a,CV-QRC,Local,2.154434690031882,9,2.2199862936680375,3.9949591221780545
a,CV-QRC,Local,2.154434690031882,10,2.3197930907484334,4.743397986321753
a,CV-QRC,Local,2.154434690031882,11,2.3795119866951748,5.4104272919641456
a,CV-QRC,Local,2.154434690031882,12,2.3808113462692386,5.5518849620530428
a,CV-QRC,Local,2.154434690031882,13,2.4289716962767534,5.4534700031624324
a,CV-QRC,Local,2.154434690031882,14,2.365846197942417,4.9560572469081503
a,CV-QRC,Local,2.154434690031882,15,2.3093383988318186,5.4136160980902845
a,CV-QRC,Local,2.154434690031882,16,2.2959894079431944,5.1999993616764097
a,CV-QRC,Local,2.154434690031882,17,2.3113950721163974,4.4943257593781203
a,CV-QRC,Local,2.154434690031882,18,2.365463637529662,5.1231208867568387
a,CV-QRC,Local,2.154434690031882,19,2.2841743809003558,4.9269447967507443
a,CV-QRC,Local,4.6415888336127722,0,2.754588104377254,5.1667442425241337
a,CV-QRC,Local,4.6415888336127722,1,2.6304937457239488,5.1417111446494523
a,CV-QRC,Local,4.6415888336127722,2,2.5697084323460522,5.1839051724805172
a,CV-QRC,Local,4.6415888336127722,3,2.6860683280112347,5.2046808104265008
a,CV-QRC,Local,4.6415888336127722,4,2.7870180805357228,4.7891518919062932
a,CV-QRC,Local,4.6415888336127722,5,2.7265963313743558,5.1065956345332584
a,CV-QRC,Local,4.6415888336127722,6,2.6947931945969561,5.0066275912892406
a,CV-QRC,Local,4.6415888336127722,7,2.7117341548742737,5.119654545361608
a,CV-QRC,Local,4.6415888336127722,8,2.7536894831571526,5.7202916840375888
a,CV-QRC,Local,4.6415888336127722,9,2.6594523551297811,4.4414267148158775
a,CV-QRC,Local,4.6415888336127722,10,2.7097889398453781,4.9044111389238463
a,CV-QRC,Local,4.6415888336127722,11,2.738585932189745,5.4095021516593693
a,CV-QRC,Local,4.6415888336127722,12,2.7391672968823975,4.9203729210242564
a,CV-QRC,Local,4.6415888336127722,13,2.7617046190933006,5.029136717559072
a,CV-QRC,Local,4.6415888336127722,14,2.7320435165694223,5.4418119687802129
a,CV-QRC,Local,4.6415888336127722,15,2.7046638361408784,5.095204453068793
a,CV-QRC,Local,4.6415888336127722,16,2.6980515993973131,4.9461619408910327
a,CV-QRC,Local,4.6415888336127722,17,2.7056726970172735,5.1191270922364582
a,CV-QRC,Local,4.6415888336127722,18,2.7317770634473892,4.6862878982727807
a,CV-QRC,Local,4.6415888336127722,19,2.6921061503905714,5.4153611901529901
a,CV-QRC,Local,10,0,2.9024697561056927,5.7903280768841023
a,CV-QRC,Local,10,1,2.8507441317847095,5.2236384214848197
a,CV-QRC,Local,10,2,2.8246804022168335,4.9167442329014577
a,CV-QRC,Local,10,3,2.8741039803723143,4.9156714222935856
a,CV-QRC,Local,10,4,2.9157941046394793,5.1307469838689865
a,CV-QRC,Local,10,5,2.8909250175162331,4.9129999604172934
a,CV-QRC,Local,10,6,2.877735631891388,4.9621520244151647
a,CV-QRC,Local,10,7,2.8847667719529699,4.4764895169368604
a,CV-QRC,Local,10,8,2.9021003715036402,5.990412792375551
a,CV-QRC,Local,10,9,2.8629702942050259,4.6340920589290375
a,CV-QRC,Local,10,10,2.8839732179032378,4.575764748854219
a,CV-QRC,Local,10,11,2.8958817248818542,5.0219342874463617
a,CV-QRC,Local,10,12,2.8961169317383231,5.5193811560853048
a,CV-QRC,Local,10,13,2.9053925388375887,5.2285693877729251
a,CV-QRC,Local,10,14,2.8931770318301204,4.8321451979193046
a,CV-QRC,Local,10,15,2.8818480616777684,4.778150776030281
a,CV-QRC,Local,10,16,2.8790997484814622,4.9692664787494509
a,CV-QRC,Local,10,17,2.8822663195389198,4.8968388435754431
a,CV-QRC,Local,10,18,2.8930579508453209,5.3328470324929871
a,CV-QRC,Local,10,19,2.876616410848766,5.0095480274764812
a,CV-QRC,Clustered,1.0000000000000001e-05,0,0.097637850804423845,1.0051511289054134
a,CV-QRC,Clustered,1.0000000000000001e-05,1,0.079171444891582357,0.99774430326960395
a,CV-QRC,Clustered,1.0000000000000001e-05,2,0.090552230951284202,0.99995752339322896
a,CV-QRC,Clustered,1.0000000000000001e-05,3,0.055429185221715763,1.0025666150122816
a,CV-QRC,Clustered,1.0000000000000001e-05,4,0.087207601023861256,1.0000634816426854
a,CV-QRC,Clustered,1.0000000000000001e-05,5,0.05760646872151725,1.003682304284959
a,CV-QRC,Clustered,1.0000000000000001e-05,6,0.099465397006952214,1.0134521896831146
a,CV-QRC,Clustered,1.0000000000000001e-05,7,0.098313564539843648,0.99573691426000577
a,CV-QRC,Clustered,1.0000000000000001e-05,8,0.081008743321914156,1.0006614006756238
a,CV-QRC,Clustered,1.0000000000000001e-05,9,0.086731772644921615,1.0034857146642278
a,CV-QRC,Clustered,1.0000000000000001e-05,10,0.089111180649492194,1.0035777507080574
a,CV-QRC,Clustered,1.0000000000000001e-05,11,0.075089007736168945,1.0004333091658817
a,CV-QRC,Clustered,1.0000000000000001e-05,12,0.072042402386407967,0.9979261390846712
a,CV-QRC,Clustered,1.0000000000000001e-05,13,0.088510169630156565,1.0155483805990362
a,CV-QRC,Clustered,1.0000000000000001e-05,14,0.095717217894745965,1.0028765786994547
a,CV-QRC,Clustered,1.0000000000000001e-05,15,0.080050019790871896,0.99788621371051611
a,CV-QRC,Clustered,1.0000000000000001e-05,16,0.063343716650739679,1.0029092758555147
a,CV-QRC,Clustered,1.0000000000000001e-05,17,0.061662170825272436,1.006365324453232
a,CV-QRC,Clustered,1.0000000000000001e-05,18,0.084133655405960101,1.0051026733091364
a,CV-QRC,Clustered,1.0000000000000001e-05,19,0.066172932494234601,0.99149078368213384
a,CV-QRC,Clustered,2.1544346900318823e-05,0,0.097637717550840719,1.0052054116076248
a,CV-QRC,Clustered,2.1544346900318823e-05,1,0.079171377673864327,0.99832180366678269
a,CV-QRC,Clustered,2.1544346900318823e-05,2,0.090552453442686712,1.0009475106425991
a,CV-QRC,Clustered,2.1544346900318823e-05,3,0.055428509399068751,1.0026322774552761
a,CV-QRC,Clustered,2.1544346900318823e-05,4,0.087207326281958417,1.000564138818774
a,CV-QRC,Clustered,2.1544346900318823e-05,5,0.057606666145867083,1.0038571502114215
a,CV-QRC,Clustered,2.1544346900318823e-05,6,0.099465483885218822,1.0147179483086153
a,CV-QRC,Clustered,2.1544346900318823e-05,7,0.098313655958452345,0.99806060682679854
a,CV-QRC,Clustered,2.1544346900318823e-05,8,0.081008204694213146,1.0007626845972344
a,CV-QRC,Clustered,2.1544346900318823e-05,9,0.086731877775258842,1.0055839952771417
a,CV-QRC,Clustered,2.1544346900318823e-05,10,0.089110949803867356,1.0152978299206792
a,CV-QRC,Clustered,2.1544346900318823e-05,11,0.075089116801226666,1.0008408574700822
a,CV-QRC,Clustered,2.1544346900318823e-05,12,0.072042870793512861,0.99987933094160641
a,CV-QRC,Clustered,2.1544346900318823e-05,13,0.088510717639564862,1.0155223186792823
a,CV-QRC,Clustered,2.1544346900318823e-05,14,0.095717243180125297,1.0030356424897446
a,CV-QRC,Clustered,2.1544346900318823e-05,15,0.080049935099501243,0.99797867581279431
a,CV-QRC,Clustered,2.1544346900318823e-05,16,0.063343765882120665,1.0030322723113265
a,CV-QRC,Clustered,2.1544346900318823e-05,17,0.061661991441251555,1.0083311697060378
a,CV-QRC,Clustered,2.1544346900318823e-05,18,0.084133294073649931,1.0049280475083462
a,CV-QRC,Clustered,2.1544346900318823e-05,19,0.066172908901956734,0.99130005375999619
a,CV-QRC,Clustered,4.6415888336127818e-05,0,0.097637504023940641,1.0372034334885414
a,CV-QRC,Clustered,4.6415888336127818e-05,1,0.079171284318883636,0.99960061791728394
a,CV-QRC,Clustered,4.6415888336127818e-05,2,0.09055296716021774,1.0008138180757706
a,CV-QRC,Clustered,4.6415888336127818e-05,3,0.055427196431488142,1.0068370820756767
a,CV-QRC,Clustered,4.6415888336127818e-05,4,0.087206814195398052,1.0071452107092878
a,CV-QRC,Clustered,4.6415888336127818e-05,5,0.05760716893401218,1.0313743027664934
a,CV-QRC,Clustered,4.6415888336127818e-05,6,0.099465743652276409,1.1260953150400717
a,CV-QRC,Clustered,4.6415888336127818e-05,7,0.098313882316548848,0.99978183760213624
a,CV-QRC,Clustered,4.6415888336127818e-05,8,0.081007114577793859,1.0040712921209525
a,CV-QRC,Clustered,4.6415888336127818e-05,9,0.086732142549823948,1.0082197381875124
a,CV-QRC,Clustered,4.6415888336127818e-05,10,0.089110478515934663,1.0993697251312502
a,CV-QRC,Clustered,4.6415888336127818e-05,11,0.075089398400057988,1.0025269850508636
a,CV-QRC,Clustered,4.6415888336127818e-05,12,0.072044889299247433,1.0278662464670349
a,CV-QRC,Clustered,4.6415888336127818e-05,13,0.088511961874731634,1.0386583980835096
a,CV-QRC,Clustered,4.6415888336127818e-05,14,0.095717340079695665,1.0634661457895058
a,CV-QRC,Clustered,4.6415888336127818e-05,15,0.080049794956242856,0.99804889305529909
a,CV-QRC,Clustered,4.6415888336127818e-05,16,0.063343896186396645,1.0032378316099844
a,CV-QRC,Clustered,4.6415888336127818e-05,17,0.061661702246808531,1.0247932599133656
a,CV-QRC,Clustered,4.6415888336127818e-05,18,0.08413257116001685,1.0810262150097762
a,CV-QRC,Clustered,4.6415888336127818e-05,19,0.066172935995500642,0.99367667403230553
a,CV-QRC,Clustered,0.0001,0,0.097637382199144612,2.1832697460485395
a,CV-QRC,Clustered,0.0001,1,0.079171330969453307,1.241135539874447
a,CV-QRC,Clustered,0.0001,2,0.090554218699871472,1.0909636693423774
a,CV-QRC,Clustered,0.0001,3,0.055425099235603251,1.0502742681145962
a,CV-QRC,Clustered,0.0001,4,0.087206061232907764,1.1827873991806626
a,CV-QRC,Clustered,0.0001,5,0.057608659857468117,1.0532288010022426
a,CV-QRC,Clustered,0.0001,6,0.099466677918517252,1.1188353424391373
a,CV-QRC,Clustered,0.0001,7,0.098314509821228552,1.1063992407704912
a,CV-QRC,Clustered,0.0001,8,0.081005169905448718,1.0099583900288645
a,CV-QRC,Clustered,0.0001,9,0.086732896686060046,1.0563805041731698
a,CV-QRC,Clustered,0.0001,10,0.089109613654504233,2.0602238618249191
a,CV-QRC,Clustered,0.0001,11,0.075090205002374094,1.004490952531663
a,CV-QRC,Clustered,0.0001,12,0.072053380463855246,1.7115725091711966
a,CV-QRC,Clustered,0.0001,13,0.088515031601507851,1.1667061852787797
a,CV-QRC,Clustered,0.0001,14,0.095717805284098109,1.7780561316566874
a,CV-QRC,Clustered,0.0001,15,0.080049760010337007,1.0057902007279778
a,CV-QRC,Clustered,0.0001,16,0.063344293211837835,1.0305417252422968
a,CV-QRC,Clustered,0.0001,17,0.061661504227573619,1.0713298728659173
a,CV-QRC,Clustered,0.0001,18,0.084131298085336412,1.9064947532115539
a,CV-QRC,Clustered,0.0001,19,0.066173354685343452,1.0353337188415239
a,CV-QRC,Clustered,0.00021544346900318823,0,0.097638389725859295,2.3950172860637933
a,CV-QRC,Clustered,0.00021544346900318823,1,0.079172499280409467,1.9898280432796642
a,CV-QRC,Clustered,0.00021544346900318823,2,0.090557785181358375,1.9983845074617261
a,CV-QRC,Clustered,0.00021544346900318823,3,0.055424041477999529,1.1887589401861143
a,CV-QRC,Clustered,0.00021544346900318823,4,0.087205686887594794,1.377272544878958
a,CV-QRC,Clustered,0.00021544346900318823,5,0.057613588947680754,1.1895783114849996
a,CV-QRC,Clustered,0.00021544346900318823,6,0.099470509960013387,1.8692810235309678
a,CV-QRC,Clustered,0.00021544346900318823,7,0.098316744048247875,1.5768157341000617
a,CV-QRC,Clustered,0.00021544346900318823,8,0.081002435445307067,1.0969261447041356
a,CV-QRC,Clustered,0.00021544346900318823,9,0.086735320758807646,2.0180458507661929
a,CV-QRC,Clustered,0.00021544346900318823,10,0.089108530763783236,2.1070001921946293
a,CV-QRC,Clustered,0.00021544346900318823,11,0.075092786237815387,1.8493198013925867
a,CV-QRC,Clustered,0.00021544346900318823,12,0.072086883998233792,2.8634218275836463
a,CV-QRC,Clustered,0.00021544346900318823,13,0.088523266130283218,1.7106201332307498
a,CV-QRC,Clustered,0.00021544346900318823,14,0.095719942639549901,2.7652843089742545
a,CV-QRC,Clustered,0.00021544346900318823,15,0.080050676822112476,1.1256523237742722
a,CV-QRC,Clustered,0.00021544346900318823,16,0.063345633253382091,1.0501683408172864
a,CV-QRC,Clustered,0.00021544346900318823,17,0.061663131025692403,1.3061193720899862
a,CV-QRC,Clustered,0.00021544346900318823,18,0.08413014893350812,1.994065782141683
a,CV-QRC,Clustered,0.00021544346900318823,19,0.066175876024677976,1.9180875588401287
a,CV-QRC,Clustered,0.00046415888336127773,0,0.097646429156828571,2.7827512291637388
a,CV-QRC,Clustered,0.00046415888336127773,1,0.079178875032551943,2.8567729559877137
a,CV-QRC,Clustered,0.00046415888336127773,2,0.090568554236821835,2.0866143418209009
a,CV-QRC,Clustered,0.00046415888336127773,3,0.055437291759532138,2.5029366611077188
a,CV-QRC,Clustered,0.00046415888336127773,4,0.087211462067521256,1.8000411456508498
a,CV-QRC,Clustered,0.00046415888336127773,5,0.057632324566451641,2.0053372873692572
a,CV-QRC,Clustered,0.00046415888336127773,6,0.099486561572988047,2.3411721961496168
a,CV-QRC,Clustered,0.00046415888336127773,7,0.098325618322910549,1.927029117423855
a,CV-QRC,Clustered,0.00046415888336127773,8,0.081002285664649371,2.0627811540743055
a,CV-QRC,Clustered,0.00046415888336127773,9,0.08674420293333826,2.0879232495597702
a,CV-QRC,Clustered,0.00046415888336127773,10,0.089110022470329384,2.2637173058125262
a,CV-QRC,Clustered,0.00046415888336127773,11,0.075102405428827429,1.9616468369738951
a,CV-QRC,Clustered,0.00046415888336127773,12,0.072199344593837991,2.9388489760565251
a,CV-QRC,Clustered,0.00046415888336127773,13,0.08854958515849308,2.4002852369724206
a,CV-QRC,Clustered,0.00046415888336127773,14,0.095729862235414381,2.8882793390985335
a,CV-QRC,Clustered,0.00046415888336127773,15,0.080056958569789477,2.1907214156349095
a,CV-QRC,Clustered,0.00046415888336127773,16,0.063351305919920511,2.0344801523009104
a,CV-QRC,Clustered,0.00046415888336127773,17,0.06167570379380613,2.2440415850950561
a,CV-QRC,Clustered,0.00046415888336127773,18,0.084134074460189487,1.9951761775221999
a,CV-QRC,Clustered,0.00046415888336127773,19,0.06618973383398763,2.7418628017192068
a,CV-QRC,Clustered,0.001,0,0.097693901022886054,2.8538197769779621
a,CV-QRC,Clustered,0.001,1,0.079211536491656312,2.9438598756918211
a,CV-QRC,Clustered,0.001,2,0.09060565125244098,2.1378561766789836
a,CV-QRC,Clustered,0.001,3,0.055527898933129517,2.7676202753191204
a,CV-QRC,Clustered,0.001,4,0.087258199277007412,2.331906670544269
a,CV-QRC,Clustered,0.001,5,0.057714846622606647,2.8027947386681364
a,CV-QRC,Clustered,0.001,6,0.099556373579745283,2.6667739478171635
a,CV-QRC,Clustered,0.001,7,0.098363629396963415,2.2029333177195145
a,CV-QRC,Clustered,0.001,8,0.081034152322334199,2.1250307157310093
a,CV-QRC,Clustered,0.001,9,0.086780593187479715,2.2803122610098852
a,CV-QRC,Clustered,0.001,10,0.089129812720364812,2.6027463238287138
a,CV-QRC,Clustered,0.001,11,0.075144387624133752,2.0070981647163753
a,CV-QRC,Clustered,0.001,12,0.07252724715238644,3.0963025521887553
a,CV-QRC,Clustered,0.001,13,0.08864422892680883,2.7031609333355218
a,CV-QRC,Clustered,0.001,14,0.095777273379483718,2.9216467150985355
a,CV-QRC,Clustered,0.001,15,0.080091208846844841,2.5468931831906532
a,CV-QRC,Clustered,0.001,16,0.063377428536240774,2.2479657017694112
a,CV-QRC,Clustered,0.001,17,0.061748108780213667,2.5918983172687646
a,CV-QRC,Clustered,0.001,18,0.084171155268541312,2.0280552174221222
a,CV-QRC,Clustered,0.001,19,0.06625624698535118,2.8906548008153332
a,CV-QRC,Clustered,0.0021544346900318821,0,0.097939507799791894,2.8758662258821808
a,CV-QRC,Clustered,0.0021544346900318821,1,0.079371016275068165,2.9681448787856586
a,CV-QRC,Clustered,0.0021544346900318821,2,0.090750613737850136,2.2837569096058528
a,CV-QRC,Clustered,0.0021544346900318821,3,0.055977649716012573,2.9226622256061239
a,CV-QRC,Clustered,0.0021544346900318821,4,0.087520077524072079,2.713586592188328
a,CV-QRC,Clustered,0.0021544346900318821,5,0.058120360476771916,2.8515760523908895
a,CV-QRC,Clustered,0.0021544346900318821,6,0.099865256068471506,2.8516684808748369
a,CV-QRC,Clustered,0.0021544346900318821,7,0.098526666265860485,2.4840903952890399
a,CV-QRC,Clustered,0.0021544346900318821,8,0.081243745442619322,2.3085242445898091
a,CV-QRC,Clustered,0.0021544346900318821,9,0.086932404895714244,2.5688667880317575
a,CV-QRC,Clustered,0.0021544346900318821,10,0.089252962401562511,2.8568771116631684
a,CV-QRC,Clustered,0.0021544346900318821,11,0.075331345528308377,2.0774161837943139
a,CV-QRC,Clustered,0.0021544346900318821,12,0.0734577000988475,3.2265998558634319
a,CV-QRC,Clustered,0.0021544346900318821,13,0.089018863498636455,2.8553110655195661
a,CV-QRC,Clustered,0.0021544346900318821,14,0.095997084669518604,2.9308902187094747
a,CV-QRC,Clustered,0.0021544346900318821,15,0.080258977125685263,2.7457076038794099
a,CV-QRC,Clustered,0.0021544346900318821,16,0.063498106738970869,2.5924484832331678
a,CV-QRC,Clustered,0.0021544346900318821,17,0.062096278849702549,2.8924573211300606
a,CV-QRC,Clustered,0.0021544346900318821,18,0.084384654393269282,2.1928600039477439
a,CV-QRC,Clustered,0.0021544346900318821,19,0.066538096194201812,2.9343936232343286
a,CV-QRC,Clustered,0.0046415888336127772,0,0.099104665004435002,2.8917161432688805
a,CV-QRC,Clustered,0.0046415888336127772,1,0.080130659082001371,2.9796330671075508
a,CV-QRC,Clustered,0.0046415888336127772,2,0.091346484886560025,2.5898006682304668
a,CV-QRC,Clustered,0.0046415888336127772,3,0.057828886034134226,3.0084821598127789
a,CV-QRC,Clustered,0.0046415888336127772,4,0.088798124520384936,2.9437285570413274
a,CV-QRC,Clustered,0.0046415888336127772,5,0.060177869990141471,3.0101896654312985
a,CV-QRC,Clustered,0.0046415888336127772,6,0.10119413468054093,2.9195665306480345
a,CV-QRC,Clustered,0.0046415888336127772,7,0.099268527522867189,2.7326193585042815
a,CV-QRC,Clustered,0.0046415888336127772,8,0.082297535453942833,2.5842380447599576
a,CV-QRC,Clustered,0.0046415888336127772,9,0.087570764345834232,2.7486812982256543
a,CV-QRC,Clustered,0.0046415888336127772,10,0.089918268785827385,2.961793424372944
a,CV-QRC,Clustered,0.0046415888336127772,11,0.076158384583560501,2.2646175642560227
a,CV-QRC,Clustered,0.0046415888336127772,12,0.076222867618206167,3.3412207225453971
a,CV-QRC,Clustered,0.0046415888336127772,13,0.090560789407070574,2.948456670617456
a,CV-QRC,Clustered,0.0046415888336127772,14,0.096992106693648994,2.9410586253721034
a,CV-QRC,Clustered,0.0046415888336127772,15,0.081042822824622773,2.8280486188552274
a,CV-QRC,Clustered,0.0046415888336127772,16,0.064087244483866643,2.8524440871530796
a,CV-QRC,Clustered,0.0046415888336127772,17,0.06369852202523428,2.9775087530003312
a,CV-QRC,Clustered,0.0046415888336127772,18,0.085423131190500906,2.5262644556931537
a,CV-QRC,Clustered,0.0046415888336127772,19,0.067656608815214514,2.9536718235836119
a,CV-QRC,Clustered,0.01,0,0.10435090659597081,2.9167412298219766
a,CV-QRC,Clustered,0.01,1,0.083563760448395447,3.0035771055179921
a,CV-QRC,Clustered,0.01,2,0.093805351657474695,2.8310753824728434
a,CV-QRC,Clustered,0.01,3,0.064531457467947528,3.1276734540856532
a,CV-QRC,Clustered,0.01,4,0.094928558680159217,3.0958075399697518
a,CV-QRC,Clustered,0.01,5,0.067925130416784482,3.3284190533813964
a,CV-QRC,Clustered,0.01,6,0.10631414438355068,2.9397319949807756
a,CV-QRC,Clustered,0.01,7,0.10264815089186807,2.8489526186522016
a,CV-QRC,Clustered,0.01,8,0.08733173195422364,2.7408187255972911
a,CV-QRC,Clustered,0.01,9,0.090339716418894198,2.8659230454669204
a,CV-QRC,Clustered,0.01,10,0.093350944156091145,3.0582935388190724
a,CV-QRC,Clustered,0.01,11,0.080014433120087533,2.6539463349691776
a,CV-QRC,Clustered,0.01,12,0.084479945810717785,3.4238238588841909
a,CV-QRC,Clustered,0.01,13,0.097000674772586046,3.0036773465502238
a,CV-QRC,Clustered,0.01,14,0.1012800561613502,2.9757553546221192
a,CV-QRC,Clustered,0.01,15,0.08472717080299122,2.891845282493867
a,CV-QRC,Clustered,0.01,16,0.067116524000825503,2.9476173420208864
a,CV-QRC,Clustered,0.01,17,0.070313625214984313,3.0552076700745183
a,CV-QRC,Clustered,0.01,18,0.090197865213171094,2.7926268310986884
a,CV-QRC,Clustered,0.01,19,0.071891429833876891,2.9903230180800193
a,CV-QRC,Clustered,0.021544346900318822,0,0.12614211225660316,2.9471867430845378
a,CV-QRC,Clustered,0.021544346900318822,1,0.09759929193321952,3.0786436628177665
a,CV-QRC,Clustered,0.021544346900318822,2,0.10340723731354333,2.9209456233042532
a,CV-QRC,Clustered,0.021544346900318822,3,0.087059231594415989,3.3325256302765354
a,CV-QRC,Clustered,0.021544346900318822,4,0.12240386967103623,3.1365630927368056
a,CV-QRC,Clustered,0.021544346900318822,5,0.093245779510109233,3.666013075628479
a,CV-QRC,Clustered,0.021544346900318822,6,0.12405721124644968,2.9536967249220112
a,CV-QRC,Clustered,0.021544346900318822,7,0.11710767784729254,2.8879304326408848
a,CV-QRC,Clustered,0.021544346900318822,8,0.10856111099127706,2.7983876311047577
a,CV-QRC,Clustered,0.021544346900318822,9,0.10216065806999902,3.0893862485438923
a,CV-QRC,Clustered,0.021544346900318822,10,0.10995743589036183,3.2154606558872625
a,CV-QRC,Clustered,0.021544346900318822,11,0.098241580281971011,2.9367551925958466
a,CV-QRC,Clustered,0.021544346900318822,12,0.10939192809491578,3.5111602860514757
a,CV-QRC,Clustered,0.021544346900318822,13,0.1225319803130481,3.028778890933284
a,CV-QRC,Clustered,0.021544346900318822,14,0.11885752936212714,3.0688071777357435
a,CV-QRC,Clustered,0.021544346900318822,15,0.1003876963783755,2.9416385358902759
a,CV-QRC,Clustered,0.021544346900318822,16,0.083012555539760141,2.9726937404123142
a,CV-QRC,Clustered,0.021544346900318822,17,0.09332013809093187,3.176709394359059
a,CV-QRC,Clustered,0.021544346900318822,18,0.11039595501050557,2.932118493871537
a,CV-QRC,Clustered,0.021544346900318822,19,0.088390814492367645,3.0669806164901008
a,CV-QRC,Clustered,0.046415888336127774,0,0.19908974327548426,2.9734218871001845
a,CV-QRC,Clustered,0.046415888336127774,1,0.1457766142288664,3.2296283226344631
a,CV-QRC,Clustered,0.046415888336127774,2,0.13859580151643341,2.9614102193628562
a,CV-QRC,Clustered,0.046415888336127774,3,0.15081096868733943,3.4577516604704268
a,CV-QRC,Clustered,0.046415888336127774,4,0.20698217823806467,3.1191419030885057
a,CV-QRC,Clustered,0.046415888336127774,5,0.16565491595831197,3.8979917170260601
a,CV-QRC,Clustered,0.046415888336127774,6,0.18094074107963423,2.974965224241187
a,CV-QRC,Clustered,0.046415888336127774,7,0.17395710697558417,2.91279974061439
a,CV-QRC,Clustered,0.046415888336127774,8,0.18209112757282711,2.847085297878297
a,CV-QRC,Clustered,0.046415888336127774,9,0.14863829382617974,3.4065107449861345
a,CV-QRC,Clustered,0.046415888336127774,10,0.16895356105576881,3.3482208021459972
a,CV-QRC,Clustered,0.046415888336127774,11,0.16710682845467917,2.9975872059263171
a,CV-QRC,Clustered,0.046415888336127774,12,0.180810060950785,3.6660081327510108
a,CV-QRC,Clustered,0.046415888336127774,13,0.20008734151983296,3.050952487153554
a,CV-QRC,Clustered,0.046415888336127774,14,0.18116648603208113,3.25727671815189
a,CV-QRC,Clustered,0.046415888336127774,15,0.16011793767135785,2.9710527938631537
a,CV-QRC,Clustered,0.046415888336127774,16,0.14707526375930396,2.9783875539778015
a,CV-QRC,Clustered,0.046415888336127774,17,0.15946053946219252,3.257803029575967
a,CV-QRC,Clustered,0.046415888336127774,18,0.17790350023567233,3.0104729701266519
a,CV-QRC,Clustered,0.046415888336127774,19,0.14777130780718753,3.146931920833667
a,CV-QRC,Clustered,0.10000000000000001,0,0.36235415634831369,3.0266055284186875
a,CV-QRC,Clustered,0.10000000000000001,1,0.26661563054848203,3.318788352014189
a,CV-QRC,Clustered,0.10000000000000001,2,0.23848317268838881,3.0363104452556446
a,CV-QRC,Clustered,0.10000000000000001,3,0.29158536721890366,3.4028915030315514
a,CV-QRC,Clustered,0.10000000000000001,4,0.39377231716539862,3.0880906767035197
a,CV-QRC,Clustered,0.10000000000000001,5,0.32430725536287769,4.0171274882660502
a,CV-QRC,Clustered,0.10000000000000001,6,0.32050896832595988,3.0297389674659199
a,CV-QRC,Clustered,0.10000000000000001,7,0.32081038306947202,3.0635951482063812
a,CV-QRC,Clustered,0.10000000000000001,8,0.3515812916054446,2.9199837473257277
a,CV-QRC,Clustered,0.10000000000000001,9,0.27670021252717097,3.6941283609025564
a,CV-QRC,Clustered,0.10000000000000001,10,0.31583222110099407,3.4773382852491492
a,CV-QRC,Clustered,0.10000000000000001,11,0.33083219556606136,3.0193525436676274
a,CV-QRC,Clustered,0.10000000000000001,12,0.34326389250793038,4.0648477813642172
a,CV-QRC,Clustered,0.10000000000000001,13,0.36899770796353587,3.0841169428898487
a,CV-QRC,Clustered,0.10000000000000001,14,0.3358754929475109,3.5169835392157207
a,CV-QRC,Clustered,0.10000000000000001,15,0.30559928719060825,3.0046848060767464
a,CV-QRC,Clustered,0.10000000000000001,16,0.29552168298897102,2.9855879729079939
a,CV-QRC,Clustered,0.10000000000000001,17,0.30747829855794456,3.5235713391331589
a,CV-QRC,Clustered,0.10000000000000001,18,0.33508459362806142,3.1597535902533846
a,CV-QRC,Clustered,0.10000000000000001,19,0.29086821097530852,3.2958444865826331
a,CV-QRC,Clustered,0.21544346900318823,0,0.68821449833403692,3.296896698145054
a,CV-QRC,Clustered,0.21544346900318823,1,0.51385182892275127,3.2813286722241233
a,CV-QRC,Clustered,0.21544346900318823,2,0.45274373101353377,3.2564815888189935
a,CV-QRC,Clustered,0.21544346900318823,3,0.57302871895677387,3.3432365575200174
a,CV-QRC,Clustered,0.21544346900318823,4,0.75724315131489073,3.1533368030831364
a,CV-QRC,Clustered,0.21544346900318823,5,0.63496332542060008,4.1665531520955845
a,CV-QRC,Clustered,0.21544346900318823,6,0.60020624032597125,3.2158108535165577
a,CV-QRC,Clustered,0.21544346900318823,7,0.61634714527310897,3.2193971676499564
a,CV-QRC,Clustered,0.21544346900318823,8,0.68380316139949138,2.9796355612041014
a,CV-QRC,Clustered,0.21544346900318823,9,0.5406039498674059,3.9091353339782686
a,CV-QRC,Clustered,0.21544346900318823,10,0.6087790620974427,3.5849949029236492
a,CV-QRC,Clustered,0.21544346900318823,11,0.65335734920324573,3.0624737619945899
a,CV-QRC,Clustered,0.21544346900318823,12,0.66077818101212704,4.2421430483270495
a,CV-QRC,Clustered,0.21544346900318823,13,0.70295651287831373,3.0605790147033929
a,CV-QRC,Clustered,0.21544346900318823,14,0.64675572061359432,3.6616088473255317
a,CV-QRC,Clustered,0.21544346900318823,15,0.59916354361999113,3.2705800167562011
a,CV-QRC,Clustered,0.21544346900318823,16,0.58812856885162945,3.1741141172584508
a,CV-QRC,Clustered,0.21544346900318823,17,0.60128970671004955,3.7424931832788388
a,CV-QRC,Clustered,0.21544346900318823,18,0.64656778618505018,3.3520736822924402
a,CV-QRC,Clustered,0.21544346900318823,19,0.57934211919912137,3.886158374060348
a,CV-QRC,Clustered,0.46415888336127725,0,1.2377414415100045,3.2008002438068983
a,CV-QRC,Clustered,0.46415888336127725,1,0.96079467382738659,3.5676158242388465
a,CV-QRC,Clustered,0.46415888336127725,2,0.8627071294385934,3.5041621756447019
a,CV-QRC,Clustered,0.46415888336127725,3,1.0647041931602059,3.653698770730089
a,CV-QRC,Clustered,0.46415888336127725,4,1.339985263843023,3.745552134922308
a,CV-QRC,Clustered,0.46415888336127725,5,1.1604842552752834,3.8990367580675414
a,CV-QRC,Clustered,0.46415888336127725,6,1.0910168430365048,3.5957987617022091
a,CV-QRC,Clustered,0.46415888336127725,7,1.1256087406802442,3.2768556035919083
a,CV-QRC,Clustered,0.46415888336127725,8,1.234132657880862,3.1081983385019401
a,CV-QRC,Clustered,0.46415888336127725,9,1.0111874437191291,3.9001860036493596
a,CV-QRC,Clustered,0.46415888336127725,10,1.1177001604806911,3.4640426312010844
a,CV-QRC,Clustered,0.46415888336127725,11,1.1911603198469984,3.353557586738134
a,CV-QRC,Clustered,0.46415888336127725,12,1.1951097375234712,4.5294169350241198
a,CV-QRC,Clustered,0.46415888336127725,13,1.2588955220643352,3.4551383174135908
a,CV-QRC,Clustered,0.46415888336127725,14,1.1754457392479767,3.5043630040624381
a,CV-QRC,Clustered,0.46415888336127725,15,1.1064027170932056,3.518702430188136
a,CV-QRC,Clustered,0.46415888336127725,16,1.0908994189777848,3.5107523107347443
a,CV-QRC,Clustered,0.46415888336127725,17,1.1087875489149286,3.6440837497346052
a,CV-QRC,Clustered,0.46415888336127725,18,1.1747160578989104,3.2626031761677732
a,CV-QRC,Clustered,0.46415888336127725,19,1.0773378062417573,3.8745945139424922
a,CV-QRC,Clustered,1,0,1.9196327364094723,3.9527453366212124
a,CV-QRC,Clustered,1,1,1.6071015382213663,4.2132949838842508
a,CV-QRC,Clustered,1,2,1.4849109139331809,3.9377485348265209
a,CV-QRC,Clustered,1,3,1.7336330322365066,3.9564479782876334
a,CV-QRC,Clustered,1,4,2.0206932271543381,3.8587779796056663
a,CV-QRC,Clustered,1,5,1.8394164498648853,4.9213962587006419
a,CV-QRC,Clustered,1,6,1.7574903037601157,3.9789188915381022
a,CV-QRC,Clustered,1,7,1.7997605144717745,3.92851937344291
a,CV-QRC,Clustered,1,8,1.916681039391944,3.1545126156881524
a,CV-QRC,Clustered,1,9,1.6706452469726552,4.3667922076418115
a,CV-QRC,Clustered,1,10,1.7938325210724491,4.2496674650674606
a,CV-QRC,Clustered,1,11,1.8727345129169699,4.0110583011698751
a,CV-QRC,Clustered,1,12,1.8749479769513229,4.658335191367402
a,CV-QRC,Clustered,1,13,1.9410799880504528,3.9268817418430984
a,CV-QRC,Clustered,1,14,1.8547320714334425,3.7964148269952549
a,CV-QRC,Clustered,1,15,1.7807646874782659,3.8321898497876101
a,CV-QRC,Clustered,1,16,1.76372345990861,3.749818622897557
a,CV-QRC,Clustered,1,17,1.7833398299178869,4.0060276962162469
a,CV-QRC,Clustered,1,18,1.8538111438960658,4.0396062983179881
a,CV-QRC,Clustered,1,19,1.7485194935364492,4.1077099887994901
a,CV-QRC,Clustered,2.154434690031882,0,2.4731906699568054,3.9150374013470444
a,CV-QRC,Clustered,2.154434690031882,1,2.2511412107451019,4.2520394102472467
a,CV-QRC,Clustered,2.154434690031882,2,2.1513593376632372,4.064220347717284
a,CV-QRC,Clustered,2.154434690031882,3,2.3470959536937817,4.2641375049479588
a,CV-QRC,Clustered,2.154434690031882,4,2.5357712626461661,4.0674566345722987
a,CV-QRC,Clustered,2.154434690031882,5,2.4206752067743591,4.4794705573150591
a,CV-QRC,Clustered,2.154434690031882,6,2.3630770907851391,3.9410708503420526
a,CV-QRC,Clustered,2.154434690031882,7,2.3934078478334881,4.280762229390044
a,CV-QRC,Clustered,2.154434690031882,8,2.471422474416971,3.7319217529959263
a,CV-QRC,Clustered,2.154434690031882,9,2.3005279121753004,4.1983587957011519
a,CV-QRC,Clustered,2.154434690031882,10,2.3897766420922424,4.3242717625810538
a,CV-QRC,Clustered,2.154434690031882,11,2.4429713052250048,3.8290774546126007
a,CV-QRC,Clustered,2.154434690031882,12,2.4441352704563282,4.5342403376565033
a,CV-QRC,Clustered,2.154434690031882,13,2.4867705271441354,4.1967682505352997
a,CV-QRC,Clustered,2.154434690031882,14,2.4308311255442279,4.0461463387411181
a,CV-QRC,Clustered,2.154434690031882,15,2.380543030715975,3.9681014219576589
a,CV-QRC,Clustered,2.154434690031882,16,2.3685973591279268,4.2177583885237224
a,CV-QRC,Clustered,2.154434690031882,17,2.382353120679483,4.210439099040685
a,CV-QRC,Clustered,2.154434690031882,18,2.4302320501943164,4.0431604835203787
a,CV-QRC,Clustered,2.154434690031882,19,2.3578287965016256,4.2889913357793077
a,CV-QRC,Clustered,4.6415888336127722,0,2.7741044357638942,4.1505798708652044
a,CV-QRC,Clustered,4.6415888336127722,1,2.6645173081592941,4.0385381664431819
a,CV-QRC,Clustered,4.6415888336127722,2,2.6109518767288842,3.6982598870905554
a,CV-QRC,Clustered,4.6415888336127722,3,2.7134434919399295,4.5144764214683022
a,CV-QRC,Clustered,4.6415888336127722,4,2.8029728075240694,4.1249430961872644
a,CV-QRC,Clustered,4.6415888336127722,5,2.7492757855236363,4.706918899338052
a,CV-QRC,Clustered,4.6415888336127722,6,2.7212110562123986,4.2860030943799448
a,CV-QRC,Clustered,4.6415888336127722,7,2.7361195548444268,4.1963257629835056
a,CV-QRC,Clustered,4.6415888336127722,8,2.7732949751316931,3.9759811570264847
a,CV-QRC,Clustered,4.6415888336127722,9,2.6900227858443784,4.2758642780854821
a,CV-QRC,Clustered,4.6415888336127722,10,2.7344109407375914,4.1335442350116631
a,CV-QRC,Clustered,4.6415888336127722,11,2.7599094635967818,4.3323644248892723
a,CV-QRC,Clustered,4.6415888336127722,12,2.7604267287385524,5.0353489703886858
a,CV-QRC,Clustered,4.6415888336127722,13,2.7804193777568571,4.0397332055969803
a,CV-QRC,Clustered,4.6415888336127722,14,2.7541136766463641,4.0434585163838808
a,CV-QRC,Clustered,4.6415888336127722,15,2.7298958241144056,4.1352378422094409
a,CV-QRC,Clustered,4.6415888336127722,16,2.7240512904768313,4.1716205807417452
a,CV-QRC,Clustered,4.6415888336127722,17,2.7307825142996403,4.3931467366684096
a,CV-QRC,Clustered,4.6415888336127722,18,2.7538383718986981,4.2885139031750743
a,CV-QRC,Clustered,4.6415888336127722,19,2.7187586639278951,4.0765956446022811
a,CV-QRC,Clustered,10,0,2.907456099296168,4.1329393567263644
a,CV-QRC,Clustered,10,1,2.8602318015566492,4.3112559633344665
a,CV-QRC,Clustered,10,2,2.83671084622523,4.0238349917644767
a,CV-QRC,Clustered,10,3,2.8814447435242356,4.4914502658085826
a,CV-QRC,Clustered,10,4,2.9197795464342127,4.1369720381386355
a,CV-QRC,Clustered,10,5,2.8968350272243528,4.7564131917482619
a,CV-QRC,Clustered,10,6,2.8847698526097041,4.3161255115747927
a,CV-QRC,Clustered,10,7,2.8911912158528503,4.043668084955824
a,CV-QRC,Clustered,10,8,2.9071130462707275,3.9879574042071328
a,CV-QRC,Clustered,10,9,2.8713206933122777,4.0269008465655141
a,CV-QRC,Clustered,10,10,2.8904656875492627,4.1313326968302615
a,CV-QRC,Clustered,10,11,2.9013904837166216,4.3871164585278031
a,CV-QRC,Clustered,10,12,2.9016068719275898,4.4476863282410566
a,CV-QRC,Clustered,10,13,2.9101505905464857,4.178866749314194
a,CV-QRC,Clustered,10,14,2.8989052834229851,4.1142626969517861
a,CV-QRC,Clustered,10,15,2.8885231031014884,3.9607913995122859
a,CV-QRC,Clustered,10,16,2.8860106951153504,4.2426650730302313
a,CV-QRC,Clustered,10,17,2.8889048691071677,4.6317984351109835
a,CV-QRC,Clustered,10,18,2.8987898812268256,4.355014378663042
a,CV-QRC,Clustered,10,19,2.8837347456389502,4.0601131423247203
a,CV-QRC,Global,1.0000000000000001e-05,0,0.14166563480492109,2.9895636750566035
a,CV-QRC,Global,1.0000000000000001e-05,1,0.13756819580357818,3.0518653257410531
a,CV-QRC,Global,1.0000000000000001e-05,2,0.15893878692089153,3.0599130566092922
a,CV-QRC,Global,1.0000000000000001e-05,3,0.14570440544335356,3.3450421277825395
a,CV-QRC,Global,1.0000000000000001e-05,4,0.14782795525695397,3.0092094116486923
a,CV-QRC,Global,1.0000000000000001e-05,5,0.12825784962459083,3.0264725095392087
a,CV-QRC,Global,1.0000000000000001e-05,6,0.13579597036462804,3.0277750311544329
a,CV-QRC,Global,1.0000000000000001e-05,7,0.15308829248868741,3.0210678550417871
a,CV-QRC,Global,1.0000000000000001e-05,8,0.1360098174534331,2.9851528509708287
a,CV-QRC,Global,1.0000000000000001e-05,9,0.14663728048184982,2.9929124930508624
a,CV-QRC,Global,1.0000000000000001e-05,10,0.14063325177096467,3.0320305091606121
a,CV-QRC,Global,1.0000000000000001e-05,11,0.13882337424809049,2.9955553950632821
a,CV-QRC,Global,1.0000000000000001e-05,12,0.1497172976666698,3.0054428739997254
a,CV-QRC,Global,1.0000000000000001e-05,13,0.14006168822752657,2.9870169708671308
a,CV-QRC,Global,1.0000000000000001e-05,14,0.13754204394442859,2.9560684722489476
a,CV-QRC,Global,1.0000000000000001e-05,15,0.13127244097681318,2.998904017901677
a,CV-QRC,Global,1.0000000000000001e-05,16,0.14621271791311277,2.978491322088046
a,CV-QRC,Global,1.0000000000000001e-05,17,0.13666741777360075,3.00887831117182
a,CV-QRC,Global,1.0000000000000001e-05,18,0.14257040285354236,3.0211017225093149
a,CV-QRC,Global,1.0000000000000001e-05,19,0.14554993436640631,3.0598614318816182
a,CV-QRC,Global,2.1544346900318823e-05,0,0.14167368158520702,2.9893514167894137
a,CV-QRC,Global,2.1544346900318823e-05,1,0.13756967675785478,3.0246622831963785
a,CV-QRC,Global,2.1544346900318823e-05,2,0.15894029489256351,3.0530083586007075
a,CV-QRC,Global,2.1544346900318823e-05,3,0.14570627014695764,3.4109533564744252
a,CV-QRC,Global,2.1544346900318823e-05,4,0.1478327207057602,3.008012797743107
a,CV-QRC,Global,2.1544346900318823e-05,5,0.12826049790515923,3.0680012630422437
a,CV-QRC,Global,2.1544346900318823e-05,6,0.1358002468471329,3.0299853015681903
a,CV-QRC,Global,2.1544346900318823e-05,7,0.15308910173155413,3.0268182465060898
a,CV-QRC,Global,2.1544346900318823e-05,8,0.1360098248303365,3.8716517576767493
a,CV-QRC,Global,2.1544346900318823e-05,9,0.14663769254895728,3.0199820421465913
a,CV-QRC,Global,2.1544346900318823e-05,10,0.14063575921532065,3.0342390478814005
a,CV-QRC,Global,2.1544346900318823e-05,11,0.13883194913562358,3.0062017787026809
a,CV-QRC,Global,2.1544346900318823e-05,12,0.14971969088771167,3.0097083522652124
a,CV-QRC,Global,2.1544346900318823e-05,13,0.14006331876545328,2.9905645379116073
a,CV-QRC,Global,2.1544346900318823e-05,14,0.13754336445684803,3.2130544664204068
a,CV-QRC,Global,2.1544346900318823e-05,15,0.13127397409877334,3.004875549060031
a,CV-QRC,Global,2.1544346900318823e-05,16,0.14621340886129669,3.2862040257684848
a,CV-QRC,Global,2.1544346900318823e-05,17,0.1366678086571696,3.0134833371123455
a,CV-QRC,Global,2.1544346900318823e-05,18,0.14257109185621389,3.0229831297014096
a,CV-QRC,Global,2.1544346900318823e-05,19,0.14554964472107465,3.1333836746039232
a,CV-QRC,Global,4.6415888336127818e-05,0,0.14169195566836276,2.9890400783260782
a,CV-QRC,Global,4.6415888336127818e-05,1,0.13757301420960216,3.2154541791183129
a,CV-QRC,Global,4.6415888336127818e-05,2,0.15894368698670355,3.0514296074065639
a,CV-QRC,Global,4.6415888336127818e-05,3,0.14571055577835088,3.4565391094014717
a,CV-QRC,Global,4.6415888336127818e-05,4,0.14784358444348727,3.0070607095313431
a,CV-QRC,Global,4.6415888336127818e-05,5,0.12826660044301511,3.8659396657548069
a,CV-QRC,Global,4.6415888336127818e-05,6,0.13581004696473847,3.0315793248438023
a,CV-QRC,Global,4.6415888336127818e-05,7,0.15309107140253669,3.0353151502327327
a,CV-QRC,Global,4.6415888336127818e-05,8,0.13601023883651989,3.8752368439642115
a,CV-QRC,Global,4.6415888336127818e-05,9,0.14663865869990675,3.4251959878410085
a,CV-QRC,Global,4.6415888336127818e-05,10,0.14064142210961875,3.0394129698283878
a,CV-QRC,Global,4.6415888336127818e-05,11,0.13885099147452606,3.0362381833994223
a,CV-QRC,Global,4.6415888336127818e-05,12,0.14972514732848893,3.0198493412508696
a,CV-QRC,Global,4.6415888336127818e-05,13,0.14006737389793983,3.0009240412555709
a,CV-QRC,Global,4.6415888336127818e-05,14,0.13754642111001877,3.2052180715155796
a,CV-QRC,Global,4.6415888336127818e-05,15,0.13127801757585383,3.007835993588805
a,CV-QRC,Global,4.6415888336127818e-05,16,0.14621520625366372,3.761177493173637
a,CV-QRC,Global,4.6415888336127818e-05,17,0.13666889703757701,3.0178503031877035
a,CV-QRC,Global,4.6415888336127818e-05,18,0.14257282880015604,3.0282393746243699
a,CV-QRC,Global,4.6415888336127818e-05,19,0.14554919025721219,3.1089416199403286
a,CV-QRC,Global,0.0001,0,0.14173462863129027,2.9889719330262858
a,CV-QRC,Global,0.0001,1,0.1375808910145323,3.2273189588214821
a,CV-QRC,Global,0.0001,2,0.15895161577295103,3.0606859780795781
a,CV-QRC,Global,0.0001,3,0.14572087157363012,3.4668316780005983
a,CV-QRC,Global,0.0001,4,0.1478689646174153,3.0063791695436994
a,CV-QRC,Global,0.0001,5,0.1282815032915661,4.0368567039147747
a,CV-QRC,Global,0.0001,6,0.13583347203872109,3.0322397082741288
a,CV-QRC,Global,0.0001,7,0.1530962420107414,3.0449213467439185
a,CV-QRC,Global,0.0001,8,0.13601267035618597,3.8756327779452184
a,CV-QRC,Global,0.0001,9,0.14664116405113842,3.6309807235969092
a,CV-QRC,Global,0.0001,10,0.14065495803200947,3.0590401926888116
a,CV-QRC,Global,0.0001,11,0.13889388019471513,3.1301337101998037
a,CV-QRC,Global,0.0001,12,0.14973834810025519,3.0336974037438047
a,CV-QRC,Global,0.0001,13,0.14007783034837984,3.0299184858982566
a,CV-QRC,Global,0.0001,14,0.13755405516290012,3.2143356911957248
a,CV-QRC,Global,0.0001,15,0.13128949577087656,3.0157284601156302
a,CV-QRC,Global,0.0001,16,0.14622032585887229,3.9073654261126456
a,CV-QRC,Global,0.0001,17,0.13667253006380234,3.0333652547765371
a,CV-QRC,Global,0.0001,18,0.14257788535725621,3.0442928489143952
a,CV-QRC,Global,0.0001,19,0.1455489242482981,3.1103452154724547
a,CV-QRC,Global,0.00021544346900318823,0,0.1418392212947811,2.9908206767879983
a,CV-QRC,Global,0.00021544346900318823,1,0.13760103951785904,3.2186860938320674
a,CV-QRC,Global,0.00021544346900318823,2,0.1589710060123124,3.0954508851173186
a,CV-QRC,Global,0.00021544346900318823,3,0.14574819505863143,3.5145309047528359
a,CV-QRC,Global,0.00021544346900318823,4,0.14793278371879581,3.0165146751557712
a,CV-QRC,Global,0.00021544346900318823,5,0.12832101084141126,4.2838698680639746
a,CV-QRC,Global,0.00021544346900318823,6,0.13589354910836127,3.0353698155405393
a,CV-QRC,Global,0.00021544346900318823,7,0.15311131860063593,3.0507330274224866
a,CV-QRC,Global,0.00021544346900318823,8,0.13602405634256381,3.8765717062610801
a,CV-QRC,Global,0.00021544346900318823,9,0.14664859540968495,3.7533809552639594
a,CV-QRC,Global,0.00021544346900318823,10,0.14068971282197526,3.1366417885569429
a,CV-QRC,Global,0.00021544346900318823,11,0.1389913209842108,3.3654096569450531
a,CV-QRC,Global,0.00021544346900318823,12,0.14977307039344742,3.0635466430873297
a,CV-QRC,Global,0.00021544346900318823,13,0.14010831039197102,3.0885468932110181
a,CV-QRC,Global,0.00021544346900318823,14,0.13757510839684445,3.282121039076022
a,CV-QRC,Global,0.00021544346900318823,15,0.13132451053224675,3.0401437492189967
a,CV-QRC,Global,0.00021544346900318823,16,0.14623715029292803,3.9594973489524894
a,CV-QRC,Global,0.00021544346900318823,17,0.13668524037585608,3.0923332865157285
a,CV-QRC,Global,0.00021544346900318823,18,0.14259466352943709,3.0911552736881123
a,CV-QRC,Global,0.00021544346900318823,19,0.14555119822704768,3.2218383909386028
a,CV-QRC,Global,0.00046415888336127773,0,0.14209292806472862,2.9985002211430696
a,CV-QRC,Global,0.00046415888336127773,1,0.13765792149534123,3.2139052908159096
a,CV-QRC,Global,0.00046415888336127773,2,0.15902181697729498,3.2034321271575479
a,CV-QRC,Global,0.00046415888336127773,3,0.14582926237351157,3.5997821548631679
a,CV-QRC,Global,0.00046415888336127773,4,0.14811262808056,3.0158588148084204
a,CV-QRC,Global,0.00046415888336127773,5,0.12843932023902288,4.497272119281801
a,CV-QRC,Global,0.00046415888336127773,6,0.13606364257827272,3.0525972199465592
a,CV-QRC,Global,0.00046415888336127773,7,0.15316059468775126,3.0654751606967201
a,CV-QRC,Global,0.00046415888336127773,8,0.13607519408025898,3.8804147666181152
a,CV-QRC,Global,0.00046415888336127773,9,0.14667311203570707,3.8776945139798062
a,CV-QRC,Global,0.00046415888336127773,10,0.14079014662531272,3.36180879973102
a,CV-QRC,Global,0.00046415888336127773,11,0.13921474011432566,3.6574282499548665
a,CV-QRC,Global,0.00046415888336127773,12,0.14987580697378677,3.1734865454012837
a,CV-QRC,Global,0.00046415888336127773,13,0.14021088807408097,3.162117637312694
a,CV-QRC,Global,0.00046415888336127773,14,0.13764345234435724,3.3871746745095983
a,CV-QRC,Global,0.00046415888336127773,15,0.13143689851778914,3.1343431844735616
a,CV-QRC,Global,0.00046415888336127773,16,0.14629697821542736,4.00887780742364
a,CV-QRC,Global,0.00046415888336127773,17,0.13673351565648767,3.2904748706687128
a,CV-QRC,Global,0.00046415888336127773,18,0.14265259607621414,3.2347462394963595
a,CV-QRC,Global,0.00046415888336127773,19,0.1455682049321512,3.4452364820060417
a,CV-QRC,Global,0.001,0,0.14270955671734833,3.0204554648466044
a,CV-QRC,Global,0.001,1,0.13783911750366046,3.2379096708230848
a,CV-QRC,Global,0.001,2,0.15917824049907056,3.4096931832112514
a,CV-QRC,Global,0.001,3,0.14609262304462947,3.67119495125571
a,CV-QRC,Global,0.001,4,0.14868766769566222,3.0166040620288217
a,CV-QRC,Global,0.001,5,0.12882727553010334,4.5943446120976583
a,CV-QRC,Global,0.001,6,0.1366069981995057,3.1245758008906077
a,CV-QRC,Global,0.001,7,0.15334096397612298,3.0783291648075588
a,CV-QRC,Global,0.001,8,0.13628858021971851,3.8923037165939585
a,CV-QRC,Global,0.001,9,0.14676742174402768,4.0531803190075442
a,CV-QRC,Global,0.001,10,0.14112400404049505,3.6771363335647069
a,CV-QRC,Global,0.001,11,0.13975322011867869,3.8075906295929776
a,CV-QRC,Global,0.001,12,0.15022230767588349,3.4490075438382313
a,CV-QRC,Global,0.001,13,0.14057767384859504,3.2784991472783842
a,CV-QRC,Global,0.001,14,0.13788112126334287,3.5440999538495399
a,CV-QRC,Global,0.001,15,0.13181133042113949,3.3964681155556669
a,CV-QRC,Global,0.001,16,0.14652414692469065,4.092400690592477
a,CV-QRC,Global,0.001,17,0.13692253318690467,3.7014723644475662
a,CV-QRC,Global,0.001,18,0.14287406492124946,3.5059758489944692
a,CV-QRC,Global,0.001,19,0.14565224403877888,3.6632322457490667
a,CV-QRC,Global,0.0021544346900318821,0,0.1442774600569498,3.0989291626552058
a,CV-QRC,Global,0.0021544346900318821,1,0.13848002285715416,3.3501161758035178
a,CV-QRC,Global,0.0021544346900318821,2,0.15972620185042599,3.5705462780933375
a,CV-QRC,Global,0.0021544346900318821,3,0.14699769321185036,3.7620182826789912
a,CV-QRC,Global,0.0021544346900318821,4,0.15065989596873278,3.0279033522538774
a,CV-QRC,Global,0.0021544346900318821,5,0.13014508825344104,4.667153319254008
a,CV-QRC,Global,0.0021544346900318821,6,0.13843823915645936,3.3070222834328806
a,CV-QRC,Global,0.0021544346900318821,7,0.15405114659098021,3.1303791550622022
a,CV-QRC,Global,0.0021544346900318821,8,0.13713946872317687,3.920298330234234
a,CV-QRC,Global,0.0021544346900318821,9,0.14713978823795243,4.3359449276694022
a,CV-QRC,Global,0.0021544346900318821,10,0.14233134296875924,3.8727775484625901
a,CV-QRC,Global,0.0021544346900318821,11,0.14114574712743547,3.859755502126625
a,CV-QRC,Global,0.0021544346900318821,12,0.15147824224690412,3.7580767860763595
a,CV-QRC,Global,0.0021544346900318821,13,0.14195609907317039,3.529685882794146
a,CV-QRC,Global,0.0021544346900318821,14,0.13875379629764178,3.7826086796316774
a,CV-QRC,Global,0.0021544346900318821,15,0.13309802323239764,3.7334828876092092
a,CV-QRC,Global,0.0021544346900318821,16,0.14738706494578477,4.1850237493718287
a,CV-QRC,Global,0.0021544346900318821,17,0.13766430770896196,4.1097487050031498
a,CV-QRC,Global,0.0021544346900318821,18,0.14374759979251303,3.8063814868035384
a,CV-QRC,Global,0.0021544346900318821,19,0.14602528895639852,3.9258025151737597
a,CV-QRC,Global,0.0046415888336127772,0,0.14860734945537743,3.3367319389674086
a,CV-QRC,Global,0.0046415888336127772,1,0.14084368078900053,3.612774531131965
a,CV-QRC,Global,0.0046415888336127772,2,0.1617971137773544,3.6361816563879916
a,CV-QRC,Global,0.0046415888336127772,3,0.15009858462154285,3.8947415328943595
a,CV-QRC,Global,0.0046415888336127772,4,0.15704537322931242,3.0884083505546567
a,CV-QRC,Global,0.0046415888336127772,5,0.13422207480025139,4.7910568989233617
a,CV-QRC,Global,0.0046415888336127772,6,0.14415658100508563,3.5128453015133028
a,CV-QRC,Global,0.0046415888336127772,7,0.15692655651217752,3.2781601622932297
a,CV-QRC,Global,0.0046415888336127772,8,0.14024852882709776,3.9917093190039599
a,CV-QRC,Global,0.0046415888336127772,9,0.14867958033284936,4.7558777065366993
a,CV-QRC,Global,0.0046415888336127772,10,0.14663942076862541,3.9739291506447003
a,CV-QRC,Global,0.0046415888336127772,11,0.1450496479800763,3.9105135408966007
a,CV-QRC,Global,0.0046415888336127772,12,0.15602025052328605,3.9452183019515861
a,CV-QRC,Global,0.0046415888336127772,13,0.14694964421860512,3.8228709908633176
a,CV-QRC,Global,0.0046415888336127772,14,0.14182773847064642,4.0146674857485873
a,CV-QRC,Global,0.0046415888336127772,15,0.13749306482967166,3.9635326492894176
a,CV-QRC,Global,0.0046415888336127772,16,0.15053804888691083,4.2838445363168436
a,CV-QRC,Global,0.0046415888336127772,17,0.14043886073638231,4.3300496749503452
a,CV-QRC,Global,0.0046415888336127772,18,0.14723864874548234,4.0615772393352465
a,CV-QRC,Global,0.0046415888336127772,19,0.1475848861596861,4.2200426644035263
a,CV-QRC,Global,0.01,0,0.16144300605861747,3.7069971043371761
a,CV-QRC,Global,0.01,1,0.1495484977378822,3.8980562814938362
a,CV-QRC,Global,0.01,2,0.16946144774921262,3.6661366340932142
a,CV-QRC,Global,0.01,3,0.16008709073541205,4.0560247624546184
a,CV-QRC,Global,0.01,4,0.17530277058632446,3.3090701993064187
a,CV-QRC,Global,0.01,5,0.14620996686817594,4.979805318102148
a,CV-QRC,Global,0.01,6,0.15918475708548843,3.6771229757228503
a,CV-QRC,Global,0.01,7,0.16804202760317979,3.5537086547055274
a,CV-QRC,Global,0.01,8,0.15073843666143252,4.1696605152338035
a,CV-QRC,Global,0.01,9,0.15490811411540309,5.1219021776299964
a,CV-QRC,Global,0.01,10,0.16023560932041608,4.0600402525100998
a,CV-QRC,Global,0.01,11,0.15681850780539869,4.0428511046955222
a,CV-QRC,Global,0.01,12,0.17113316206614176,4.033239258852797
a,CV-QRC,Global,0.01,13,0.16221244995096892,4.0022917259055006
a,CV-QRC,Global,0.01,14,0.15223151426752415,4.276081118351291
a,CV-QRC,Global,0.01,15,0.15076532304767137,4.1950444982174018
a,CV-QRC,Global,0.01,16,0.1614678711280732,4.3550325354029846
a,CV-QRC,Global,0.01,17,0.14966353836939958,4.4699087556867152
a,CV-QRC,Global,0.01,18,0.15958954500826913,4.262892128629554
a,CV-QRC,Global,0.01,19,0.15363999886006732,4.4498574073113666
a,CV-QRC,Global,0.021544346900318822,0,0.19937547785019316,4.0617795709665723
a,CV-QRC,Global,0.021544346900318822,1,0.17664961876027846,4.0551794806063164
a,CV-QRC,Global,0.021544346900318822,2,0.19391305674434131,3.7307636713288601
a,CV-QRC,Global,0.021544346900318822,3,0.1880370145088496,4.298133383101848
a,CV-QRC,Global,0.021544346900318822,4,0.22408935417906345,3.7539715220508252
a,CV-QRC,Global,0.021544346900318822,5,0.18074137589744219,5.1275920255127616
a,CV-QRC,Global,0.021544346900318822,6,0.19706220082883313,3.867069713681961
a,CV-QRC,Global,0.021544346900318822,7,0.20543795234016687,3.8494600309491176
a,CV-QRC,Global,0.021544346900318822,8,0.18347357155662489,4.41485051518496
a,CV-QRC,Global,0.021544346900318822,9,0.17638300389765849,5.2683960583921507
a,CV-QRC,Global,0.021544346900318822,10,0.19656284450633188,4.2025683312782567
a,CV-QRC,Global,0.021544346900318822,11,0.19300549131401076,4.2890030315447314
a,CV-QRC,Global,0.021544346900318822,12,0.21346121796975384,4.0968919139142148
a,CV-QRC,Global,0.021544346900318822,13,0.2043978357936507,4.17999393094843
a,CV-QRC,Global,0.021544346900318822,14,0.18363351778895301,4.594902759328753
a,CV-QRC,Global,0.021544346900318822,15,0.18483956690090028,4.5081541496185986
a,CV-QRC,Global,0.021544346900318822,16,0.19426079020914452,4.3699460329218738
a,CV-QRC,Global,0.021544346900318822,17,0.17731184564439864,4.6699504007587507
a,CV-QRC,Global,0.021544346900318822,18,0.19800900330310742,4.4202613701082107
a,CV-QRC,Global,0.021544346900318822,19,0.17546581691352994,4.6406225301352446
a,CV-QRC,Global,0.046415888336127774,0,0.29837629247120817,4.401481770877627
a,CV-QRC,Global,0.046415888336127774,1,0.24484968071594213,4.1265284682107986
a,CV-QRC,Global,0.046415888336127774,2,0.25525299609250113,3.8975059582564806
a,CV-QRC,Global,0.046415888336127774,3,0.26291086140384784,4.5239842377522628
a,CV-QRC,Global,0.046415888336127774,4,0.33848979266061513,4.1858076529960577
a,CV-QRC,Global,0.046415888336127774,5,0.27324351768607974,5.2527467740188092
a,CV-QRC,Global,0.046415888336127774,6,0.28538375112423242,4.0520346261721283
a,CV-QRC,Global,0.046415888336127774,7,0.2981947233923562,4.0737821557577423
a,CV-QRC,Global,0.046415888336127774,8,0.2787008619847498,4.6189102744932651
a,CV-QRC,Global,0.046415888336127774,9,0.24111732496551153,5.3318612495068303
a,CV-QRC,Global,0.046415888336127774,10,0.28303689774651114,4.4902933608150315
a,CV-QRC,Global,0.046415888336127774,11,0.29087992048251454,4.5557910122199274
a,CV-QRC,Global,0.046415888336127774,12,0.3110996874315744,4.2259593152829105
a,CV-QRC,Global,0.046415888336127774,13,0.30749571302249468,4.3808284266225828
a,CV-QRC,Global,0.046415888336127774,14,0.27018303268846994,4.7503418389041929
a,CV-QRC,Global,0.046415888336127774,15,0.26975629128414075,4.7277730043094248
a,CV-QRC,Global,0.046415888336127774,16,0.2746145359978952,4.4277454641059704
a,CV-QRC,Global,0.046415888336127774,17,0.25557983265853701,4.8632141211734723
a,CV-QRC,Global,0.046415888336127774,18,0.29834159834768242,4.604939762923526
a,CV-QRC,Global,0.046415888336127774,19,0.24548918001836409,4.6934358246513863
a,CV-QRC,Global,0.10000000000000001,0,0.51330009482491024,4.6209951185041529
a,CV-QRC,Global,0.10000000000000001,1,0.40265516367563259,4.1755138067641724
a,CV-QRC,Global,0.10000000000000001,2,0.38898230099591863,4.163773489232538
a,CV-QRC,Global,0.10000000000000001,3,0.44114031913752516,4.6276272448019551
a,CV-QRC,Global,0.10000000000000001,4,0.57980793456711166,4.4648353738937336
a,CV-QRC,Global,0.10000000000000001,5,0.47719426390390329,5.5160886145201786
a,CV-QRC,Global,0.10000000000000001,6,0.46929347126507254,4.2041791419608803
a,CV-QRC,Global,0.10000000000000001,7,0.49378320242882329,4.2892052955897775
a,CV-QRC,Global,0.10000000000000001,8,0.50282589196432803,4.7839466017658632
a,CV-QRC,Global,0.10000000000000001,9,0.40913776961041698,5.3471402689346963
a,CV-QRC,Global,0.10000000000000001,10,0.47456615107484501,4.7104861137747491
a,CV-QRC,Global,0.10000000000000001,11,0.50078077594830706,4.7613691671024823
a,CV-QRC,Global,0.10000000000000001,12,0.51584010428895533,4.3971254203822703
a,CV-QRC,Global,0.10000000000000001,13,0.53125379393858185,4.457088678340261
a,CV-QRC,Global,0.10000000000000001,14,0.47772047929365535,4.7497970344381413
a,CV-QRC,Global,0.10000000000000001,15,0.45592857330842335,4.832137454304938
a,CV-QRC,Global,0.10000000000000001,16,0.45114561773120887,4.6063947858318528
a,CV-QRC,Global,0.10000000000000001,17,0.4451434834309852,4.9974197672488749
a,CV-QRC,Global,0.10000000000000001,18,0.50815051605500416,4.8106061027808593
a,CV-QRC,Global,0.10000000000000001,19,0.43004762066333663,4.6689360170787086
a,CV-QRC,Global,0.21544346900318823,0,0.92200834909417351,4.7837807010733648
a,CV-QRC,Global,0.21544346900318823,1,0.71923754667216999,4.2338862789950218
a,CV-QRC,Global,0.21544346900318823,2,0.65935533744164176,4.4229313807669079
a,CV-QRC,Global,0.21544346900318823,3,0.79047484798743495,4.7023290476218103
a,CV-QRC,Global,0.21544346900318823,4,1.0135129200904569,4.6603500129391486
a,CV-QRC,Global,0.21544346900318823,5,0.86297112460679837,5.5327182684950023
a,CV-QRC,Global,0.21544346900318823,6,0.81651865155710057,4.4168124661595618
a,CV-QRC,Global,0.21544346900318823,7,0.86083531010633518,4.611421597329973
a,CV-QRC,Global,0.21544346900318823,8,0.91787995544207202,4.9615070608480467
a,CV-QRC,Global,0.21544346900318823,9,0.74686371171668842,5.3888582032957881
a,CV-QRC,Global,0.21544346900318823,10,0.84302784455154256,4.7369027810184026
a,CV-QRC,Global,0.21544346900318823,11,0.89289843477240305,4.9256949033605686
a,CV-QRC,Global,0.21544346900318823,12,0.89987000110610937,4.4781136310183998
a,CV-QRC,Global,0.21544346900318823,13,0.94203047094005121,4.5290379341057845
a,CV-QRC,Global,0.21544346900318823,14,0.87072946782155136,4.7248066028728877
a,CV-QRC,Global,0.21544346900318823,15,0.8200742297429009,4.9947668688940992
a,CV-QRC,Global,0.21544346900318823,16,0.80763582344660168,4.6364637303026752
a,CV-QRC,Global,0.21544346900318823,17,0.81667689815764299,5.2175186454221745
a,CV-QRC,Global,0.21544346900318823,18,0.89146491640019554,4.9876545896897015
a,CV-QRC,Global,0.21544346900318823,19,0.79269346840670862,4.7266505433294173
a,CV-QRC,Global,0.46415888336127725,0,1.5193567271111721,4.8035612523029627
a,CV-QRC,Global,0.46415888336127725,1,1.235568523274948,4.6209814801607454
a,CV-QRC,Global,0.46415888336127725,2,1.131972839752073,4.5928965483841875
a,CV-QRC,Global,0.46415888336127725,3,1.3440602229538205,4.7425579637437014
a,CV-QRC,Global,0.46415888336127725,4,1.6209566550722121,4.7407132344531773
a,CV-QRC,Global,0.46415888336127725,5,1.4426461448042907,5.4234387260498762
a,CV-QRC,Global,0.46415888336127725,6,1.3650149416340174,5.0852402558275971
a,CV-QRC,Global,0.46415888336127725,7,1.4187710200898374,4.9771855002037606
a,CV-QRC,Global,0.46415888336127725,8,1.5163819088059722,5.3665686225266906
a,CV-QRC,Global,0.46415888336127725,9,1.2869199782875149,5.2681995283536445
a,CV-QRC,Global,0.46415888336127725,10,1.4060147969394843,5.090670528511823
a,CV-QRC,Global,0.46415888336127725,11,1.4765503283235,4.7850722487520416
a,CV-QRC,Global,0.46415888336127725,12,1.4798429950274279,4.6693025095291727
a,CV-QRC,Global,0.46415888336127725,13,1.5401615522055807,4.4816510464801098
a,CV-QRC,Global,0.46415888336127725,14,1.4561136170713223,5.1257598572566785
a,CV-QRC,Global,0.46415888336127725,15,1.386504391035053,5.3295118895117861
a,CV-QRC,Global,0.46415888336127725,16,1.3714614676074117,5.1257531408369905
a,CV-QRC,Global,0.46415888336127725,17,1.3881448825639224,5.4711618553698731
a,CV-QRC,Global,0.46415888336127725,18,1.4637105519326989,4.9264630213661009
a,CV-QRC,Global,0.46415888336127725,19,1.3559957848102469,5.0650278489085387
a,CV-QRC,Global,1,0,2.1345098835683212,5.0353541018157522
a,CV-QRC,Global,1,1,1.8678342969009027,4.7551460345152696
a,CV-QRC,Global,1,2,1.757985028870749,4.5672811856042888
a,CV-QRC,Global,1,3,1.9782711910145669,4.6438490519977282
a,CV-QRC,Global,1,4,2.2170817043327333,4.2697319572031347
a,CV-QRC,Global,1,5,2.0679470482031661,5.1591326197762726
a,CV-QRC,Global,1,6,1.996918175931375,5.0342553933479994
a,CV-QRC,Global,1,7,2.0374604974112067,4.8333210056180906
a,CV-QRC,Global,1,8,2.1323869272868263,4.8566623736261043
a,CV-QRC,Global,1,9,1.9234032878031402,4.9641388653186738
a,CV-QRC,Global,1,10,2.0312055413896584,4.6494287075752423
a,CV-QRC,Global,1,11,2.0964548522450555,4.8619020878195656
a,CV-QRC,Global,1,12,2.0981001756913762,4.6176983419524174
a,CV-QRC,Global,1,13,2.1520320193399756,5.4595371819418217
a,CV-QRC,Global,1,14,2.0805605223199559,5.2265207950247898
a,CV-QRC,Global,1,15,2.018296835269541,5.0411880997621843
a,CV-QRC,Global,1,16,2.0041252062048778,4.7307494991339043
a,CV-QRC,Global,1,17,2.0204193026613182,5.2245944747840323
a,CV-QRC,Global,1,18,2.0813336645998559,5.1212337950378135
a,CV-QRC,Global,1,19,1.9907764666817254,5.1037886995348698
a,CV-QRC,Global,2.154434690031882,0,2.5695210069605419,4.6393630545007749
a,CV-QRC,Global,2.154434690031882,1,2.398917381609051,5.3018980216544502
a,CV-QRC,Global,2.154434690031882,2,2.3211698801313814,4.7633133916332842
a,CV-QRC,Global,2.154434690031882,3,2.4730597517063799,4.8203709089945388
a,CV-QRC,Global,2.154434690031882,4,2.6174851953482241,4.7572846766109986
a,CV-QRC,Global,2.154434690031882,5,2.529342331027209,5.0539387426185121
a,CV-QRC,Global,2.154434690031882,6,2.4849790776124281,5.1454956400171872
a,CV-QRC,Global,2.154434690031882,7,2.5088688372060881,4.8517601411408604
a,CV-QRC,Global,2.154434690031882,8,2.5682714692971027,5.2345735162034517
a,CV-QRC,Global,2.154434690031882,9,2.437133034653701,4.7617615957437955
a,CV-QRC,Global,2.154434690031882,10,2.5059351080360677,5.0997412655549264
a,CV-QRC,Global,2.154434690031882,11,2.5465281959445494,4.5368803564369156
a,CV-QRC,Global,2.154434690031882,12,2.5473911608225812,4.6200797868838279
a,CV-QRC,Global,2.154434690031882,13,2.5798870073660174,5.2337830042974325
a,CV-QRC,Global,2.154434690031882,14,2.5371215806023395,5.1078949990403579
a,CV-QRC,Global,2.154434690031882,15,2.4986262427535855,5.151749110547124
a,CV-QRC,Global,2.154434690031882,16,2.4895367234501018,4.7496638728598155
a,CV-QRC,Global,2.154434690031882,17,2.5000033058239408,5.0054928841338251
a,CV-QRC,Global,2.154434690031882,18,2.5368594463807246,5.2079229015942099
a,CV-QRC,Global,2.154434690031882,19,2.4812153946632201,5.2796583052907575
a,CV-QRC,Global,4.6415888336127722,0,2.8033789432658787,4.9099127431329581
a,CV-QRC,Global,4.6415888336127722,1,2.7167751511343998,5.0173963359786153
a,CV-QRC,Global,4.6415888336127722,2,2.675284080102649,5.2463783795879095
a,CV-QRC,Global,4.6415888336127722,3,2.7551041273528583,4.9437249029186097
a,CV-QRC,Global,4.6415888336127722,4,2.826779816589148,4.7840845883820782
a,CV-QRC,Global,4.6415888336127722,5,2.7834821479154903,5.3558429387543542
a,CV-QRC,Global,4.6415888336127722,6,2.7611680480256409,5.0223327143209255
a,CV-QRC,Global,4.6415888336127722,7,2.7732258264287948,5.0795956515410854
a,CV-QRC,Global,4.6415888336127722,8,2.8027415697527394,4.8170075709715796
a,CV-QRC,Global,4.6415888336127722,9,2.736681723804204,5.2093363892723294
a,CV-QRC,Global,4.6415888336127722,10,2.771756210256036,5.3287175911778277
a,CV-QRC,Global,4.6415888336127722,11,2.7920158193357514,5.4993958230253037
a,CV-QRC,Global,4.6415888336127722,12,2.7924400569729682,5.2254036190237461
a,CV-QRC,Global,4.6415888336127722,13,2.8084580458344446,5.5017949388368468
a,CV-QRC,Global,4.6415888336127722,14,2.7873401727024802,5.9276749292582886
a,CV-QRC,Global,4.6415888336127722,15,2.7680763137795648,4.9820623801672808
a,CV-QRC,Global,4.6415888336127722,16,2.7634703492111954,5.4736214027724008
a,CV-QRC,Global,4.6415888336127722,17,2.7687730904730268,5.0411783099725662
a,CV-QRC,Global,4.6415888336127722,18,2.7872231062244204,5.2128117468877626
a,CV-QRC,Global,4.6415888336127722,19,2.7592690705597094,4.6874451538166424
a,CV-QRC,Global,10,0,2.9147644939347028,5.0353320455393593
a,CV-QRC,Global,10,1,2.8742194005517359,4.9174702162531263
a,CV-QRC,Global,10,2,2.8545451787898397,5.1020094352621026
a,CV-QRC,Global,10,3,2.8922530924294416,5.295579340100204
a,CV-QRC,Global,10,4,2.9256181274843724,4.9974689653005173
a,CV-QRC,Global,10,5,2.9055097640490479,5.2340468987280948
a,CV-QRC,Global,10,6,2.8950936486822654,4.462531920624925
a,CV-QRC,Global,10,7,2.9006352290933375,4.8572492807859131
a,CV-QRC,Global,10,8,2.9144698633083217,5.2342213107088078
a,CV-QRC,Global,10,9,2.883609373048349,5.4684273837968576
a,CV-QRC,Global,10,10,2.9000054257354213,4.6160620155141592
a,CV-QRC,Global,10,11,2.9094731450827962,5.0154922886166382
a,CV-QRC,Global,10,12,2.9096610234978257,5.1266569723793296
a,CV-QRC,Global,10,13,2.9171251296381464,5.0548338096705123
a,CV-QRC,Global,10,14,2.9073089407070465,5.3277663966449236
a,CV-QRC,Global,10,15,2.8983280992566347,5.1360157892201466
a,CV-QRC,Global,10,16,2.8961689558459742,5.514837891200262
a,CV-QRC,Global,10,17,2.8986564214113102,5.2427297607960748
a,CV-QRC,Global,10,18,2.9072125628837058,5.0851384522012344
a,CV-QRC,Global,10,19,2.8942121240041607,5.1003856187243848
b,DV-QRC,Local,1.0000000000000001e-05,0,4.2857629568879554e-07,-0.08052251585120429
b,DV-QRC,Local,1.0000000000000001e-05,1,4.2159686470571087e-07,-0.080656205374972492
b,DV-QRC,Local,1.0000000000000001e-05,2,4.2388502037105258e-07,-0.080636676745905023
b,DV-QRC,Local,1.0000000000000001e-05,3,4.1758642959650843e-07,-0.080663410828504881
b,DV-QRC,Local,1.0000000000000001e-05,4,4.0994701029485243e-07,-0.080658208470655343
b,DV-QRC,Local,1.0000000000000001e-05,5,4.2355124377941766e-07,-0.080580208126373065
b,DV-QRC,Local,1.0000000000000001e-05,6,4.1888949444235595e-07,-0.080604453953645364
b,DV-QRC,Local,1.0000000000000001e-05,7,4.1438681489200799e-07,-0.080615687754432896
b,DV-QRC,Local,1.0000000000000001e-05,8,4.2614479448756916e-07,-0.1025296574375323
b,DV-QRC,Local,1.0000000000000001e-05,9,4.1908969729045563e-07,-0.080590007961590229
b,DV-QRC,Local,1.0000000000000001e-05,10,4.1610660406288479e-07,-0.10567362493279665
b,DV-QRC,Local,1.0000000000000001e-05,11,4.2117358511554973e-07,-0.08059197147921339
b,DV-QRC,Local,1.0000000000000001e-05,12,4.1492659264625887e-07,-0.080519796577244868
b,DV-QRC,Local,1.0000000000000001e-05,13,4.1968053361533194e-07,-0.090687431647629269
b,DV-QRC,Local,1.0000000000000001e-05,14,4.2387389613465145e-07,-0.08063100836884117
b,DV-QRC,Local,1.0000000000000001e-05,15,4.3280654222002663e-07,-0.080650952948981489
b,DV-QRC,Local,1.0000000000000001e-05,16,4.1812324830881367e-07,-0.080614358081288251
b,DV-QRC,Local,1.0000000000000001e-05,17,4.2858372120084182e-07,-0.080582744803816275
b,DV-QRC,Local,1.0000000000000001e-05,18,4.1977394392828635e-07,-0.080595933141136375
b,DV-QRC,Local,1.0000000000000001e-05,19,4.1605531413473809e-07,-0.080590026238324911
b,DV-QRC,Local,2.1544346900318823e-05,0,4.2235187769147519e-07,-0.080579347456297232
b,DV-QRC,Local,2.1544346900318823e-05,1,4.2336577602385916e-07,-0.080625255842136548
b,DV-QRC,Local,2.1544346900318823e-05,2,4.1470250430909313e-07,-0.080661723756985451
b,DV-QRC,Local,2.1544346900318823e-05,3,4.1914222947693653e-07,-0.080624598278570006
b,DV-QRC,Local,2.1544346900318823e-05,4,4.2416655095138597e-07,-0.080620956676926453
b,DV-QRC,Local,2.1544346900318823e-05,5,4.2214738947051517e-07,-0.080625244234347929
b,DV-QRC,Local,2.1544346900318823e-05,6,4.1896505952700465e-07,-0.080543361303472602
b,DV-QRC,Local,2.1544346900318823e-05,7,4.2855650973608747e-07,-0.080643442101380178
b,DV-QRC,Local,2.1544346900318823e-05,8,4.2656000185361771e-07,-0.080594397819318597
b,DV-QRC,Local,2.1544346900318823e-05,9,4.2012380146362238e-07,-0.080563345507355277
b,DV-QRC,Local,2.1544346900318823e-05,10,4.2385846675099411e-07,-0.10559483265748541
b,DV-QRC,Local,2.1544346900318823e-05,11,4.1795021018722639e-07,-0.080472673071645698
b,DV-QRC,Local,2.1544346900318823e-05,12,4.2547574463607536e-07,-0.080603014386972982
b,DV-QRC,Local,2.1544346900318823e-05,13,4.1353015922055803e-07,-0.080473956175290032
b,DV-QRC,Local,2.1544346900318823e-05,14,4.1447994336657801e-07,-0.08058953921810362
b,DV-QRC,Local,2.1544346900318823e-05,15,4.1993411212040496e-07,-0.080598871699865529
b,DV-QRC,Local,2.1544346900318823e-05,16,4.2011508502213471e-07,-0.080542910886567495
b,DV-QRC,Local,2.1544346900318823e-05,17,4.2857120874343491e-07,-0.080501896102072382
b,DV-QRC,Local,2.1544346900318823e-05,18,4.182500314957104e-07,-0.080637735886693457
b,DV-QRC,Local,2.1544346900318823e-05,19,4.2069873820988548e-07,-0.080623096334421537
b,DV-QRC,Local,4.6415888336127818e-05,0,4.1587864143561553e-07,-0.080563917086026768
b,DV-QRC,Local,4.6415888336127818e-05,1,4.1432830308020588e-07,-0.080579703220817284
b,DV-QRC,Local,4.6415888336127818e-05,2,4.1703501434165084e-07,-0.08053890854408223
b,DV-QRC,Local,4.6415888336127818e-05,3,4.2708335164412003e-07,-0.080647826955734983
b,DV-QRC,Local,4.6415888336127818e-05,4,4.2859309337784324e-07,-0.080671462340011782
b,DV-QRC,Local,4.6415888336127818e-05,5,4.1521171577439156e-07,-0.080584295548315407
b,DV-QRC,Local,4.6415888336127818e-05,6,4.1971706997466727e-07,-0.080529426874690294
b,DV-QRC,Local,4.6415888336127818e-05,7,4.214964930176313e-07,-0.080640464611723417
b,DV-QRC,Local,4.6415888336127818e-05,8,4.2568615139586726e-07,-0.080542781404628283
b,DV-QRC,Local,4.6415888336127818e-05,9,4.1609584994911096e-07,-0.080500179803644656
b,DV-QRC,Local,4.6415888336127818e-05,10,4.3592624994163765e-07,-0.081388882228769013
b,DV-QRC,Local,4.6415888336127818e-05,11,4.2504244175020142e-07,-0.080500251608682197
b,DV-QRC,Local,4.6415888336127818e-05,12,4.2103833855355315e-07,-0.080611512441266076
b,DV-QRC,Local,4.6415888336127818e-05,13,4.2440156411339079e-07,-0.08043349553758021
b,DV-QRC,Local,4.6415888336127818e-05,14,4.2632351150652914e-07,-0.08072133922440701
b,DV-QRC,Local,4.6415888336127818e-05,15,4.2442074494839408e-07,-0.08061297565264626
b,DV-QRC,Local,4.6415888336127818e-05,16,4.2427146558213297e-07,-0.080588371527189492
b,DV-QRC,Local,4.6415888336127818e-05,17,4.2213625991847205e-07,-0.08071088058490733
b,DV-QRC,Local,4.6415888336127818e-05,18,4.230554708601193e-07,-0.080640929305944395
b,DV-QRC,Local,4.6415888336127818e-05,19,4.1609867266397544e-07,-0.080631487020751999
b,DV-QRC,Local,0.0001,0,4.2967836920310112e-07,-0.080551068260840242
b,DV-QRC,Local,0.0001,1,4.2313107628917836e-07,-0.080682078610921318
b,DV-QRC,Local,0.0001,2,4.4538773511426118e-07,-0.080510281357131966
b,DV-QRC,Local,0.0001,3,4.2326187419555451e-07,-0.080563794086883703
b,DV-QRC,Local,0.0001,4,4.1393920941196999e-07,-0.080644102962998634
b,DV-QRC,Local,0.0001,5,4.3209780137320592e-07,-0.080583955316184605
b,DV-QRC,Local,0.0001,6,4.1683593883147608e-07,-0.080370943665115879
b,DV-QRC,Local,0.0001,7,4.2957338090682191e-07,-0.080689620002202353
b,DV-QRC,Local,0.0001,8,4.3216568003755287e-07,-0.080370753515278184
b,DV-QRC,Local,0.0001,9,4.229827708132226e-07,-0.080663816523664611
b,DV-QRC,Local,0.0001,10,4.4925695045978498e-07,-0.080279977897009649
b,DV-QRC,Local,0.0001,11,4.3702009706326014e-07,-0.080269944710202198
b,DV-QRC,Local,0.0001,12,4.2064141516982998e-07,-0.080562101910186812
b,DV-QRC,Local,0.0001,13,4.2922201683853338e-07,-0.080157405362049725
b,DV-QRC,Local,0.0001,14,4.2283955527094246e-07,-0.080933611462309402
b,DV-QRC,Local,0.0001,15,4.2899132787906284e-07,-0.074310634185047644
b,DV-QRC,Local,0.0001,16,4.2827770960683152e-07,-0.079424977779694386
b,DV-QRC,Local,0.0001,17,4.3368526381700027e-07,-0.080637738992591232
b,DV-QRC,Local,0.0001,18,4.2246022523077879e-07,-0.080814449489541876
b,DV-QRC,Local,0.0001,19,4.1943489734989281e-07,-0.080650242558618593
b,DV-QRC,Local,0.00021544346900318823,0,4.43550514557017e-07,-0.066196366470147691
b,DV-QRC,Local,0.00021544346900318823,1,4.3124036647606274e-07,-0.080323800309711577
b,DV-QRC,Local,0.00021544346900318823,2,4.8557441728697784e-07,-0.06054141753594533
b,DV-QRC,Local,0.00021544346900318823,3,4.2953163247007597e-07,-0.063201219120903998
b,DV-QRC,Local,0.00021544346900318823,4,4.2357137096891513e-07,-0.060465233555287302
b,DV-QRC,Local,0.00021544346900318823,5,4.669950619899945e-07,-0.071652386184276468
b,DV-QRC,Local,0.00021544346900318823,6,4.257899795860301e-07,-0.064647977933770182
b,DV-QRC,Local,0.00021544346900318823,7,4.5793546853734442e-07,-0.060056671978867805
b,DV-QRC,Local,0.00021544346900318823,8,4.8211041333417968e-07,-0.063317817580224742
b,DV-QRC,Local,0.00021544346900318823,9,4.2060034386213292e-07,-0.050305445654648749
b,DV-QRC,Local,0.00021544346900318823,10,4.8748058742091755e-07,-0.061069685543399289
b,DV-QRC,Local,0.00021544346900318823,11,4.9643990990690733e-07,-0.06198168344133087
b,DV-QRC,Local,0.00021544346900318823,12,4.2840583970750084e-07,-0.080212100738264999
b,DV-QRC,Local,0.00021544346900318823,13,4.4815520430088434e-07,-0.066657189416294962
b,DV-QRC,Local,0.00021544346900318823,14,4.4531136280357235e-07,-0.054438720259541086
b,DV-QRC,Local,0.00021544346900318823,15,4.6624933511741698e-07,-0.05873012900853062
b,DV-QRC,Local,0.00021544346900318823,16,4.2124186509976049e-07,-0.078786852654945685
b,DV-QRC,Local,0.00021544346900318823,17,4.1001968265484893e-07,-0.078196782965848727
b,DV-QRC,Local,0.00021544346900318823,18,4.2198974563822997e-07,-0.055861493669086583
b,DV-QRC,Local,0.00021544346900318823,19,4.4140244019671555e-07,-0.062426688481935555
b,DV-QRC,Local,0.00046415888336127773,0,4.9825872081492852e-07,-0.057103786442633496
b,DV-QRC,Local,0.00046415888336127773,1,4.9108839305340541e-07,-0.058189148365953562
b,DV-QRC,Local,0.00046415888336127773,2,6.9867841536249815e-07,-0.051717123518671061
b,DV-QRC,Local,0.00046415888336127773,3,4.9511976233710539e-07,-0.055003184317645365
b,DV-QRC,Local,0.00046415888336127773,4,4.3029927409530131e-07,-0.049003019733916686
b,DV-QRC,Local,0.00046415888336127773,5,6.0654789874854751e-07,-0.049433159858331931
b,DV-QRC,Local,0.00046415888336127773,6,4.6849398748552002e-07,-0.04911380838967952
b,DV-QRC,Local,0.00046415888336127773,7,5.4224155151860051e-07,-0.048797149590948517
b,DV-QRC,Local,0.00046415888336127773,8,7.1646224948256558e-07,-0.049838366519284798
b,DV-QRC,Local,0.00046415888336127773,9,4.2987111346711933e-07,-0.048811133929689686
b,DV-QRC,Local,0.00046415888336127773,10,7.1421687277361984e-07,-0.059066260147450443
b,DV-QRC,Local,0.00046415888336127773,11,7.1783084434839133e-07,-0.050940387525898134
b,DV-QRC,Local,0.00046415888336127773,12,5.1156766809610344e-07,-0.060246501911869421
b,DV-QRC,Local,0.00046415888336127773,13,5.0852127497600776e-07,-0.057380981603018945
b,DV-QRC,Local,0.00046415888336127773,14,5.3574677749396333e-07,-0.051839120639862436
b,DV-QRC,Local,0.00046415888336127773,15,5.7188282012412762e-07,-0.053410072025748788
b,DV-QRC,Local,0.00046415888336127773,16,4.3678074887535152e-07,-0.077573883075592556
b,DV-QRC,Local,0.00046415888336127773,17,4.467707135723495e-07,-0.047183269080717453
b,DV-QRC,Local,0.00046415888336127773,18,4.2293710195971164e-07,-0.052892215050847825
b,DV-QRC,Local,0.00046415888336127773,19,5.3142981133675737e-07,-0.0521191257592293
b,DV-QRC,Local,0.001,0,8.0236458193232407e-07,-0.052339178698449167
b,DV-QRC,Local,0.001,1,7.4390757821288961e-07,-0.047471125971572818
b,DV-QRC,Local,0.001,2,1.5256869994404768e-06,-0.049358637123580386
b,DV-QRC,Local,0.001,3,7.9927491613669426e-07,-0.053176084464932417
b,DV-QRC,Local,0.001,4,4.9406697481465428e-07,-0.045767426445852487
b,DV-QRC,Local,0.001,5,1.1909143473826071e-06,-0.048412184971012101
b,DV-QRC,Local,0.001,6,6.4727612998907915e-07,-0.045467988207825834
b,DV-QRC,Local,0.001,7,9.0468910598677323e-07,-0.046803226405636167
b,DV-QRC,Local,0.001,8,1.5291355146810522e-06,-0.046927748062250842
b,DV-QRC,Local,0.001,9,5.0047037159832354e-07,-0.046339214269734058
b,DV-QRC,Local,0.001,10,1.6031813217964446e-06,-0.045807800682384846
b,DV-QRC,Local,0.001,11,1.651872949655464e-06,-0.050940036273217797
b,DV-QRC,Local,0.001,12,8.8493572823896991e-07,-0.056837739390844043
b,DV-QRC,Local,0.001,13,8.7684531576631533e-07,-0.051398454863375111
b,DV-QRC,Local,0.001,14,9.2229032044942073e-07,-0.052142412106105672
b,DV-QRC,Local,0.001,15,1.1083628638143871e-06,-0.04958991446133134
b,DV-QRC,Local,0.001,16,5.1196465599010691e-07,-0.062284329669042522
b,DV-QRC,Local,0.001,17,5.4584282749766844e-07,-0.046294770356909598
b,DV-QRC,Local,0.001,18,4.7479961458131323e-07,-0.047853251372374138
b,DV-QRC,Local,0.001,19,9.5359976415588493e-07,-0.051173801151525609
b,DV-QRC,Local,0.0021544346900318821,0,2.5888993285213551e-06,-0.052667073401637149
b,DV-QRC,Local,0.0021544346900318821,1,2.2843477547903017e-06,-0.045619771766971108
b,DV-QRC,Local,0.0021544346900318821,2,4.3566273910530318e-06,-0.048349559709273592
b,DV-QRC,Local,0.0021544346900318821,3,2.6534414307587937e-06,-0.043989813158164741
b,DV-QRC,Local,0.0021544346900318821,4,1.2673726130257532e-06,-0.046173511297741832
b,DV-QRC,Local,0.0021544346900318821,5,3.5653710092620817e-06,-0.04615483870917967
b,DV-QRC,Local,0.0021544346900318821,6,1.7870319123080976e-06,-0.044557934842843115
b,DV-QRC,Local,0.0021544346900318821,7,2.5618322402934646e-06,-0.04559228817262375
b,DV-QRC,Local,0.0021544346900318821,8,4.721984362860564e-06,-0.046201450192306232
b,DV-QRC,Local,0.0021544346900318821,9,1.2991738251073521e-06,-0.045886251998520873
b,DV-QRC,Local,0.0021544346900318821,10,5.0140029530911422e-06,-0.046576364069769893
b,DV-QRC,Local,0.0021544346900318821,11,5.3822814013250403e-06,-0.051589148259443184
b,DV-QRC,Local,0.0021544346900318821,12,2.9228386418716326e-06,-0.04986176908051318
b,DV-QRC,Local,0.0021544346900318821,13,2.6840761424880565e-06,-0.050422455307693827
b,DV-QRC,Local,0.0021544346900318821,14,2.8792575838636531e-06,-0.052229800699365898
b,DV-QRC,Local,0.0021544346900318821,15,3.8905592802959662e-06,-0.047230814984226967
b,DV-QRC,Local,0.0021544346900318821,16,1.3551630598151482e-06,-0.058462884124805346
b,DV-QRC,Local,0.0021544346900318821,17,1.6531323493751876e-06,-0.046035764130416906
b,DV-QRC,Local,0.0021544346900318821,18,1.1175323633729313e-06,-0.043189380576414228
b,DV-QRC,Local,0.0021544346900318821,19,3.1830401842144496e-06,-0.0450316681924815
b,DV-QRC,Local,0.0046415888336127772,0,1.3163247152237565e-05,-0.053321551321477333
b,DV-QRC,Local,0.0046415888336127772,1,1.1441218358375721e-05,-0.045116999819424186
b,DV-QRC,Local,0.0046415888336127772,2,1.4071335068122014e-05,-0.046849721428345197
b,DV-QRC,Local,0.0046415888336127772,3,1.3837619463284938e-05,-0.044840928867376201
b,DV-QRC,Local,0.0046415888336127772,4,8.9843125548936377e-06,-0.045943172471668521
b,DV-QRC,Local,0.0046415888336127772,5,1.3858193349307122e-05,-0.043339688733217439
b,DV-QRC,Local,0.0046415888336127772,6,9.9451405470786026e-06,-0.045260233332359921
b,DV-QRC,Local,0.0046415888336127772,7,1.0384702901033635e-05,-0.044157780867805328
b,DV-QRC,Local,0.0046415888336127772,8,1.8171132769586343e-05,-0.045457818672759422
b,DV-QRC,Local,0.0046415888336127772,9,8.3981268653689011e-06,-0.045305631423367049
b,DV-QRC,Local,0.0046415888336127772,10,1.8585993694202012e-05,-0.04648667030557365
b,DV-QRC,Local,0.0046415888336127772,11,2.1322620216433357e-05,-0.049570965527825063
b,DV-QRC,Local,0.0046415888336127772,12,1.3761069461955594e-05,-0.047450083170614499
b,DV-QRC,Local,0.0046415888336127772,13,1.2484791654367839e-05,-0.049567900824673494
b,DV-QRC,Local,0.0046415888336127772,14,1.4205617543839542e-05,-0.052084557173089872
b,DV-QRC,Local,0.0046415888336127772,15,1.8908708147077953e-05,-0.046126424767708056
b,DV-QRC,Local,0.0046415888336127772,16,8.4929659423050963e-06,-0.054007581871343864
b,DV-QRC,Local,0.0046415888336127772,17,1.0827002290961886e-05,-0.045693407084423744
b,DV-QRC,Local,0.0046415888336127772,18,8.5254699872142117e-06,-0.042170907243152589
b,DV-QRC,Local,0.0046415888336127772,19,1.4784194279095372e-05,-0.044741835628927529
b,DV-QRC,Local,0.01,0,7.5960093520447826e-05,-0.052065827384257239
b,DV-QRC,Local,0.01,1,5.9273588555401613e-05,-0.044844300828213501
b,DV-QRC,Local,0.01,2,5.387009593814544e-05,-0.045847848208930952
b,DV-QRC,Local,0.01,3,8.14112696150375e-05,-0.045569580234224784
b,DV-QRC,Local,0.01,4,6.3120707242640055e-05,-0.04562852846190537
b,DV-QRC,Local,0.01,5,6.4647818671682887e-05,-0.043167133974168909
b,DV-QRC,Local,0.01,6,6.8254758133658053e-05,-0.047240453031637257
b,DV-QRC,Local,0.01,7,5.3481480788202448e-05,-0.043568284042975379
b,DV-QRC,Local,0.01,8,8.7531301136421788e-05,-0.045205541326476258
b,DV-QRC,Local,0.01,9,6.1437838568223745e-05,-0.044995828381422846
b,DV-QRC,Local,0.01,10,7.8530876727187141e-05,-0.04534039608495985
b,DV-QRC,Local,0.01,11,9.9062708896789368e-05,-0.047876859524131225
b,DV-QRC,Local,0.01,12,6.8441628618137501e-05,-0.047333705419875916
b,DV-QRC,Local,0.01,13,6.9096142602215305e-05,-0.047771153167495604
b,DV-QRC,Local,0.01,14,8.1947862768205708e-05,-0.05112525198167369
b,DV-QRC,Local,0.01,15,9.930115070449549e-05,-0.045580255806066221
b,DV-QRC,Local,0.01,16,5.5056588346201622e-05,-0.049745890119104963
b,DV-QRC,Local,0.01,17,6.8567220010905066e-05,-0.04553807645356691
b,DV-QRC,Local,0.01,18,6.775142318687623e-05,-0.043283767987436633
b,DV-QRC,Local,0.01,19,7.251968595936387e-05,-0.044582219405472891
b,DV-QRC,Local,0.021544346900318822,0,0.00039858528140606199,-0.049437900574859993
b,DV-QRC,Local,0.021544346900318822,1,0.0003081195166655152,-0.044790439994385665
b,DV-QRC,Local,0.021544346900318822,2,0.00026707788330306758,-0.04559955686206546
b,DV-QRC,Local,0.021544346900318822,3,0.0005068184436776116,-0.045502322026808234
b,DV-QRC,Local,0.021544346900318822,4,0.00037413793781641787,-0.045264713276612141
b,DV-QRC,Local,0.021544346900318822,5,0.00036503110404140416,-0.043721914481193752
b,DV-QRC,Local,0.021544346900318822,6,0.00042414709535601523,-0.048270313842443742
b,DV-QRC,Local,0.021544346900318822,7,0.00031364021768359653,-0.0440325295662106
b,DV-QRC,Local,0.021544346900318822,8,0.00050593165965025948,-0.044779323565209909
b,DV-QRC,Local,0.021544346900318822,9,0.00045677994119488173,-0.04472353457408907
b,DV-QRC,Local,0.021544346900318822,10,0.0003835607235941602,-0.043100394645299307
b,DV-QRC,Local,0.021544346900318822,11,0.00049653077147218064,-0.046742722997151313
b,DV-QRC,Local,0.021544346900318822,12,0.00039037450634134957,-0.047670464723679133
b,DV-QRC,Local,0.021544346900318822,13,0.00044095525669464154,-0.046416758118875995
b,DV-QRC,Local,0.021544346900318822,14,0.000461443870523439,-0.049158512328432859
b,DV-QRC,Local,0.021544346900318822,15,0.00050667688114362992,-0.045404957116217191
b,DV-QRC,Local,0.021544346900318822,16,0.0003419782456898104,-0.047073623839918401
b,DV-QRC,Local,0.021544346900318822,17,0.00041267235033452874,-0.04536357084551975
b,DV-QRC,Local,0.021544346900318822,18,0.00047689452241736426,-0.044117762556403144
b,DV-QRC,Local,0.021544346900318822,19,0.00037777633793767803,-0.04452897649464993
b,DV-QRC,Local,0.046415888336127774,0,0.0016854126018725584,-0.04810344387511889
b,DV-QRC,Local,0.046415888336127774,1,0.001548682311023424,-0.04491669388707404
b,DV-QRC,Local,0.046415888336127774,2,0.0013811079611333566,-0.045455532085147465
b,DV-QRC,Local,0.046415888336127774,3,0.0022634317513236741,-0.045467861666594805
b,DV-QRC,Local,0.046415888336127774,4,0.0019627129683189967,-0.045042549028881253
b,DV-QRC,Local,0.046415888336127774,5,0.0018494517045096661,-0.044038278845910876
b,DV-QRC,Local,0.046415888336127774,6,0.0020223136174865588,-0.046763797251814891
b,DV-QRC,Local,0.046415888336127774,7,0.0015082366518850568,-0.044566072832695841
b,DV-QRC,Local,0.046415888336127774,8,0.0022337255907173186,-0.044175641627236563
b,DV-QRC,Local,0.046415888336127774,9,0.0021643454815561303,-0.044615097533155144
b,DV-QRC,Local,0.046415888336127774,10,0.0016779340345274717,-0.041760723652176618
b,DV-QRC,Local,0.046415888336127774,11,0.0020285593936306512,-0.046243560661211776
b,DV-QRC,Local,0.046415888336127774,12,0.0021627646101659804,-0.047342019360812705
b,DV-QRC,Local,0.046415888336127774,13,0.0022620267462310486,-0.047313150662266677
b,DV-QRC,Local,0.046415888336127774,14,0.0020359617245428703,-0.047252636083009801
b,DV-QRC,Local,0.046415888336127774,15,0.002089349220897332,-0.045357902251692339
b,DV-QRC,Local,0.046415888336127774,16,0.0017230754412971071,-0.045633629203545058
b,DV-QRC,Local,0.046415888336127774,17,0.0019428601138519143,-0.045276068564479001
b,DV-QRC,Local,0.046415888336127774,18,0.0023144762540243794,-0.044539978010126935
b,DV-QRC,Local,0.046415888336127774,19,0.0017764214262676237,-0.044459056291591227
b,DV-QRC,Local,0.10000000000000001,0,0.0054233780992814151,-0.047092305279581199
b,DV-QRC,Local,0.10000000000000001,1,0.0051318744730427072,-0.045000653923973448
b,DV-QRC,Local,0.10000000000000001,2,0.0046849111073602491,-0.045629570947683155
b,DV-QRC,Local,0.10000000000000001,3,0.0068402412218378479,-0.045524056710299188
b,DV-QRC,Local,0.10000000000000001,4,0.0063283305624763598,-0.044806714708132883
b,DV-QRC,Local,0.10000000000000001,5,0.0058932901709334486,-0.044025924387365384
b,DV-QRC,Local,0.10000000000000001,6,0.0063794526753386937,-0.046335231582536128
b,DV-QRC,Local,0.10000000000000001,7,0.0050931524015552874,-0.044674307478072495
b,DV-QRC,Local,0.10000000000000001,8,0.0067304264379218683,-0.043968483283016883
b,DV-QRC,Local,0.10000000000000001,9,0.0066595671148996704,-0.044494569172807176
b,DV-QRC,Local,0.10000000000000001,10,0.0053980684968642761,-0.040540723457990181
b,DV-QRC,Local,0.10000000000000001,11,0.006329041632116476,-0.046166074637566924
b,DV-QRC,Local,0.10000000000000001,12,0.0068009737897486875,-0.046202183159210874
b,DV-QRC,Local,0.10000000000000001,13,0.0069278040579605123,-0.049515703709784663
b,DV-QRC,Local,0.10000000000000001,14,0.006419729224294006,-0.04597140633015067
b,DV-QRC,Local,0.10000000000000001,15,0.0064102753555168208,-0.045492915267618041
b,DV-QRC,Local,0.10000000000000001,16,0.0057297251631259804,-0.044823728547151047
b,DV-QRC,Local,0.10000000000000001,17,0.0061267756957245796,-0.045235949015030696
b,DV-QRC,Local,0.10000000000000001,18,0.0069943361978256572,-0.04471858330459369
b,DV-QRC,Local,0.10000000000000001,19,0.0057660480825814263,-0.044479093836229742
b,DV-QRC,Local,0.21544346900318823,0,0.014080276220701722,-0.045413387752993889
b,DV-QRC,Local,0.21544346900318823,1,0.013470654860980185,-0.045274165745253385
b,DV-QRC,Local,0.21544346900318823,2,0.012576614831352913,-0.045872721827809909
b,DV-QRC,Local,0.21544346900318823,3,0.017174590633097349,-0.045467238850416182
b,DV-QRC,Local,0.21544346900318823,4,0.016319274243604871,-0.044430717495029644
b,DV-QRC,Local,0.21544346900318823,5,0.015139957403610292,-0.043808772136091696
b,DV-QRC,Local,0.21544346900318823,6,0.016300173685877301,-0.047290804118956288
b,DV-QRC,Local,0.21544346900318823,7,0.013480286677215927,-0.044625295902874153
b,DV-QRC,Local,0.21544346900318823,8,0.01695984361825701,-0.050783178152623752
b,DV-QRC,Local,0.21544346900318823,9,0.016860615824027911,-0.044130345739988218
b,DV-QRC,Local,0.21544346900318823,10,0.013947308658909009,-0.039780312591605686
b,DV-QRC,Local,0.21544346900318823,11,0.016216266605538689,-0.046571228811077441
b,DV-QRC,Local,0.21544346900318823,12,0.017348297938120177,-0.04721677381072608
b,DV-QRC,Local,0.21544346900318823,13,0.017445193489021928,-0.055006254660877142
b,DV-QRC,Local,0.21544346900318823,14,0.016348682436744279,-0.045120797705796141
b,DV-QRC,Local,0.21544346900318823,15,0.016259306615232266,-0.045968388848719628
b,DV-QRC,Local,0.21544346900318823,16,0.014886286165407723,-0.043849264946629878
b,DV-QRC,Local,0.21544346900318823,17,0.015687565357652315,-0.045314051357508205
b,DV-QRC,Local,0.21544346900318823,18,0.017631508555407426,-0.045005515228956711
b,DV-QRC,Local,0.21544346900318823,19,0.014981535691618869,-0.044466071396349331
b,DV-QRC,Local,0.46415888336127725,0,0.032864911462234046,-0.042183227531567336
b,DV-QRC,Local,0.46415888336127725,1,0.031474689288561772,-0.045927136234378108
b,DV-QRC,Local,0.46415888336127725,2,0.029818292859766279,-0.046188817385151147
b,DV-QRC,Local,0.46415888336127725,3,0.039271870072247091,-0.044962694976701863
b,DV-QRC,Local,0.46415888336127725,4,0.037877901523305037,-0.043701549337482222
b,DV-QRC,Local,0.46415888336127725,5,0.035045222788931144,-0.04346260955801564
b,DV-QRC,Local,0.46415888336127725,6,0.037657393520157199,-0.045488375894891096
b,DV-QRC,Local,0.46415888336127725,7,0.031720724416043448,-0.044311047474098308
b,DV-QRC,Local,0.46415888336127725,8,0.038924304280960095,-0.060669523805503882
b,DV-QRC,Local,0.46415888336127725,9,0.038651420040944524,-0.042984273153203023
b,DV-QRC,Local,0.46415888336127725,10,0.032227758805782582,-0.039901267343036041
b,DV-QRC,Local,0.46415888336127725,11,0.037341925580163415,-0.046716209047597566
b,DV-QRC,Local,0.46415888336127725,12,0.039996685242479298,-0.043118314165186321
b,DV-QRC,Local,0.46415888336127725,13,0.040012664826532235,-0.067153649874579405
b,DV-QRC,Local,0.46415888336127725,14,0.037565815943962251,-0.045239498979223337
b,DV-QRC,Local,0.46415888336127725,15,0.037257095482068812,-0.046286777502246045
b,DV-QRC,Local,0.46415888336127725,16,0.034511055085396689,-0.042299415065719159
b,DV-QRC,Local,0.46415888336127725,17,0.036183762371761304,-0.044963321398875856
b,DV-QRC,Local,0.46415888336127725,18,0.040585214348472523,-0.046145271687128536
b,DV-QRC,Local,0.46415888336127725,19,0.03486133992528441,-0.044805887150783007
b,DV-QRC,Local,1,0,0.071301002419455958,-0.037778163654750792
b,DV-QRC,Local,1,1,0.06803832767066062,-0.047396685805690952
b,DV-QRC,Local,1,2,0.065575781546852924,-0.044690649762529705
b,DV-QRC,Local,1,3,0.083616931581885309,-0.046849508080337866
b,DV-QRC,Local,1,4,0.082269543278232035,-0.04252202186413645
b,DV-QRC,Local,1,5,0.075398101012760024,-0.041608978181629466
b,DV-QRC,Local,1,6,0.081236803412423661,-0.037359162190430596
b,DV-QRC,Local,1,7,0.069445116375387778,-0.042580084294900733
b,DV-QRC,Local,1,8,0.083192761856296205,-0.054748305256565571
b,DV-QRC,Local,1,9,0.082529978464222442,-0.037991507418681771
b,DV-QRC,Local,1,10,0.068956963195467097,-0.040482908440744939
b,DV-QRC,Local,1,11,0.079768833548780296,-0.046149849735750335
b,DV-QRC,Local,1,12,0.086280138533079864,-0.043461919593894997
b,DV-QRC,Local,1,13,0.085908713312100676,-0.077121190684844881
b,DV-QRC,Local,1,14,0.080226842998413497,-0.048433235847351597
b,DV-QRC,Local,1,15,0.079035828616126569,-0.036578792747827556
b,DV-QRC,Local,1,16,0.074496019238539227,-0.0388336722830986
b,DV-QRC,Local,1,17,0.077590491932321537,-0.042543803052375102
b,DV-QRC,Local,1,18,0.087353035569869161,-0.051351732243819705
b,DV-QRC,Local,1,19,0.075372058222294716,-0.046721136883330787
b,DV-QRC,Local,2.154434690031882,0,0.13903404081391427,-0.041562670010431867
b,DV-QRC,Local,2.154434690031882,1,0.13327785372300574,-0.044570225324580499
b,DV-QRC,Local,2.154434690031882,2,0.13266701119662161,-0.039058982830112214
b,DV-QRC,Local,2.154434690031882,3,0.15774558326784088,-0.042088265415119015
b,DV-QRC,Local,2.154434690031882,4,0.16205134862465248,-0.054130044150824043
b,DV-QRC,Local,2.154434690031882,5,0.14548116230441455,-0.039023967587528137
b,DV-QRC,Local,2.154434690031882,6,0.15736028737194677,-0.029973912972920052
b,DV-QRC,Local,2.154434690031882,7,0.13963425907398774,-0.041684632718324503
b,DV-QRC,Local,2.154434690031882,8,0.15823705824398973,-0.070058541771457705
b,DV-QRC,Local,2.154434690031882,9,0.15818755258816258,-0.033496834373417252
b,DV-QRC,Local,2.154434690031882,10,0.13316310532669406,-0.037608072247608655
b,DV-QRC,Local,2.154434690031882,11,0.15201849384657168,-0.047037318055649778
b,DV-QRC,Local,2.154434690031882,12,0.16777457881441246,-0.049202503412166025
b,DV-QRC,Local,2.154434690031882,13,0.16517922460358012,-0.054043445778449016
b,DV-QRC,Local,2.154434690031882,14,0.15310209306554626,-0.061086567737915091
b,DV-QRC,Local,2.154434690031882,15,0.14788385807678922,-0.035042237592078876
b,DV-QRC,Local,2.154434690031882,16,0.14578453061694754,-0.042988444058911446
b,DV-QRC,Local,2.154434690031882,17,0.14983839293661771,-0.032760308714767629
b,DV-QRC,Local,2.154434690031882,18,0.16748063119742601,-0.057104758784579566
b,DV-QRC,Local,2.154434690031882,19,0.14730194129649218,-0.040157598228919504
b,DV-QRC,Local,4.6415888336127722,0,0.20336250268382167,-0.044634012608511076
b,DV-QRC,Local,4.6415888336127722,1,0.20739978748057586,-0.03520825849755415
b,DV-QRC,Local,4.6415888336127722,2,0.21869267443863874,-0.062315081143371732
b,DV-QRC,Local,4.6415888336127722,3,0.214162597764085,-0.040492294236753296
b,DV-QRC,Local,4.6415888336127722,4,0.24054998554536841,-0.036882065947095401
b,DV-QRC,Local,4.6415888336127722,5,0.21255410716066858,-0.043044518571565875
b,DV-QRC,Local,4.6415888336127722,6,0.22605747219120265,-0.032941688679531518
b,DV-QRC,Local,4.6415888336127722,7,0.22699207266230265,-0.05059910077326301
b,DV-QRC,Local,4.6415888336127722,8,0.2171799308330305,-0.059749402852912324
b,DV-QRC,Local,4.6415888336127722,9,0.2306116216654541,-0.039461797674682386
b,DV-QRC,Local,4.6415888336127722,10,0.20468936380891398,-0.035396004762200957
b,DV-QRC,Local,4.6415888336127722,11,0.21572995235334369,-0.049182552904486442
b,DV-QRC,Local,4.6415888336127722,12,0.24168725931622112,-0.045492610959131874
b,DV-QRC,Local,4.6415888336127722,13,0.23135683406112886,-0.054942686655515806
b,DV-QRC,Local,4.6415888336127722,14,0.21909735019846313,-0.075820464439951427
b,DV-QRC,Local,4.6415888336127722,15,0.20281301520720299,-0.034230564699627174
b,DV-QRC,Local,4.6415888336127722,16,0.22219052857782962,-0.041570244458636212
b,DV-QRC,Local,4.6415888336127722,17,0.22167339518877216,-0.031155504857259379
b,DV-QRC,Local,4.6415888336127722,18,0.23011521578018398,-0.034739116776515769
b,DV-QRC,Local,4.6415888336127722,19,0.22221266527617156,-0.047012792463069671
b,DV-QRC,Local,10,0,0.15686492155467888,-0.047056872455811673
b,DV-QRC,Local,10,1,0.18501945428412714,-0.03998219938654976
b,DV-QRC,Local,10,2,0.2062109874373545,-0.050265125901671294
b,DV-QRC,Local,10,3,0.15203667333901147,-0.046156178066083652
b,DV-QRC,Local,10,4,0.18064293877882179,-0.036172992594600197
b,DV-QRC,Local,10,5,0.17259681753068426,-0.042551035470949843
b,DV-QRC,Local,10,6,0.17163429630937249,-0.032910310378263787
b,DV-QRC,Local,10,7,0.21360282263044103,-0.058958615483441036
b,DV-QRC,Local,10,8,0.15346681629413261,-0.050079823687008619
b,DV-QRC,Local,10,9,0.18159313282172312,-0.059810119866145893
b,DV-QRC,Local,10,10,0.18684104098120413,-0.055498499260322486
b,DV-QRC,Local,10,11,0.15617318263539726,-0.069405348088945704
b,DV-QRC,Local,10,12,0.17035606740546119,-0.04496906143496171
b,DV-QRC,Local,10,13,0.16588481692763024,-0.042411821694815416
b,DV-QRC,Local,10,14,0.16628188109598444,-0.069013133572228755
b,DV-QRC,Local,10,15,0.14412702040034214,-0.048245156450427706
b,DV-QRC,Local,10,16,0.18391613273715052,-0.043945902873393977
b,DV-QRC,Local,10,17,0.17426993421104695,-0.050435214031186303
b,DV-QRC,Local,10,18,0.16506986727468451,-0.043294581089719869
b,DV-QRC,Local,10,19,0.18381979789647379,-0.036024209027344205
b,DV-QRC,Clustered,1.0000000000000001e-05,0,9.9495223388932284e-08,-0.067149254255854746
b,DV-QRC,Clustered,1.0000000000000001e-05,1,7.6985524456207782e-08,-0.072228122272501291
b,DV-QRC,Clustered,1.0000000000000001e-05,2,7.618879593792021e-08,-0.063518164691170886
b,DV-QRC,Clustered,1.0000000000000001e-05,3,1.2130633606857374e-07,-0.067791680687740372
b,DV-QRC,Clustered,1.0000000000000001e-05,4,9.1534340554840799e-08,-0.063758516726348205
b,DV-QRC,Clustered,1.0000000000000001e-05,5,1.0701829579206166e-07,-0.070581310067858533
b,DV-QRC,Clustered,1.0000000000000001e-05,6,9.243403500435543e-08,-0.066872135293271254
b,DV-QRC,Clustered,1.0000000000000001e-05,7,1.2712561224190868e-07,-0.073430621020064077
b,DV-QRC,Clustered,1.0000000000000001e-05,8,7.7511673374884015e-08,-0.059053124233325177
b,DV-QRC,Clustered,1.0000000000000001e-05,9,6.6335723544184807e-08,-0.064833826820044335
b,DV-QRC,Clustered,1.0000000000000001e-05,10,8.5362870192449591e-08,-0.071239747658458669
b,DV-QRC,Clustered,1.0000000000000001e-05,11,8.7774511102976737e-08,-0.057661457651780192
b,DV-QRC,Clustered,1.0000000000000001e-05,12,1.0291050956937041e-07,-0.073945640402225274
b,DV-QRC,Clustered,1.0000000000000001e-05,13,1.1544176321669433e-07,-0.073396990076808583
b,DV-QRC,Clustered,1.0000000000000001e-05,14,1.2266305413544663e-07,-0.06775656870867823
b,DV-QRC,Clustered,1.0000000000000001e-05,15,8.1541470086893536e-08,-0.074829444513412821
b,DV-QRC,Clustered,1.0000000000000001e-05,16,7.1840759100523502e-08,-0.073657647084215197
b,DV-QRC,Clustered,1.0000000000000001e-05,17,1.0042924690654159e-07,-0.082812962316171371
b,DV-QRC,Clustered,1.0000000000000001e-05,18,1.240569606415904e-07,-0.070706298793983463
b,DV-QRC,Clustered,1.0000000000000001e-05,19,7.4726888499007685e-08,-0.075826351342405049
b,DV-QRC,Clustered,2.1544346900318823e-05,0,1.0032340620110567e-07,-0.067177402251808835
b,DV-QRC,Clustered,2.1544346900318823e-05,1,7.7317264990444104e-08,-0.072225336650422037
b,DV-QRC,Clustered,2.1544346900318823e-05,2,7.56396667838823e-08,-0.063481612852991254
b,DV-QRC,Clustered,2.1544346900318823e-05,3,1.2268215245706987e-07,-0.067853936967086359
b,DV-QRC,Clustered,2.1544346900318823e-05,4,9.2809958593039797e-08,-0.063752467624190554
b,DV-QRC,Clustered,2.1544346900318823e-05,5,1.0858356321052037e-07,-0.0705882334403614
b,DV-QRC,Clustered,2.1544346900318823e-05,6,9.0390018739132785e-08,-0.066900218822950733
b,DV-QRC,Clustered,2.1544346900318823e-05,7,1.302344383577913e-07,-0.073439534460184461
b,DV-QRC,Clustered,2.1544346900318823e-05,8,7.6317036872957495e-08,-0.059138443294554172
b,DV-QRC,Clustered,2.1544346900318823e-05,9,6.4429416381492523e-08,-0.064832791943990373
b,DV-QRC,Clustered,2.1544346900318823e-05,10,8.565064308240538e-08,-0.071230222243829563
b,DV-QRC,Clustered,2.1544346900318823e-05,11,8.691374077750846e-08,-0.057935513218967082
b,DV-QRC,Clustered,2.1544346900318823e-05,12,1.0160291546686383e-07,-0.073954455979429443
b,DV-QRC,Clustered,2.1544346900318823e-05,13,1.1547505155128542e-07,-0.073396083267407611
b,DV-QRC,Clustered,2.1544346900318823e-05,14,1.2332882687670884e-07,-0.067909970647482346
b,DV-QRC,Clustered,2.1544346900318823e-05,15,7.9995230712840532e-08,-0.074821107147495444
b,DV-QRC,Clustered,2.1544346900318823e-05,16,7.1813689463070471e-08,-0.073678205271160271
b,DV-QRC,Clustered,2.1544346900318823e-05,17,1.0167803771978857e-07,-0.082811864277253386
b,DV-QRC,Clustered,2.1544346900318823e-05,18,1.2362660020697343e-07,-0.070716161807521841
b,DV-QRC,Clustered,2.1544346900318823e-05,19,7.3440509528063323e-08,-0.075825900906019275
b,DV-QRC,Clustered,4.6415888336127818e-05,0,1.0059161351910575e-07,-0.067237981838702374
b,DV-QRC,Clustered,4.6415888336127818e-05,1,7.9942052599982453e-08,-0.072243172230132102
b,DV-QRC,Clustered,4.6415888336127818e-05,2,7.6023461148202241e-08,-0.063404607165469293
b,DV-QRC,Clustered,4.6415888336127818e-05,3,1.2305542865854665e-07,-0.06798449676964527
b,DV-QRC,Clustered,4.6415888336127818e-05,4,9.1897228858427564e-08,-0.063739388340391709
b,DV-QRC,Clustered,4.6415888336127818e-05,5,1.0791191399686745e-07,-0.070603329787523567
b,DV-QRC,Clustered,4.6415888336127818e-05,6,9.1959900415538818e-08,-0.06696133157022538
b,DV-QRC,Clustered,4.6415888336127818e-05,7,1.2883651532888211e-07,-0.073457784803976509
b,DV-QRC,Clustered,4.6415888336127818e-05,8,7.46443875083783e-08,-0.059305740556637225
b,DV-QRC,Clustered,4.6415888336127818e-05,9,6.5336077719758675e-08,-0.064831472888426098
b,DV-QRC,Clustered,4.6415888336127818e-05,10,8.6692621696216e-08,-0.071210136000551469
b,DV-QRC,Clustered,4.6415888336127818e-05,11,8.7202990669244232e-08,-0.058538555304747018
b,DV-QRC,Clustered,4.6415888336127818e-05,12,1.0291693370630049e-07,-0.073973468256809241
b,DV-QRC,Clustered,4.6415888336127818e-05,13,1.1374967216108356e-07,-0.073393689355325142
b,DV-QRC,Clustered,4.6415888336127818e-05,14,1.2371081474671487e-07,-0.068236298908354365
b,DV-QRC,Clustered,4.6415888336127818e-05,15,8.0566546854727094e-08,-0.074801925279650003
b,DV-QRC,Clustered,4.6415888336127818e-05,16,7.3583837359783223e-08,-0.073718841078310074
b,DV-QRC,Clustered,4.6415888336127818e-05,17,1.0165156593350143e-07,-0.082812532192906171
b,DV-QRC,Clustered,4.6415888336127818e-05,18,1.2414139392124229e-07,-0.07073740763179015
b,DV-QRC,Clustered,4.6415888336127818e-05,19,7.3959831673789806e-08,-0.075826424653257798
b,DV-QRC,Clustered,0.0001,0,9.8742758514128361e-08,-0.067369095253596523
b,DV-QRC,Clustered,0.0001,1,8.0265463894851051e-08,-0.072447850524078636
b,DV-QRC,Clustered,0.0001,2,7.6428135343593e-08,-0.063237286353905423
b,DV-QRC,Clustered,0.0001,3,1.2361359347794892e-07,-0.06824864114165359
b,DV-QRC,Clustered,0.0001,4,9.2181039337948907e-08,-0.063711113852322615
b,DV-QRC,Clustered,0.0001,5,1.0818486255506503e-07,-0.070635370389642738
b,DV-QRC,Clustered,0.0001,6,9.0505470855391375e-08,-0.067090739360029225
b,DV-QRC,Clustered,0.0001,7,1.2780309341188699e-07,-0.073495964331532868
b,DV-QRC,Clustered,0.0001,8,7.4413132247715919e-08,-0.059577750298138915
b,DV-QRC,Clustered,0.0001,9,6.5710252795970795e-08,-0.064821384090110706
b,DV-QRC,Clustered,0.0001,10,8.690995832154335e-08,-0.071164330026107628
b,DV-QRC,Clustered,0.0001,11,8.6545590900881553e-08,-0.059877621332512565
b,DV-QRC,Clustered,0.0001,12,1.0339852476444978e-07,-0.074011722618670867
b,DV-QRC,Clustered,0.0001,13,1.158232282258186e-07,-0.073387413810477101
b,DV-QRC,Clustered,0.0001,14,1.2222733656461959e-07,-0.068921573919179413
b,DV-QRC,Clustered,0.0001,15,8.1218850977047349e-08,-0.074759126389756361
b,DV-QRC,Clustered,0.0001,16,7.0500452033980554e-08,-0.073807185840576231
b,DV-QRC,Clustered,0.0001,17,1.0047006138736512e-07,-0.082811600780223274
b,DV-QRC,Clustered,0.0001,18,1.2034198129073849e-07,-0.070783709114287469
b,DV-QRC,Clustered,0.0001,19,7.338515396666455e-08,-0.075821084320247617
b,DV-QRC,Clustered,0.00021544346900318823,0,9.9131481976754072e-08,-0.067649100557645364
b,DV-QRC,Clustered,0.00021544346900318823,1,7.7471668211104745e-08,-0.072285874422094512
b,DV-QRC,Clustered,0.00021544346900318823,2,7.4739206133446823e-08,-0.062878599059966442
b,DV-QRC,Clustered,0.00021544346900318823,3,1.3192889058508074e-07,-0.068731954708503795
b,DV-QRC,Clustered,0.00021544346900318823,4,9.2579128188399383e-08,-0.063650575125143063
b,DV-QRC,Clustered,0.00021544346900318823,5,1.0817660794669874e-07,-0.070702195899111461
b,DV-QRC,Clustered,0.00021544346900318823,6,9.2763276880904475e-08,-0.067365805187648106
b,DV-QRC,Clustered,0.00021544346900318823,7,1.2823882411002628e-07,-0.073567475464831639
b,DV-QRC,Clustered,0.00021544346900318823,8,7.4183006702236654e-08,-0.059672136385423541
b,DV-QRC,Clustered,0.00021544346900318823,9,6.5772617072219726e-08,-0.064782076409512904
b,DV-QRC,Clustered,0.00021544346900318823,10,8.7150623997011161e-08,-0.071062004259421344
b,DV-QRC,Clustered,0.00021544346900318823,11,8.6544949210802849e-08,-0.062948278799195248
b,DV-QRC,Clustered,0.00021544346900318823,12,1.029993679108298e-07,-0.074081776673080788
b,DV-QRC,Clustered,0.00021544346900318823,13,1.1792819932467974e-07,-0.073372201987239524
b,DV-QRC,Clustered,0.00021544346900318823,14,1.2355179358973786e-07,-0.070298951764108553
b,DV-QRC,Clustered,0.00021544346900318823,15,8.2222558395188376e-08,-0.074663144424549799
b,DV-QRC,Clustered,0.00021544346900318823,16,7.2254858271182318e-08,-0.073994274322868647
b,DV-QRC,Clustered,0.00021544346900318823,17,1.0068764050078662e-07,-0.082810129145546599
b,DV-QRC,Clustered,0.00021544346900318823,18,1.2467607770008608e-07,-0.070882227038514836
b,DV-QRC,Clustered,0.00021544346900318823,19,7.3407511317501622e-08,-0.075775639997812436
b,DV-QRC,Clustered,0.00046415888336127773,0,1.0100776705673516e-07,-0.06824290773785438
b,DV-QRC,Clustered,0.00046415888336127773,1,7.9034531029136317e-08,-0.064071777965136953
b,DV-QRC,Clustered,0.00046415888336127773,2,7.6857941070848757e-08,-0.062109550757782767
b,DV-QRC,Clustered,0.00046415888336127773,3,1.5935674225881084e-07,-0.069331057495181481
b,DV-QRC,Clustered,0.00046415888336127773,4,1.0316145990902437e-07,-0.063519198078749797
b,DV-QRC,Clustered,0.00046415888336127773,5,1.0652752705844957e-07,-0.070838259256612468
b,DV-QRC,Clustered,0.00046415888336127773,6,9.2535672683630038e-08,-0.06793744914927681
b,DV-QRC,Clustered,0.00046415888336127773,7,1.2880860208095233e-07,-0.073673803886480246
b,DV-QRC,Clustered,0.00046415888336127773,8,7.7145324551369643e-08,-0.057107091907552789
b,DV-QRC,Clustered,0.00046415888336127773,9,6.4759540063397694e-08,-0.06461220534322494
b,DV-QRC,Clustered,0.00046415888336127773,10,8.6700458257952591e-08,-0.070820806416125939
b,DV-QRC,Clustered,0.00046415888336127773,11,8.683874301254585e-08,-0.069461811019470326
b,DV-QRC,Clustered,0.00046415888336127773,12,1.015632705239646e-07,-0.074175710984265203
b,DV-QRC,Clustered,0.00046415888336127773,13,1.1902158242082704e-07,-0.073328822471284791
b,DV-QRC,Clustered,0.00046415888336127773,14,1.2256336013488938e-07,-0.072675297056031388
b,DV-QRC,Clustered,0.00046415888336127773,15,8.2091370482508e-08,-0.074431166076301028
b,DV-QRC,Clustered,0.00046415888336127773,16,7.186067013098694e-08,-0.074373806926015071
b,DV-QRC,Clustered,0.00046415888336127773,17,1.0277903467348682e-07,-0.082807366517694908
b,DV-QRC,Clustered,0.00046415888336127773,18,1.2509294563108752e-07,-0.071092570963497914
b,DV-QRC,Clustered,0.00046415888336127773,19,7.4675147095116151e-08,-0.075534610255919704
b,DV-QRC,Clustered,0.001,0,1.0004764226258291e-07,-0.069470728321517364
b,DV-QRC,Clustered,0.001,1,7.9152917891899671e-08,-0.064150607180021579
b,DV-QRC,Clustered,0.001,2,7.5859351377660354e-08,-0.060505451403584938
b,DV-QRC,Clustered,0.001,3,3.0539419657742478e-07,-0.068407597461832434
b,DV-QRC,Clustered,0.001,4,2.1471761170693086e-07,-0.063237114097401861
b,DV-QRC,Clustered,0.001,5,1.1527982827347086e-07,-0.071091633760279271
b,DV-QRC,Clustered,0.001,6,9.1629939765530919e-08,-0.069061882282262829
b,DV-QRC,Clustered,0.001,7,1.3533607448947349e-07,-0.073687234205433785
b,DV-QRC,Clustered,0.001,8,8.3312642167032301e-08,-0.043280276667339822
b,DV-QRC,Clustered,0.001,9,6.5912177920178711e-08,-0.063894775649396204
b,DV-QRC,Clustered,0.001,10,8.6880974251433876e-08,-0.070208838771485135
b,DV-QRC,Clustered,0.001,11,8.5835805069860481e-08,-0.065683485380538018
b,DV-QRC,Clustered,0.001,12,1.0221426847061068e-07,-0.074132003103374186
b,DV-QRC,Clustered,0.001,13,1.5596377685348944e-07,-0.073191005459219124
b,DV-QRC,Clustered,0.001,14,1.2410200541909287e-07,-0.074361584838132336
b,DV-QRC,Clustered,0.001,15,8.0856459566891852e-08,-0.073817538342395822
b,DV-QRC,Clustered,0.001,16,7.0998330084489688e-08,-0.075057879191612845
b,DV-QRC,Clustered,0.001,17,1.0069696288714063e-07,-0.08280329727300724
b,DV-QRC,Clustered,0.001,18,1.4116762787157634e-07,-0.071536872593202752
b,DV-QRC,Clustered,0.001,19,7.3270321170282719e-08,-0.074428160491237932
b,DV-QRC,Clustered,0.0021544346900318821,0,9.9325691686993751e-08,-0.071790825461276173
b,DV-QRC,Clustered,0.0021544346900318821,1,7.8492097108666883e-08,-0.052144651170542046
b,DV-QRC,Clustered,0.0021544346900318821,2,7.620376063035807e-08,-0.057344545534974527
b,DV-QRC,Clustered,0.0021544346900318821,3,9.6127185884098216e-07,-0.060035283342598278
b,DV-QRC,Clustered,0.0021544346900318821,4,1.1018580357180448e-06,-0.062631362898197804
b,DV-QRC,Clustered,0.0021544346900318821,5,2.0231999983639265e-07,-0.071444982528774459
b,DV-QRC,Clustered,0.0021544346900318821,6,1.0072896697079461e-07,-0.070877409143543194
b,DV-QRC,Clustered,0.0021544346900318821,7,2.0170692789584314e-07,-0.072796490400571748
b,DV-QRC,Clustered,0.0021544346900318821,8,2.0226090399367474e-07,-0.027585272956943852
b,DV-QRC,Clustered,0.0021544346900318821,9,6.5737961234470109e-08,-0.061119640140463061
b,DV-QRC,Clustered,0.0021544346900318821,10,1.1805570334558112e-07,-0.068546912991450701
b,DV-QRC,Clustered,0.0021544346900318821,11,8.6177230513814267e-08,-0.038506837751033682
b,DV-QRC,Clustered,0.0021544346900318821,12,1.0464437897407496e-07,-0.07305569740990854
b,DV-QRC,Clustered,0.0021544346900318821,13,5.1166928375381292e-07,-0.072693830526263839
b,DV-QRC,Clustered,0.0021544346900318821,14,1.2918917980258113e-07,-0.067600961881709068
b,DV-QRC,Clustered,0.0021544346900318821,15,8.0660327199055526e-08,-0.072015391857909491
b,DV-QRC,Clustered,0.0021544346900318821,16,7.2514944527137395e-08,-0.075801694772250489
b,DV-QRC,Clustered,0.0021544346900318821,17,1.3145504298161087e-07,-0.082795081871161177
b,DV-QRC,Clustered,0.0021544346900318821,18,2.5318087609926236e-07,-0.072446427457582632
b,DV-QRC,Clustered,0.0021544346900318821,19,7.4781894182596706e-08,-0.070277591540378784
b,DV-QRC,Clustered,0.0046415888336127772,0,3.6163233231291618e-07,-0.074568560526865793
b,DV-QRC,Clustered,0.0046415888336127772,1,7.9243697685975049e-08,-0.042327234979344652
b,DV-QRC,Clustered,0.0046415888336127772,2,7.505203879529351e-08,-0.052016126488748891
b,DV-QRC,Clustered,0.0046415888336127772,3,4.2757763114362761e-06,-0.045833239196798332
b,DV-QRC,Clustered,0.0046415888336127772,4,6.8514586563720189e-06,-0.061337293345709393
b,DV-QRC,Clustered,0.0046415888336127772,5,9.5199180140322353e-07,-0.071300059754158554
b,DV-QRC,Clustered,0.0046415888336127772,6,2.7079930961034478e-07,-0.071495587117986717
b,DV-QRC,Clustered,0.0046415888336127772,7,1.1913745999711125e-06,-0.068064954127178043
b,DV-QRC,Clustered,0.0046415888336127772,8,1.2542848469060166e-06,-0.027859218867853228
b,DV-QRC,Clustered,0.0046415888336127772,9,6.4905002129173655e-08,-0.053602682672921266
b,DV-QRC,Clustered,0.0046415888336127772,10,1.077787302239802e-06,-0.064106653985820203
b,DV-QRC,Clustered,0.0046415888336127772,11,8.6686394752208482e-08,-0.03227942830167263
b,DV-QRC,Clustered,0.0046415888336127772,12,1.3443338739154315e-07,-0.068310294544624298
b,DV-QRC,Clustered,0.0046415888336127772,13,3.4307738006605604e-06,-0.070831011107884687
b,DV-QRC,Clustered,0.0046415888336127772,14,2.589489325315322e-07,-0.054247730461168132
b,DV-QRC,Clustered,0.0046415888336127772,15,8.4202218803127549e-08,-0.066579475149370335
b,DV-QRC,Clustered,0.0046415888336127772,16,7.1726277328066027e-08,-0.073270268841632874
b,DV-QRC,Clustered,0.0046415888336127772,17,4.2563576169162037e-07,-0.082789372129974781
b,DV-QRC,Clustered,0.0046415888336127772,18,1.3735373632062944e-06,-0.074153536207225743
b,DV-QRC,Clustered,0.0046415888336127772,19,7.4582004076713498e-08,-0.060340800343477545
b,DV-QRC,Clustered,0.01,0,9.9646336126987105e-06,-0.070141775343188509
b,DV-QRC,Clustered,0.01,1,8.3434322239248739e-08,-0.043685716357855682
b,DV-QRC,Clustered,0.01,2,8.486865622671304e-08,-0.045439568029370776
b,DV-QRC,Clustered,0.01,3,2.101498742137023e-05,-0.03739979354276534
b,DV-QRC,Clustered,0.01,4,3.777933926048426e-05,-0.058617731211918163
b,DV-QRC,Clustered,0.01,5,6.4398198421057871e-06,-0.06754357310156206
b,DV-QRC,Clustered,0.01,6,1.8231840686037034e-06,-0.063318134556412678
b,DV-QRC,Clustered,0.01,7,1.2333907593467004e-05,-0.056465232915098022
b,DV-QRC,Clustered,0.01,8,9.4829201271005531e-06,-0.033113989597862943
b,DV-QRC,Clustered,0.01,9,6.7187455577435781e-08,-0.043746946778616458
b,DV-QRC,Clustered,0.01,10,1.1999508209572114e-05,-0.054912683208513356
b,DV-QRC,Clustered,0.01,11,2.6392505471271201e-07,-0.032138176979653293
b,DV-QRC,Clustered,0.01,12,1.0723753625481844e-06,-0.058666511375515963
b,DV-QRC,Clustered,0.01,13,2.590351921142379e-05,-0.064817180455961063
b,DV-QRC,Clustered,0.01,14,2.1092813513224376e-06,-0.045716957075411575
b,DV-QRC,Clustered,0.01,15,4.8708701143880061e-07,-0.054103238337646464
b,DV-QRC,Clustered,0.01,16,7.2809710433571967e-08,-0.057792956885373337
b,DV-QRC,Clustered,0.01,17,3.3930597783871497e-06,-0.082837980989442117
b,DV-QRC,Clustered,0.01,18,1.4884641873573465e-05,-0.076405743347364413
b,DV-QRC,Clustered,0.01,19,1.2193743608819874e-07,-0.04878686499973902
b,DV-QRC,Clustered,0.021544346900318822,0,0.00010712720095370674,-0.054089559094503858
b,DV-QRC,Clustered,0.021544346900318822,1,2.3674089828732814e-06,-0.043442894769525738
b,DV-QRC,Clustered,0.021544346900318822,2,3.6183178864661134e-06,-0.040090504630092887
b,DV-QRC,Clustered,0.021544346900318822,3,0.00012308727118708589,-0.034955416968901538
b,DV-QRC,Clustered,0.021544346900318822,4,0.00017319884740826233,-0.053192926989390911
b,DV-QRC,Clustered,0.021544346900318822,5,4.7313892203352532e-05,-0.055401266177686197
b,DV-QRC,Clustered,0.021544346900318822,6,1.4074846545012529e-05,-0.048752519694484901
b,DV-QRC,Clustered,0.021544346900318822,7,0.00010102462909889224,-0.044307218373323937
b,DV-QRC,Clustered,0.021544346900318822,8,6.4343568998316621e-05,-0.036597915255781571
b,DV-QRC,Clustered,0.021544346900318822,9,8.5539498640603106e-08,-0.037996431460534642
b,DV-QRC,Clustered,0.021544346900318822,10,8.2712332579870074e-05,-0.043865816075270563
b,DV-QRC,Clustered,0.021544346900318822,11,1.2937184147355882e-05,-0.032438161988980446
b,DV-QRC,Clustered,0.021544346900318822,12,3.3032612479190308e-05,-0.049869356734830089
b,DV-QRC,Clustered,0.021544346900318822,13,0.00016698728016576757,-0.05254195271430364
b,DV-QRC,Clustered,0.021544346900318822,14,2.3941960111946537e-05,-0.041876442160965095
b,DV-QRC,Clustered,0.021544346900318822,15,1.2379774321026578e-05,-0.040601044100841907
b,DV-QRC,Clustered,0.021544346900318822,16,1.7833008898310773e-06,-0.040987841822985621
b,DV-QRC,Clustered,0.021544346900318822,17,3.0788112625023142e-05,-0.083208619585844731
b,DV-QRC,Clustered,0.021544346900318822,18,0.00013394864495145354,-0.074626687653985904
b,DV-QRC,Clustered,0.021544346900318822,19,6.4127002724534436e-06,-0.042049084588483214
b,DV-QRC,Clustered,0.046415888336127774,0,0.00067712118746397125,-0.041951401359522578
b,DV-QRC,Clustered,0.046415888336127774,1,7.7469225734895077e-05,-0.042101482025945769
b,DV-QRC,Clustered,0.046415888336127774,2,0.00010292129424159523,-0.037131347914831608
b,DV-QRC,Clustered,0.046415888336127774,3,0.00075434293215861307,-0.037872760530286646
b,DV-QRC,Clustered,0.046415888336127774,4,0.00078078921113408899,-0.043812287528479966
b,DV-QRC,Clustered,0.046415888336127774,5,0.00032879908580075377,-0.041973036920463398
b,DV-QRC,Clustered,0.046415888336127774,6,0.00013141598740568192,-0.040327656558228009
b,DV-QRC,Clustered,0.046415888336127774,7,0.00059706425603577441,-0.03797043846334789
b,DV-QRC,Clustered,0.046415888336127774,8,0.00036194495801826319,-0.040308073215186833
b,DV-QRC,Clustered,0.046415888336127774,9,4.0523041714793781e-05,-0.036648763806396402
b,DV-QRC,Clustered,0.046415888336127774,10,0.00042617406205123544,-0.036713490578402973
b,DV-QRC,Clustered,0.046415888336127774,11,0.00031928080050650577,-0.032519341331633971
b,DV-QRC,Clustered,0.046415888336127774,12,0.00044825047865792821,-0.044893756923773086
b,DV-QRC,Clustered,0.046415888336127774,13,0.00088559099430111606,-0.040187152368238381
b,DV-QRC,Clustered,0.046415888336127774,14,0.00025624029138121698,-0.040167431941736526
b,DV-QRC,Clustered,0.046415888336127774,15,0.00017469191485806524,-0.035056170735288557
b,DV-QRC,Clustered,0.046415888336127774,16,0.00012800251519588679,-0.036356860194823766
b,DV-QRC,Clustered,0.046415888336127774,17,0.00032399417432986248,-0.084845827231784798
b,DV-QRC,Clustered,0.046415888336127774,18,0.00084827856444365972,-0.061274546063234313
b,DV-QRC,Clustered,0.046415888336127774,19,0.00013463924979118574,-0.039729327157058361
b,DV-QRC,Clustered,0.10000000000000001,0,0.0037056773952742991,-0.039806335362089294
b,DV-QRC,Clustered,0.10000000000000001,1,0.0014094268016747336,-0.040973725497545799
b,DV-QRC,Clustered,0.10000000000000001,2,0.0012935621498641934,-0.036024039588805609
b,DV-QRC,Clustered,0.10000000000000001,3,0.0036142197903822814,-0.041869435270693679
b,DV-QRC,Clustered,0.10000000000000001,4,0.003601518288238455,-0.031000319133521945
b,DV-QRC,Clustered,0.10000000000000001,5,0.0022477714776225669,-0.035123146000055311
b,DV-QRC,Clustered,0.10000000000000001,6,0.001630327838218639,-0.037545454705525963
b,DV-QRC,Clustered,0.10000000000000001,7,0.0030824264647529008,-0.036554473658744334
b,DV-QRC,Clustered,0.10000000000000001,8,0.0023348216072928657,-0.045587797747878668
b,DV-QRC,Clustered,0.10000000000000001,9,0.0023372633473126162,-0.037577768489094249
b,DV-QRC,Clustered,0.10000000000000001,10,0.0025509782993445931,-0.034662162839986563
b,DV-QRC,Clustered,0.10000000000000001,11,0.0033572226053950487,-0.032562135166095144
b,DV-QRC,Clustered,0.10000000000000001,12,0.0034105022618386182,-0.040944476603521712
b,DV-QRC,Clustered,0.10000000000000001,13,0.0039534185934425158,-0.033558985740746235
b,DV-QRC,Clustered,0.10000000000000001,14,0.0020488383143727608,-0.039407775857582997
b,DV-QRC,Clustered,0.10000000000000001,15,0.0021290550458059158,-0.03467444793553446
b,DV-QRC,Clustered,0.10000000000000001,16,0.0022712981101803559,-0.036884956449829275
b,DV-QRC,Clustered,0.10000000000000001,17,0.0025454524811146747,-0.087342106053552915
b,DV-QRC,Clustered,0.10000000000000001,18,0.0044116488154147199,-0.047518935503180315
b,DV-QRC,Clustered,0.10000000000000001,19,0.0022757671259993422,-0.039848475255696715
b,DV-QRC,Clustered,0.21544346900318823,0,0.014511925996879328,-0.044650998453066082
b,DV-QRC,Clustered,0.21544346900318823,1,0.010045178877564901,-0.041882539676804324
b,DV-QRC,Clustered,0.21544346900318823,2,0.0089053990289108664,-0.03614576630843299
b,DV-QRC,Clustered,0.21544346900318823,3,0.013217237793306486,-0.042531945691092143
b,DV-QRC,Clustered,0.21544346900318823,4,0.013798800916904766,-0.027445813678209096
b,DV-QRC,Clustered,0.21544346900318823,5,0.010885061892749855,-0.033200609923115014
b,DV-QRC,Clustered,0.21544346900318823,6,0.010917639888326404,-0.035273483977753949
b,DV-QRC,Clustered,0.21544346900318823,7,0.012470567722899697,-0.039289307577099301
b,DV-QRC,Clustered,0.21544346900318823,8,0.011247685791477949,-0.047749823068391123
b,DV-QRC,Clustered,0.21544346900318823,9,0.014563929577396733,-0.041234796282811174
b,DV-QRC,Clustered,0.21544346900318823,10,0.011950097450827608,-0.032263423327214054
b,DV-QRC,Clustered,0.21544346900318823,11,0.016344233822139519,-0.034578259397258067
b,DV-QRC,Clustered,0.21544346900318823,12,0.0147040584702365,-0.038315046481702364
b,DV-QRC,Clustered,0.21544346900318823,13,0.014146934887933036,-0.031153587487712936
b,DV-QRC,Clustered,0.21544346900318823,14,0.01010789066761562,-0.039402910840959204
b,DV-QRC,Clustered,0.21544346900318823,15,0.012258019293740404,-0.037822831348307141
b,DV-QRC,Clustered,0.21544346900318823,16,0.012907324397615737,-0.03968202668578958
b,DV-QRC,Clustered,0.21544346900318823,17,0.011552567979025128,-0.078315299591138213
b,DV-QRC,Clustered,0.21544346900318823,18,0.016631201189217067,-0.041840963285719478
b,DV-QRC,Clustered,0.21544346900318823,19,0.013438218698371278,-0.041035593989001778
b,DV-QRC,Clustered,0.46415888336127725,0,0.042494545695907437,-0.044724676504992712
b,DV-QRC,Clustered,0.46415888336127725,1,0.031869354864932739,-0.045787401493051959
b,DV-QRC,Clustered,0.46415888336127725,2,0.029082862714126009,-0.036798210129376487
b,DV-QRC,Clustered,0.46415888336127725,3,0.037140340770767229,-0.042558564291029631
b,DV-QRC,Clustered,0.46415888336127725,4,0.039984952421251642,-0.031161919392245083
b,DV-QRC,Clustered,0.46415888336127725,5,0.033239754232161058,-0.033883852786172626
b,DV-QRC,Clustered,0.46415888336127725,6,0.035888341815646582,-0.031977310705188382
b,DV-QRC,Clustered,0.46415888336127725,7,0.037494674411012667,-0.045800187258947113
b,DV-QRC,Clustered,0.46415888336127725,8,0.034161922671497695,-0.048353576502491002
b,DV-QRC,Clustered,0.46415888336127725,9,0.043450552172652465,-0.053213850287441071
b,DV-QRC,Clustered,0.46415888336127725,10,0.037124001374087383,-0.032460605472240618
b,DV-QRC,Clustered,0.46415888336127725,11,0.047423781532206076,-0.038856938412140413
b,DV-QRC,Clustered,0.46415888336127725,12,0.040936485255932319,-0.037548111600267227
b,DV-QRC,Clustered,0.46415888336127725,13,0.03977120021068755,-0.03239128127029197
b,DV-QRC,Clustered,0.46415888336127725,14,0.031017809354786437,-0.040854070889638598
b,DV-QRC,Clustered,0.46415888336127725,15,0.037556124525970375,-0.042835222577994693
b,DV-QRC,Clustered,0.46415888336127725,16,0.038812846248968594,-0.043817686295727763
b,DV-QRC,Clustered,0.46415888336127725,17,0.035178279092664959,-0.059637267170699004
b,DV-QRC,Clustered,0.46415888336127725,18,0.047464502834251306,-0.041980909674606881
b,DV-QRC,Clustered,0.46415888336127725,19,0.04102157196617242,-0.040438489228813858
b,DV-QRC,Clustered,1,0,0.09825620755492924,-0.061110005251539652
b,DV-QRC,Clustered,1,1,0.075545448657414457,-0.048654922265302901
b,DV-QRC,Clustered,1,2,0.068042940035086569,-0.040623395142896444
b,DV-QRC,Clustered,1,3,0.082177202976440752,-0.043222452256472595
b,DV-QRC,Clustered,1,4,0.092460081556357918,-0.035277174991887927
b,DV-QRC,Clustered,1,5,0.07711135762755926,-0.035699153246116541
b,DV-QRC,Clustered,1,6,0.089465569868925773,-0.032161114587877786
b,DV-QRC,Clustered,1,7,0.089399518318194149,-0.045811745974402109
b,DV-QRC,Clustered,1,8,0.080871380592885747,-0.046645370140902885
b,DV-QRC,Clustered,1,9,0.10020454105437666,-0.050243038357658837
b,DV-QRC,Clustered,1,10,0.09010847295693096,-0.033926482427928437
b,DV-QRC,Clustered,1,11,0.10638354358818818,-0.037671979803648288
b,DV-QRC,Clustered,1,12,0.088143245356590572,-0.042716384189378426
b,DV-QRC,Clustered,1,13,0.091175484734613829,-0.032380700152020166
b,DV-QRC,Clustered,1,14,0.072787632486802131,-0.046483565351020918
b,DV-QRC,Clustered,1,15,0.085577781312953655,-0.048400194722972134
b,DV-QRC,Clustered,1,16,0.089084917613446279,-0.046766860468964555
b,DV-QRC,Clustered,1,17,0.081778853492674733,-0.061811683228680137
b,DV-QRC,Clustered,1,18,0.10865526104885796,-0.046454991329450586
b,DV-QRC,Clustered,1,19,0.095345585260849547,-0.042626858004912747
b,DV-QRC,Clustered,2.154434690031882,0,0.16115589553064119,-0.051414647546963871
b,DV-QRC,Clustered,2.154434690031882,1,0.13938900115508238,-0.061039432671364809
b,DV-QRC,Clustered,2.154434690031882,2,0.12509737423268341,-0.044786429972255105
b,DV-QRC,Clustered,2.154434690031882,3,0.14339747308838516,-0.047079931703080835
b,DV-QRC,Clustered,2.154434690031882,4,0.16622418156896848,-0.03956538859776404
b,DV-QRC,Clustered,2.154434690031882,5,0.14322651723622856,-0.041899041125776824
b,DV-QRC,Clustered,2.154434690031882,6,0.17811731559508545,-0.040283500713942058
b,DV-QRC,Clustered,2.154434690031882,7,0.16103684590846304,-0.049241867043637998
b,DV-QRC,Clustered,2.154434690031882,8,0.14559915394870027,-0.051955307646922716
b,DV-QRC,Clustered,2.154434690031882,9,0.17717051546242091,-0.044201015044284135
b,DV-QRC,Clustered,2.154434690031882,10,0.16211936371913119,-0.035721596400903832
b,DV-QRC,Clustered,2.154434690031882,11,0.18185528840675114,-0.041433223815300908
b,DV-QRC,Clustered,2.154434690031882,12,0.14927836513376394,-0.050657927527206943
b,DV-QRC,Clustered,2.154434690031882,13,0.15886673012681862,-0.042038350731172923
b,DV-QRC,Clustered,2.154434690031882,14,0.134995277628668,-0.051823767443018087
b,DV-QRC,Clustered,2.154434690031882,15,0.15176699421886106,-0.044984369786506641
b,DV-QRC,Clustered,2.154434690031882,16,0.15109515476488553,-0.043864799216427657
b,DV-QRC,Clustered,2.154434690031882,17,0.15209418731009608,-0.060227901319542247
b,DV-QRC,Clustered,2.154434690031882,18,0.1831566137010204,-0.046220179114931502
b,DV-QRC,Clustered,2.154434690031882,19,0.16726115664252397,-0.049925308452085294
b,DV-QRC,Clustered,4.6415888336127722,0,0.12702147164184402,-0.053170217072490762
b,DV-QRC,Clustered,4.6415888336127722,1,0.16080260888552506,-0.059735628090877402
b,DV-QRC,Clustered,4.6415888336127722,2,0.15546160003437462,-0.037810429190497076
b,DV-QRC,Clustered,4.6415888336127722,3,0.15042993354942885,-0.049395834221586589
b,DV-QRC,Clustered,4.6415888336127722,4,0.17665948746280574,-0.049059497896682132
b,DV-QRC,Clustered,4.6415888336127722,5,0.18123224610810817,-0.039269483549931754
b,DV-QRC,Clustered,4.6415888336127722,6,0.20430340989524659,-0.039010097225586383
b,DV-QRC,Clustered,4.6415888336127722,7,0.1539692155358961,-0.062285417467466797
b,DV-QRC,Clustered,4.6415888336127722,8,0.13571120684452997,-0.055505895997684122
b,DV-QRC,Clustered,4.6415888336127722,9,0.17983516186820489,-0.056362908052363159
b,DV-QRC,Clustered,4.6415888336127722,10,0.14222293580375342,-0.045351784183117749
b,DV-QRC,Clustered,4.6415888336127722,11,0.16477192228317122,-0.039797754747930708
b,DV-QRC,Clustered,4.6415888336127722,12,0.15795765851238075,-0.053058525478484754
b,DV-QRC,Clustered,4.6415888336127722,13,0.15137139132240748,-0.041011548079406213
b,DV-QRC,Clustered,4.6415888336127722,14,0.15454466050155244,-0.061915722851725474
b,DV-QRC,Clustered,4.6415888336127722,15,0.16398680454912168,-0.061806461772829474
b,DV-QRC,Clustered,4.6415888336127722,16,0.14168751783124631,-0.057500579390153593
b,DV-QRC,Clustered,4.6415888336127722,17,0.18186961681332725,-0.044286083362329288
b,DV-QRC,Clustered,4.6415888336127722,18,0.15720969095495435,-0.042451975982319763
b,DV-QRC,Clustered,4.6415888336127722,19,0.16237612415591374,-0.03913581388816556
b,DV-QRC,Clustered,10,0,0.055523546851024057,-0.053028259065391527
b,DV-QRC,Clustered,10,1,0.084596488459319011,-0.068428235486776193
b,DV-QRC,Clustered,10,2,0.076111715216921616,-0.052319945918626397
b,DV-QRC,Clustered,10,3,0.054380090330740614,-0.050907985697867392
b,DV-QRC,Clustered,10,4,0.070961206219835843,-0.037771427207827349
b,DV-QRC,Clustered,10,5,0.093480645186125533,-0.048631275435279418
b,DV-QRC,Clustered,10,6,0.095729400827126179,-0.045959934970392934
b,DV-QRC,Clustered,10,7,0.073448077490883612,-0.049748489847545159
b,DV-QRC,Clustered,10,8,0.062485434983333525,-0.052811922704540604
b,DV-QRC,Clustered,10,9,0.079766562311238812,-0.044508242112122197
b,DV-QRC,Clustered,10,10,0.063576263964095533,-0.037169861376409964
b,DV-QRC,Clustered,10,11,0.057312832099179215,-0.0333905623553169
b,DV-QRC,Clustered,10,12,0.065203127890964802,-0.052216897461488325
b,DV-QRC,Clustered,10,13,0.073843542454867905,-0.039573019920644659
b,DV-QRC,Clustered,10,14,0.075982054139401747,-0.052688850335984867
b,DV-QRC,Clustered,10,15,0.06816981268503218,-0.038287402942258776
b,DV-QRC,Clustered,10,16,0.062334450495567496,-0.053520472031796912
b,DV-QRC,Clustered,10,17,0.081480995430139744,-0.04772544144100329
b,DV-QRC,Clustered,10,18,0.057778612961226286,-0.038616811009394951
b,DV-QRC,Clustered,10,19,0.06454024721443638,-0.063253075826771171
b,DV-QRC,Global,1.0000000000000001e-05,0,2.1581895363535947e-09,-0.046506271940231193
b,DV-QRC,Global,1.0000000000000001e-05,1,4.2505957449254112e-09,-0.031684165395768904
b,DV-QRC,Global,1.0000000000000001e-05,2,1.2405899608171585e-08,-0.03726857728741207
b,DV-QRC,Global,1.0000000000000001e-05,3,1.0980010742609352e-08,-0.037032961234843391
b,DV-QRC,Global,1.0000000000000001e-05,4,5.2744473376478444e-09,-0.04744374428233452
b,DV-QRC,Global,1.0000000000000001e-05,5,5.9307423476446066e-09,-0.038210066518202052
b,DV-QRC,Global,1.0000000000000001e-05,6,2.2377971687541186e-09,-0.040225221938183987
b,DV-QRC,Global,1.0000000000000001e-05,7,1.8469953604943103e-09,-0.059074745301238157
b,DV-QRC,Global,1.0000000000000001e-05,8,4.7964624325178924e-09,-0.045103701008986891
b,DV-QRC,Global,1.0000000000000001e-05,9,5.9089955853850326e-09,-0.050305616808099661
b,DV-QRC,Global,1.0000000000000001e-05,10,4.0216028378110167e-09,-0.040138706254710187
b,DV-QRC,Global,1.0000000000000001e-05,11,5.6374506099268456e-09,-0.055256451633430757
b,DV-QRC,Global,1.0000000000000001e-05,12,4.2576930420286058e-09,-0.049390557065258883
b,DV-QRC,Global,1.0000000000000001e-05,13,2.483311729880719e-08,-0.029025165262041127
b,DV-QRC,Global,1.0000000000000001e-05,14,5.7226641230815782e-09,-0.025817323441351559
b,DV-QRC,Global,1.0000000000000001e-05,15,1.1664739181399297e-08,-0.05231087154066516
b,DV-QRC,Global,1.0000000000000001e-05,16,1.0974831172867068e-08,-0.064079997330001456
b,DV-QRC,Global,1.0000000000000001e-05,17,7.9536396433048048e-09,-0.047777953818052339
b,DV-QRC,Global,1.0000000000000001e-05,18,3.5875986476911829e-09,-0.038683905772251871
b,DV-QRC,Global,1.0000000000000001e-05,19,3.1166082460361847e-09,-0.059539964653391404
b,DV-QRC,Global,2.1544346900318823e-05,0,2.2320349896735841e-09,-0.04650618635214334
b,DV-QRC,Global,2.1544346900318823e-05,1,4.3365601843686793e-09,-0.031684470534245703
b,DV-QRC,Global,2.1544346900318823e-05,2,1.2221640683590201e-08,-0.037268100586133925
b,DV-QRC,Global,2.1544346900318823e-05,3,1.1379854380985128e-08,-0.037033151866688048
b,DV-QRC,Global,2.1544346900318823e-05,4,6.0502806386663821e-09,-0.047443910855776948
b,DV-QRC,Global,2.1544346900318823e-05,5,5.4204264290124453e-09,-0.038209771945111319
b,DV-QRC,Global,2.1544346900318823e-05,6,2.2482636220675911e-09,-0.040225281053363753
b,DV-QRC,Global,2.1544346900318823e-05,7,1.9299237871500361e-09,-0.059074419988701991
b,DV-QRC,Global,2.1544346900318823e-05,8,5.066937262848947e-09,-0.045104104616140971
b,DV-QRC,Global,2.1544346900318823e-05,9,5.8950075079858001e-09,-0.050305547340604738
b,DV-QRC,Global,2.1544346900318823e-05,10,3.9425178509365309e-09,-0.040138478313600394
b,DV-QRC,Global,2.1544346900318823e-05,11,5.7793059774943792e-09,-0.055256855542600736
b,DV-QRC,Global,2.1544346900318823e-05,12,4.1181824603934081e-09,-0.049390007648885258
b,DV-QRC,Global,2.1544346900318823e-05,13,2.430163725639072e-08,-0.029028101089045327
b,DV-QRC,Global,2.1544346900318823e-05,14,5.8785048023562225e-09,-0.025817613972399945
b,DV-QRC,Global,2.1544346900318823e-05,15,1.1388813192788223e-08,-0.052310687685011494
b,DV-QRC,Global,2.1544346900318823e-05,16,1.0266005633462865e-08,-0.064081281620025035
b,DV-QRC,Global,2.1544346900318823e-05,17,7.6181517655760131e-09,-0.047778157002851353
b,DV-QRC,Global,2.1544346900318823e-05,18,3.4465203851011482e-09,-0.038684363365929085
b,DV-QRC,Global,2.1544346900318823e-05,19,3.3181424016670574e-09,-0.059540203441172355
b,DV-QRC,Global,4.6415888336127818e-05,0,2.1640019585582155e-09,-0.046505805945345292
b,DV-QRC,Global,4.6415888336127818e-05,1,4.2991664577899737e-09,-0.031684333206095476
b,DV-QRC,Global,4.6415888336127818e-05,2,1.2260509334974914e-08,-0.037267290130505469
b,DV-QRC,Global,4.6415888336127818e-05,3,1.1068246656632928e-08,-0.037033033555016796
b,DV-QRC,Global,4.6415888336127818e-05,4,6.0055297667569528e-09,-0.047444241328973159
b,DV-QRC,Global,4.6415888336127818e-05,5,5.6476698112384606e-09,-0.03820960682679627
b,DV-QRC,Global,4.6415888336127818e-05,6,2.2296244754396442e-09,-0.040225674637313781
b,DV-QRC,Global,4.6415888336127818e-05,7,1.9680467059275476e-09,-0.059074516978709947
b,DV-QRC,Global,4.6415888336127818e-05,8,4.7194300409288021e-09,-0.04510452263779554
b,DV-QRC,Global,4.6415888336127818e-05,9,5.8949551644318083e-09,-0.050305649705689535
b,DV-QRC,Global,4.6415888336127818e-05,10,4.1907019125412271e-09,-0.040138257179417741
b,DV-QRC,Global,4.6415888336127818e-05,11,5.6763320814328672e-09,-0.055256626894899886
b,DV-QRC,Global,4.6415888336127818e-05,12,4.4109419904866019e-09,-0.049389203522778792
b,DV-QRC,Global,4.6415888336127818e-05,13,2.4717574716539958e-08,-0.029034472996163702
b,DV-QRC,Global,4.6415888336127818e-05,14,6.8122283618266306e-09,-0.025817417707966139
b,DV-QRC,Global,4.6415888336127818e-05,15,1.2071807744767258e-08,-0.052310040385394753
b,DV-QRC,Global,4.6415888336127818e-05,16,1.1242765985810451e-08,-0.064084319370751638
b,DV-QRC,Global,4.6415888336127818e-05,17,7.8423052920421847e-09,-0.04777907221727714
b,DV-QRC,Global,4.6415888336127818e-05,18,3.5964745436321385e-09,-0.038685042810937167
b,DV-QRC,Global,4.6415888336127818e-05,19,3.0817404853531819e-09,-0.059540216706392403
b,DV-QRC,Global,0.0001,0,2.0380471050628685e-09,-0.046504088550662015
b,DV-QRC,Global,0.0001,1,4.572592772052271e-09,-0.031683965205594931
b,DV-QRC,Global,0.0001,2,1.2287754429519398e-08,-0.037265071921144761
b,DV-QRC,Global,0.0001,3,1.1005503914446397e-08,-0.037033138778054149
b,DV-QRC,Global,0.0001,4,5.6444807768809895e-09,-0.047443866757995938
b,DV-QRC,Global,0.0001,5,5.9262173189845447e-09,-0.038209494509781776
b,DV-QRC,Global,0.0001,6,2.1031625689747498e-09,-0.040226386902243082
b,DV-QRC,Global,0.0001,7,2.0460772103218215e-09,-0.059074815575750762
b,DV-QRC,Global,0.0001,8,4.9880389879802383e-09,-0.045105486802121543
b,DV-QRC,Global,0.0001,9,6.0171890938261052e-09,-0.050305455009224141
b,DV-QRC,Global,0.0001,10,4.1614538634826932e-09,-0.040137799808848212
b,DV-QRC,Global,0.0001,11,5.5253669194270234e-09,-0.05525660033577421
b,DV-QRC,Global,0.0001,12,4.1969077147381977e-09,-0.049387312661746979
b,DV-QRC,Global,0.0001,13,2.5553139527847373e-08,-0.029048075283345434
b,DV-QRC,Global,0.0001,14,6.1836519096881826e-09,-0.025817067379137207
b,DV-QRC,Global,0.0001,15,1.1761469726382834e-08,-0.052308885252498133
b,DV-QRC,Global,0.0001,16,1.1095354199958649e-08,-0.0640913096250771
b,DV-QRC,Global,0.0001,17,8.1901207380645221e-09,-0.047781063958515335
b,DV-QRC,Global,0.0001,18,3.6102938191493254e-09,-0.038686175454176679
b,DV-QRC,Global,0.0001,19,3.4721247471302086e-09,-0.05953967831981502
b,DV-QRC,Global,0.00021544346900318823,0,2.1505886954517277e-09,-0.046501852240100804
b,DV-QRC,Global,0.00021544346900318823,1,4.5205445778878939e-09,-0.031683392676048305
b,DV-QRC,Global,0.00021544346900318823,2,1.2624678211597144e-08,-0.03726094509561214
b,DV-QRC,Global,0.00021544346900318823,3,1.1415842951913239e-08,-0.037033392070791975
b,DV-QRC,Global,0.00021544346900318823,4,5.2714483592831961e-09,-0.04744432137860613
b,DV-QRC,Global,0.00021544346900318823,5,5.4738392075450187e-09,-0.038208911544738572
b,DV-QRC,Global,0.00021544346900318823,6,2.1956929845197384e-09,-0.040227787190968776
b,DV-QRC,Global,0.00021544346900318823,7,2.1068612547546982e-09,-0.059075097305228412
b,DV-QRC,Global,0.00021544346900318823,8,4.9365053906160249e-09,-0.045107463063413421
b,DV-QRC,Global,0.00021544346900318823,9,5.7716282649406728e-09,-0.050304928955133776
b,DV-QRC,Global,0.00021544346900318823,10,4.2668768849539063e-09,-0.040136734819387392
b,DV-QRC,Global,0.00021544346900318823,11,5.2117578402383328e-09,-0.055256800521803484
b,DV-QRC,Global,0.00021544346900318823,12,4.2114141964520645e-09,-0.049383164555122559
b,DV-QRC,Global,0.00021544346900318823,13,2.4775563934436251e-08,-0.029077353429799124
b,DV-QRC,Global,0.00021544346900318823,14,6.1796761530910539e-09,-0.025816363796062197
b,DV-QRC,Global,0.00021544346900318823,15,1.1619270918626268e-08,-0.052306309367736593
b,DV-QRC,Global,0.00021544346900318823,16,1.1220431998904627e-08,-0.064104611951361565
b,DV-QRC,Global,0.00021544346900318823,17,7.7740670035525262e-09,-0.047785313240051412
b,DV-QRC,Global,0.00021544346900318823,18,3.6228141913029266e-09,-0.038689578818344457
b,DV-QRC,Global,0.00021544346900318823,19,3.4569322041660834e-09,-0.05953907575414976
b,DV-QRC,Global,0.00046415888336127773,0,2.1160885410956718e-09,-0.046496690805625074
b,DV-QRC,Global,0.00046415888336127773,1,4.0858948121125047e-09,-0.031681868889426111
b,DV-QRC,Global,0.00046415888336127773,2,1.2636415328544062e-08,-0.037251553416397194
b,DV-QRC,Global,0.00046415888336127773,3,1.081233385536521e-08,-0.037033738119541658
b,DV-QRC,Global,0.00046415888336127773,4,5.7846288919487651e-09,-0.047444776068053814
b,DV-QRC,Global,0.00046415888336127773,5,5.462794212263609e-09,-0.038207909580889592
b,DV-QRC,Global,0.00046415888336127773,6,2.1316909432481449e-09,-0.040231086261747158
b,DV-QRC,Global,0.00046415888336127773,7,2.109052153447368e-09,-0.059075549529599869
b,DV-QRC,Global,0.00046415888336127773,8,5.0004922618589392e-09,-0.045111911945370446
b,DV-QRC,Global,0.00046415888336127773,9,5.9313810114771692e-09,-0.050303354986460068
b,DV-QRC,Global,0.00046415888336127773,10,4.0992977164380621e-09,-0.040134343848694319
b,DV-QRC,Global,0.00046415888336127773,11,5.5432033805969889e-09,-0.055255722108860587
b,DV-QRC,Global,0.00046415888336127773,12,4.029327632455468e-09,-0.049374449639778308
b,DV-QRC,Global,0.00046415888336127773,13,2.4791456990226739e-08,-0.029140074160636863
b,DV-QRC,Global,0.00046415888336127773,14,6.135564170980104e-09,-0.025814704726632661
b,DV-QRC,Global,0.00046415888336127773,15,1.1206166046792808e-08,-0.052301348869432329
b,DV-QRC,Global,0.00046415888336127773,16,1.0545498338101374e-08,-0.064135302074227504
b,DV-QRC,Global,0.00046415888336127773,17,7.9857761235174075e-09,-0.047795145236733207
b,DV-QRC,Global,0.00046415888336127773,18,3.3607909454575884e-09,-0.038696709688832896
b,DV-QRC,Global,0.00046415888336127773,19,3.2550044446009613e-09,-0.059538330366245083
b,DV-QRC,Global,0.001,0,1.9549691282060198e-09,-0.046484855988607778
b,DV-QRC,Global,0.001,1,4.5977500893061848e-09,-0.031678814849095842
b,DV-QRC,Global,0.001,2,1.2640184923975299e-08,-0.037231285670191419
b,DV-QRC,Global,0.001,3,1.7931636859895716e-08,-0.037034474826733547
b,DV-QRC,Global,0.001,4,5.8981358015000006e-09,-0.047446490634197598
b,DV-QRC,Global,0.001,5,5.6110597921559114e-09,-0.038205272249670956
b,DV-QRC,Global,0.001,6,2.1825923589217967e-09,-0.040238380611606436
b,DV-QRC,Global,0.001,7,2.0874891070112862e-09,-0.059076296341501723
b,DV-QRC,Global,0.001,8,4.4613851653192101e-09,-0.045121515138213969
b,DV-QRC,Global,0.001,9,6.0357592096258028e-09,-0.050301222050398109
b,DV-QRC,Global,0.001,10,4.2704271665359766e-09,-0.040129559814022102
b,DV-QRC,Global,0.001,11,5.6592801653392054e-09,-0.055255179350700033
b,DV-QRC,Global,0.001,12,4.088012778795799e-09,-0.049355850343611195
b,DV-QRC,Global,0.001,13,2.4773336983557993e-08,-0.029271846500378021
b,DV-QRC,Global,0.001,14,6.1834929388178298e-09,-0.025811165787866863
b,DV-QRC,Global,0.001,15,1.1641946674362401e-08,-0.052289684347345856
b,DV-QRC,Global,0.001,16,1.0755342203045744e-08,-0.06420146204444839
b,DV-QRC,Global,0.001,17,7.8517002067142583e-09,-0.047815931574888948
b,DV-QRC,Global,0.001,18,3.4357904631749638e-09,-0.038711241148740562
b,DV-QRC,Global,0.001,19,3.2337756329388571e-09,-0.059535508598768792
b,DV-QRC,Global,0.0021544346900318821,0,2.3032388193373875e-09,-0.046460129359594704
b,DV-QRC,Global,0.0021544346900318821,1,4.3384583922272032e-09,-0.031672028853739688
b,DV-QRC,Global,0.0021544346900318821,2,1.2720626560087584e-08,-0.037187638027666829
b,DV-QRC,Global,0.0021544346900318821,3,3.820723280582935e-07,-0.037035618279749868
b,DV-QRC,Global,0.0021544346900318821,4,5.9230295523436515e-09,-0.047448739026741647
b,DV-QRC,Global,0.0021544346900318821,5,5.645923571829663e-09,-0.038199492485379211
b,DV-QRC,Global,0.0021544346900318821,6,2.2203822342130963e-09,-0.040254542719109526
b,DV-QRC,Global,0.0021544346900318821,7,2.1092278004570155e-09,-0.059078996626482923
b,DV-QRC,Global,0.0021544346900318821,8,5.0405714605756714e-09,-0.04514222261996171
b,DV-QRC,Global,0.0021544346900318821,9,6.2009239664441398e-09,-0.050296050585222317
b,DV-QRC,Global,0.0021544346900318821,10,4.5539542606527712e-09,-0.040118749183889482
b,DV-QRC,Global,0.0021544346900318821,11,5.5048423059098106e-09,-0.055254156162207003
b,DV-QRC,Global,0.0021544346900318821,12,4.2499894483895628e-09,-0.04931597076320831
b,DV-QRC,Global,0.0021544346900318821,13,2.3905783893243402e-08,-0.029540307409847602
b,DV-QRC,Global,0.0021544346900318821,14,6.1930141359799991e-09,-0.025803859854691653
b,DV-QRC,Global,0.0021544346900318821,15,1.1630355736817774e-08,-0.052265039721548966
b,DV-QRC,Global,0.0021544346900318821,16,1.0685959064407802e-08,-0.064342818306822563
b,DV-QRC,Global,0.0021544346900318821,17,8.2569309686371942e-09,-0.047860383561110297
b,DV-QRC,Global,0.0021544346900318821,18,3.4205798588792641e-09,-0.038744536121986008
b,DV-QRC,Global,0.0021544346900318821,19,3.4593668704676719e-09,-0.059530198179065186
b,DV-QRC,Global,0.0046415888336127772,0,2.1268230971850565e-09,-0.046406204762510082
b,DV-QRC,Global,0.0046415888336127772,1,4.1980467547480678e-09,-0.031657291530803704
b,DV-QRC,Global,0.0046415888336127772,2,1.6233230003337813e-07,-0.037095267618389667
b,DV-QRC,Global,0.0046415888336127772,3,5.6449848531522501e-06,-0.037035706375681113
b,DV-QRC,Global,0.0046415888336127772,4,5.3857904635492792e-09,-0.047455807019396057
b,DV-QRC,Global,0.0046415888336127772,5,5.4302538297679517e-09,-0.038187042658434145
b,DV-QRC,Global,0.0046415888336127772,6,2.3138529239237461e-09,-0.040291910285086198
b,DV-QRC,Global,0.0046415888336127772,7,2.1126728377222078e-09,-0.059087529824110828
b,DV-QRC,Global,0.0046415888336127772,8,5.0500404732872297e-09,-0.045186831714075816
b,DV-QRC,Global,0.0046415888336127772,9,5.8420001990777089e-09,-0.050284959486886723
b,DV-QRC,Global,0.0046415888336127772,10,4.2384163185187301e-09,-0.040095093156377007
b,DV-QRC,Global,0.0046415888336127772,11,1.3900683222679343e-08,-0.055250518597512933
b,DV-QRC,Global,0.0046415888336127772,12,9.2205384449856853e-09,-0.049229302989490686
b,DV-QRC,Global,0.0046415888336127772,13,6.3196958709011125e-08,-0.030029878174195019
b,DV-QRC,Global,0.0046415888336127772,14,6.1552078420018968e-09,-0.025788252716553134
b,DV-QRC,Global,0.0046415888336127772,15,1.9042630983140397e-08,-0.052210587703776172
b,DV-QRC,Global,0.0046415888336127772,16,1.0395251783189254e-08,-0.064653019071515008
b,DV-QRC,Global,0.0046415888336127772,17,7.9778032295759111e-09,-0.04795576431294752
b,DV-QRC,Global,0.0046415888336127772,18,3.8037991493105344e-09,-0.03881702811742193
b,DV-QRC,Global,0.0046415888336127772,19,3.2793044630205642e-09,-0.059518502694118271
b,DV-QRC,Global,0.01,0,2.6926597546629813e-09,-0.046289577355270034
b,DV-QRC,Global,0.01,1,4.4284684741710774e-09,-0.031625452175944001
b,DV-QRC,Global,0.01,2,4.3586233182205938e-06,-0.036901888422853781
b,DV-QRC,Global,0.01,3,3.9412283715420618e-05,-0.037021320433794448
b,DV-QRC,Global,0.01,4,6.1530901692822538e-09,-0.047471885426893484
b,DV-QRC,Global,0.01,5,5.1977446066391552e-09,-0.038158166295589234
b,DV-QRC,Global,0.01,6,2.5119139129321201e-09,-0.04037970264479291
b,DV-QRC,Global,0.01,7,2.1556097925671383e-09,-0.059116094083333424
b,DV-QRC,Global,0.01,8,2.6744257273539543e-08,-0.045282550356136868
b,DV-QRC,Global,0.01,9,6.5415533424305572e-08,-0.050261477171379548
b,DV-QRC,Global,0.01,10,7.0119385439520595e-09,-0.040039650333506697
b,DV-QRC,Global,0.01,11,1.8337688541869946e-06,-0.055245304632573766
b,DV-QRC,Global,0.01,12,1.8431716498780792e-06,-0.049043967400532816
b,DV-QRC,Global,0.01,13,2.1625518807136983e-06,-0.030654425874639804
b,DV-QRC,Global,0.01,14,7.7809150796638008e-09,-0.025754558299148796
b,DV-QRC,Global,0.01,15,1.7886291992099668e-06,-0.052090274864180462
b,DV-QRC,Global,0.01,16,3.5109165469267241e-08,-0.065337447552811623
b,DV-QRC,Global,0.01,17,3.5656611413498176e-08,-0.048160569530311136
b,DV-QRC,Global,0.01,18,7.6035760548501101e-09,-0.038983566000177571
b,DV-QRC,Global,0.01,19,1.4919866416690699e-08,-0.059495043598013476
b,DV-QRC,Global,0.021544346900318822,0,6.5797131270906706e-07,-0.046034720282836415
b,DV-QRC,Global,0.021544346900318822,1,1.1029398708669044e-06,-0.031554458338839249
b,DV-QRC,Global,0.021544346900318822,2,3.7298270079025782e-05,-0.036510090306239529
b,DV-QRC,Global,0.021544346900318822,3,0.00017583750161725216,-0.036910473266482557
b,DV-QRC,Global,0.021544346900318822,4,1.3551801330190637e-06,-0.047515974853904158
b,DV-QRC,Global,0.021544346900318822,5,7.4845781797804797e-07,-0.038085980793730108
b,DV-QRC,Global,0.021544346900318822,6,2.947617189728741e-07,-0.040566498038143918
b,DV-QRC,Global,0.021544346900318822,7,4.6624416593087131e-08,-0.059224137222651352
b,DV-QRC,Global,0.021544346900318822,8,5.7256589054297189e-06,-0.045487910726392682
b,DV-QRC,Global,0.021544346900318822,9,5.2691467113588623e-06,-0.050209437594869601
b,DV-QRC,Global,0.021544346900318822,10,9.2711534673940636e-07,-0.039902123402935773
b,DV-QRC,Global,0.021544346900318822,11,2.1381904472878752e-05,-0.055239519230039912
b,DV-QRC,Global,0.021544346900318822,12,2.8066433424427125e-05,-0.048647143486371031
b,DV-QRC,Global,0.021544346900318822,13,3.9783617288855158e-05,-0.031983593459253536
b,DV-QRC,Global,0.021544346900318822,14,1.131393492552138e-06,-0.025682568957167601
b,DV-QRC,Global,0.021544346900318822,15,3.4902676214462062e-05,-0.051816704753525761
b,DV-QRC,Global,0.021544346900318822,16,2.3933169266117647e-06,-0.066880307377133894
b,DV-QRC,Global,0.021544346900318822,17,1.2356939942788023e-05,-0.048593284529075138
b,DV-QRC,Global,0.021544346900318822,18,1.5016082783955512e-06,-0.039387266616049126
b,DV-QRC,Global,0.021544346900318822,19,1.2912127125823192e-06,-0.059449404436334563
b,DV-QRC,Global,0.046415888336127774,0,3.2002579261895432e-05,-0.045479195847118202
b,DV-QRC,Global,0.046415888336127774,1,5.3754378256717324e-05,-0.031393491256204269
b,DV-QRC,Global,0.046415888336127774,2,0.00021356190509154907,-0.035776089322107761
b,DV-QRC,Global,0.046415888336127774,3,0.00062933495075437665,-0.036242736530721964
b,DV-QRC,Global,0.046415888336127774,4,4.6331061859835194e-05,-0.047655114523656943
b,DV-QRC,Global,0.046415888336127774,5,3.0266271247545663e-05,-0.037881003642209012
b,DV-QRC,Global,0.046415888336127774,6,6.0568323803933604e-05,-0.040687461175987399
b,DV-QRC,Global,0.046415888336127774,7,5.3016571718816175e-06,-0.059631767725258411
b,DV-QRC,Global,0.046415888336127774,8,0.00011355064457673833,-0.045922253212789393
b,DV-QRC,Global,0.046415888336127774,9,7.1565916892525104e-05,-0.050101326218226348
b,DV-QRC,Global,0.046415888336127774,10,2.5790473784843706e-05,-0.039607124083614741
b,DV-QRC,Global,0.046415888336127774,11,0.00013263079684888685,-0.055246502274300724
b,DV-QRC,Global,0.046415888336127774,12,0.00018529030534272965,-0.047812014759716442
b,DV-QRC,Global,0.046415888336127774,13,0.00033577735041685037,-0.038328410690772426
b,DV-QRC,Global,0.046415888336127774,14,5.7098230818634999e-05,-0.025530851496970337
b,DV-QRC,Global,0.046415888336127774,15,0.00024502234376725036,-0.051195165872758179
b,DV-QRC,Global,0.046415888336127774,16,5.0655415240055206e-05,-0.070341997711289253
b,DV-QRC,Global,0.046415888336127774,17,0.00014780133127831267,-0.049467875426432488
b,DV-QRC,Global,0.046415888336127774,18,5.1624305672143175e-05,-0.040478894581887602
b,DV-QRC,Global,0.046415888336127774,19,2.7964451785121855e-05,-0.059430221449642516
b,DV-QRC,Global,0.10000000000000001,0,0.00045425066577576938,-0.044308341633261673
b,DV-QRC,Global,0.10000000000000001,1,0.00057415985750743472,-0.031004161079884823
b,DV-QRC,Global,0.10000000000000001,2,0.0010609280617562336,-0.034607188274127343
b,DV-QRC,Global,0.10000000000000001,3,0.0021892672148173874,-0.033440859281692964
b,DV-QRC,Global,0.10000000000000001,4,0.00062396261991268557,-0.048183015521437299
b,DV-QRC,Global,0.10000000000000001,5,0.00047573910694728993,-0.037203204161639164
b,DV-QRC,Global,0.10000000000000001,6,0.00081763096295067858,-0.039702917123441477
b,DV-QRC,Global,0.10000000000000001,7,0.00012457293438583283,-0.061000930014826489
b,DV-QRC,Global,0.10000000000000001,8,0.0011252745050719778,-0.046794219273600925
b,DV-QRC,Global,0.10000000000000001,9,0.00072546593383661612,-0.049924135708147077
b,DV-QRC,Global,0.10000000000000001,10,0.00042353830565179348,-0.039996931581890861
b,DV-QRC,Global,0.10000000000000001,11,0.00075448819485092792,-0.055347564093138402
b,DV-QRC,Global,0.10000000000000001,12,0.001013636511289279,-0.046133306542826852
b,DV-QRC,Global,0.10000000000000001,13,0.0018924466452008494,-0.038281167560031075
b,DV-QRC,Global,0.10000000000000001,14,0.00062726878043277792,-0.025210477343407655
b,DV-QRC,Global,0.10000000000000001,15,0.0010408505665375158,-0.05005318561641451
b,DV-QRC,Global,0.10000000000000001,16,0.00055709602723887737,-0.077166695134648744
b,DV-QRC,Global,0.10000000000000001,17,0.0008732779963265383,-0.050993839730634156
b,DV-QRC,Global,0.10000000000000001,18,0.00087092282743295494,-0.043642181822224985
b,DV-QRC,Global,0.10000000000000001,19,0.00038915462115584416,-0.060438942475152711
b,DV-QRC,Global,0.21544346900318823,0,0.0053896041284743164,-0.042201484434977315
b,DV-QRC,Global,0.21544346900318823,1,0.0033074078654770343,-0.029965599244792862
b,DV-QRC,Global,0.21544346900318823,2,0.0046367171180329248,-0.033052978002302086
b,DV-QRC,Global,0.21544346900318823,3,0.0080309147399929351,-0.037025768566404292
b,DV-QRC,Global,0.21544346900318823,4,0.0054042725627450943,-0.050423857122619396
b,DV-QRC,Global,0.21544346900318823,5,0.0043398109104234878,-0.034983327034832611
b,DV-QRC,Global,0.21544346900318823,6,0.0062524347416787742,-0.039366258909863193
b,DV-QRC,Global,0.21544346900318823,7,0.0037566218693284837,-0.064067034987157503
b,DV-QRC,Global,0.21544346900318823,8,0.0080233446712203119,-0.048185982915524707
b,DV-QRC,Global,0.21544346900318823,9,0.0062157028106882015,-0.050059341169539195
b,DV-QRC,Global,0.21544346900318823,10,0.0040683726294579361,-0.042701364187146963
b,DV-QRC,Global,0.21544346900318823,11,0.0051589235932660467,-0.0557816410264882
b,DV-QRC,Global,0.21544346900318823,12,0.0060464354559612828,-0.043133431320899286
b,DV-QRC,Global,0.21544346900318823,13,0.0097865964438875481,-0.042641550239728543
b,DV-QRC,Global,0.21544346900318823,14,0.0053364016005838597,-0.024546912763653259
b,DV-QRC,Global,0.21544346900318823,15,0.0041693786916099478,-0.049930259860769467
b,DV-QRC,Global,0.21544346900318823,16,0.0037996819766127009,-0.085635517048711599
b,DV-QRC,Global,0.21544346900318823,17,0.0047513761253429963,-0.053159500326244058
b,DV-QRC,Global,0.21544346900318823,18,0.0093384385471383217,-0.046559033502103588
b,DV-QRC,Global,0.21544346900318823,19,0.0044175642759880429,-0.068280854550673467
b,DV-QRC,Global,0.46415888336127725,0,0.026764420378306709,-0.03947221920533573
b,DV-QRC,Global,0.46415888336127725,1,0.014568670530829275,-0.027331709646482138
b,DV-QRC,Global,0.46415888336127725,2,0.016852300797859054,-0.030468691226908012
b,DV-QRC,Global,0.46415888336127725,3,0.02779491991855635,-0.040891917120764981
b,DV-QRC,Global,0.46415888336127725,4,0.027194783557584611,-0.046890215729854794
b,DV-QRC,Global,0.46415888336127725,5,0.018247743975899101,-0.031949225074518285
b,DV-QRC,Global,0.46415888336127725,6,0.029825592831373322,-0.040874647905120604
b,DV-QRC,Global,0.46415888336127725,7,0.025200493771615443,-0.068756683924436332
b,DV-QRC,Global,0.46415888336127725,8,0.033205777708691715,-0.048865865594279301
b,DV-QRC,Global,0.46415888336127725,9,0.027207467202382627,-0.051528427302624559
b,DV-QRC,Global,0.46415888336127725,10,0.020211775773657788,-0.051988736023071004
b,DV-QRC,Global,0.46415888336127725,11,0.023596828980655887,-0.055491609687332653
b,DV-QRC,Global,0.46415888336127725,12,0.0258094472718851,-0.038498865831066764
b,DV-QRC,Global,0.46415888336127725,13,0.037972450254593629,-0.043918432516219554
b,DV-QRC,Global,0.46415888336127725,14,0.026023912515922797,-0.02534632458465472
b,DV-QRC,Global,0.46415888336127725,15,0.014732192829173762,-0.053543281141984832
b,DV-QRC,Global,0.46415888336127725,16,0.017739682772946172,-0.083912383876808591
b,DV-QRC,Global,0.46415888336127725,17,0.021385110691457331,-0.049700229691743404
b,DV-QRC,Global,0.46415888336127725,18,0.039240363544129887,-0.034136787975897732
b,DV-QRC,Global,0.46415888336127725,19,0.022691061129160965,-0.070181847372023765
b,DV-QRC,Global,1,0,0.076665894801781875,-0.040894136566764182
b,DV-QRC,Global,1,1,0.043722979526365217,-0.033994776378448839
b,DV-QRC,Global,1,2,0.045376655900489726,-0.037011959683578143
b,DV-QRC,Global,1,3,0.072049032515445185,-0.037775705842431249
b,DV-QRC,Global,1,4,0.080674965467399454,-0.048780995507252546
b,DV-QRC,Global,1,5,0.045124426175044773,-0.037995412827164836
b,DV-QRC,Global,1,6,0.084524669319497314,-0.044485655800009051
b,DV-QRC,Global,1,7,0.078942858605980465,-0.079199162186414596
b,DV-QRC,Global,1,8,0.090268381795153424,-0.046267785379705516
b,DV-QRC,Global,1,9,0.073309099804154482,-0.051472836554668056
b,DV-QRC,Global,1,10,0.058877532042247861,-0.070715107694462084
b,DV-QRC,Global,1,11,0.062970302777577855,-0.044229054021955871
b,DV-QRC,Global,1,12,0.072077560718689204,-0.040985218660444529
b,DV-QRC,Global,1,13,0.099447430654125285,-0.043279389991968675
b,DV-QRC,Global,1,14,0.071528675520778254,-0.028054118825399852
b,DV-QRC,Global,1,15,0.033976100493264529,-0.059393123540390523
b,DV-QRC,Global,1,16,0.051648145374952527,-0.069528895271359942
b,DV-QRC,Global,1,17,0.060330367609689586,-0.055276918572778888
b,DV-QRC,Global,1,18,0.098508992592774,-0.029779197117653085
b,DV-QRC,Global,1,19,0.064079542736965492,-0.046183037202668871
b,DV-QRC,Global,2.154434690031882,0,0.13394794071834906,-0.048930296159640542
b,DV-QRC,Global,2.154434690031882,1,0.091623469627557255,-0.038474408156654226
b,DV-QRC,Global,2.154434690031882,2,0.091612538499426063,-0.042955997504583503
b,DV-QRC,Global,2.154434690031882,3,0.12206404914228142,-0.039262113189435344
b,DV-QRC,Global,2.154434690031882,4,0.14816399589214965,-0.055533824242619136
b,DV-QRC,Global,2.154434690031882,5,0.075536232676382348,-0.041203909647963437
b,DV-QRC,Global,2.154434690031882,6,0.14631375669351349,-0.036626534999565384
b,DV-QRC,Global,2.154434690031882,7,0.16087186702847633,-0.066413602678299447
b,DV-QRC,Global,2.154434690031882,8,0.14719674019091084,-0.05029338013238327
b,DV-QRC,Global,2.154434690031882,9,0.13149368978404266,-0.059674100762880773
b,DV-QRC,Global,2.154434690031882,10,0.1214935158065901,-0.056154361215410696
b,DV-QRC,Global,2.154434690031882,11,0.11276163385044902,-0.041919621825279536
b,DV-QRC,Global,2.154434690031882,12,0.13605532187405198,-0.04037810723862359
b,DV-QRC,Global,2.154434690031882,13,0.15846564969579632,-0.03239320928153059
b,DV-QRC,Global,2.154434690031882,14,0.12914992064672989,-0.021810190199015967
b,DV-QRC,Global,2.154434690031882,15,0.067158965930661632,-0.042496626046362763
b,DV-QRC,Global,2.154434690031882,16,0.10098300434315814,-0.057087620445201825
b,DV-QRC,Global,2.154434690031882,17,0.11696927649487526,-0.058466111385239848
b,DV-QRC,Global,2.154434690031882,18,0.14711535768491515,-0.032251109426435574
b,DV-QRC,Global,2.154434690031882,19,0.11969700575544194,-0.045262016495745273
b,DV-QRC,Global,4.6415888336127722,0,0.081255631317012675,-0.074585915091259947
b,DV-QRC,Global,4.6415888336127722,1,0.11245267735419323,-0.048655176501366415
b,DV-QRC,Global,4.6415888336127722,2,0.11605808287383446,-0.035588041528670608
b,DV-QRC,Global,4.6415888336127722,3,0.086574039461611643,-0.041013008025274945
b,DV-QRC,Global,4.6415888336127722,4,0.11305147255309657,-0.05824965387297918
b,DV-QRC,Global,4.6415888336127722,5,0.080416961857256955,-0.048083287781389338
b,DV-QRC,Global,4.6415888336127722,6,0.10370800154351381,-0.037429867127256773
b,DV-QRC,Global,4.6415888336127722,7,0.1643337506735886,-0.051074105954769446
b,DV-QRC,Global,4.6415888336127722,8,0.087516582491040384,-0.04366921933591323
b,DV-QRC,Global,4.6415888336127722,9,0.11686350972312556,-0.057181626248694661
b,DV-QRC,Global,4.6415888336127722,10,0.13981420489339944,-0.042834718939370499
b,DV-QRC,Global,4.6415888336127722,11,0.093512378429669404,-0.040565839935446928
b,DV-QRC,Global,4.6415888336127722,12,0.11085734494460157,-0.038402411806702418
b,DV-QRC,Global,4.6415888336127722,13,0.10053867614299775,-0.038735011711098603
b,DV-QRC,Global,4.6415888336127722,14,0.099690094856522624,-0.032007338174603321
b,DV-QRC,Global,4.6415888336127722,15,0.069072150174188204,-0.04805966829956073
b,DV-QRC,Global,4.6415888336127722,16,0.10367518387649712,-0.052833837772307678
b,DV-QRC,Global,4.6415888336127722,17,0.11212001555132016,-0.049686317554797015
b,DV-QRC,Global,4.6415888336127722,18,0.088848883226061118,-0.041639094357885507
b,DV-QRC,Global,4.6415888336127722,19,0.11055074484551862,-0.047412330164341987
b,DV-QRC,Global,10,0,0.026397736890015993,-0.037351140777367113
b,DV-QRC,Global,10,1,0.041470484494090534,-0.051200147472959832
b,DV-QRC,Global,10,2,0.03332487434064426,-0.041556248864806938
b,DV-QRC,Global,10,3,0.021223005863158752,-0.036292699985149231
b,DV-QRC,Global,10,4,0.027898874529334951,-0.049982272214047184
b,DV-QRC,Global,10,5,0.029737934503135555,-0.034300216843273834
b,DV-QRC,Global,10,6,0.025600863797726182,-0.047884543555981686
b,DV-QRC,Global,10,7,0.046517256911710186,-0.057744620785888628
b,DV-QRC,Global,10,8,0.014175730802675238,-0.057465251707732388
b,DV-QRC,Global,10,9,0.029821657952355494,-0.073732997558977095
b,DV-QRC,Global,10,10,0.047624169577839721,-0.047982780849290953
b,DV-QRC,Global,10,11,0.018679495303429494,-0.033239873241324241
b,DV-QRC,Global,10,12,0.017405427007559,-0.039253589154294243
b,DV-QRC,Global,10,13,0.022500775755509815,-0.041739799792803088
b,DV-QRC,Global,10,14,0.024999394352056063,-0.042690356507480209
b,DV-QRC,Global,10,15,0.016049431833396924,-0.056275982911868756
b,DV-QRC,Global,10,16,0.025758817642034474,-0.059429376634524335
b,DV-QRC,Global,10,17,0.024465580658461918,-0.051378344500223022
b,DV-QRC,Global,10,18,0.02373366631010378,-0.035750290700466779
b,DV-QRC,Global,10,19,0.028676317016917759,-0.038626294716369011
b,CV-QRC,Local,1.0000000000000001e-05,0,0.50006615998193094,-0.17114299308827841
b,CV-QRC,Local,1.0000000000000001e-05,1,0.5000660538194065,-0.17114439861470152
b,CV-QRC,Local,1.0000000000000001e-05,2,0.50006701212722571,-0.17114503893234737
b,CV-QRC,Local,1.0000000000000001e-05,3,0.50006666117720777,-0.17114341985660933
b,CV-QRC,Local,1.0000000000000001e-05,4,0.50006758016587116,-0.17113767331940521
b,CV-QRC,Local,1.0000000000000001e-05,5,0.50006664897470099,-0.17114535315746512
b,CV-QRC,Local,1.0000000000000001e-05,6,0.50006617275877918,-0.17114585509246485
b,CV-QRC,Local,1.0000000000000001e-05,7,0.50006576590679575,-0.17114416251474576
b,CV-QRC,Local,1.0000000000000001e-05,8,0.50006692307517298,-0.17114350896524702
b,CV-QRC,Local,1.0000000000000001e-05,9,0.50006625660888415,-0.17113770861509292
b,CV-QRC,Local,1.0000000000000001e-05,10,0.50006719424072688,-0.17113624074920866
b,CV-QRC,Local,1.0000000000000001e-05,11,0.50006652463264512,-0.17114292019944677
b,CV-QRC,Local,1.0000000000000001e-05,12,0.50006599962867304,-0.17114343984141911
b,CV-QRC,Local,1.0000000000000001e-05,13,0.50006809409561848,-0.17113917104127827
b,CV-QRC,Local,1.0000000000000001e-05,14,0.50006588293283527,-0.17114881189182873
b,CV-QRC,Local,1.0000000000000001e-05,15,0.50006654339738821,-0.17114761734280404
b,CV-QRC,Local,1.0000000000000001e-05,16,0.5000662478034652,-0.1711533092490688
b,CV-QRC,Local,1.0000000000000001e-05,17,0.50006615823897871,-0.1711498987667138
b,CV-QRC,Local,1.0000000000000001e-05,18,0.50006659473590787,-0.17113884032736129
b,CV-QRC,Local,1.0000000000000001e-05,19,0.50006640849271422,-0.17114245365004335
b,CV-QRC,Local,2.1544346900318823e-05,0,0.50006409007384145,-0.17113613111553649
b,CV-QRC,Local,2.1544346900318823e-05,1,0.50006386060806385,-0.17116444461248559
b,CV-QRC,Local,2.1544346900318823e-05,2,0.50006592497888114,-0.17116109428404813
b,CV-QRC,Local,2.1544346900318823e-05,3,0.50006516963526404,-0.17114792003860466
b,CV-QRC,Local,2.1544346900318823e-05,4,0.5000671502253704,-0.17116673309822214
b,CV-QRC,Local,2.1544346900318823e-05,5,0.50006514292624571,-0.1711113955221221
b,CV-QRC,Local,2.1544346900318823e-05,6,0.500064118160507,-0.17117059439032667
b,CV-QRC,Local,2.1544346900318823e-05,7,0.50006324024460502,-0.17112692706452023
b,CV-QRC,Local,2.1544346900318823e-05,8,0.50006573464104664,-0.1711449252518481
b,CV-QRC,Local,2.1544346900318823e-05,9,0.5000642969675847,-0.1711671966953372
b,CV-QRC,Local,2.1544346900318823e-05,10,0.5000663180801771,-0.17110569714987153
b,CV-QRC,Local,2.1544346900318823e-05,11,0.50006487450964632,-0.17111034167009923
b,CV-QRC,Local,2.1544346900318823e-05,12,0.50006374443668478,-0.1711594090762536
b,CV-QRC,Local,2.1544346900318823e-05,13,0.50006825690087575,-0.17116600512272226
b,CV-QRC,Local,2.1544346900318823e-05,14,0.5000634932426713,-0.1711091024461007
b,CV-QRC,Local,2.1544346900318823e-05,15,0.50006491633953121,-0.17109490083078052
b,CV-QRC,Local,2.1544346900318823e-05,16,0.50006427815942855,-0.17115064394504267
b,CV-QRC,Local,2.1544346900318823e-05,17,0.50006408552185178,-0.17114479698316754
b,CV-QRC,Local,2.1544346900318823e-05,18,0.50006502674500353,-0.17110903557159038
b,CV-QRC,Local,2.1544346900318823e-05,19,0.50006462462727475,-0.17116731691978568
b,CV-QRC,Local,4.6415888336127818e-05,0,0.50005963546661292,-0.17114310582470973
b,CV-QRC,Local,4.6415888336127818e-05,1,0.5000591383374281,-0.17114299554080278
b,CV-QRC,Local,4.6415888336127818e-05,2,0.50006358468264045,-0.17114366262292349
b,CV-QRC,Local,4.6415888336127818e-05,3,0.50006196098577049,-0.17120880391939267
b,CV-QRC,Local,4.6415888336127818e-05,4,0.50006623108369486,-0.171143583675853
b,CV-QRC,Local,4.6415888336127818e-05,5,0.5000619015675829,-0.17114359144158153
b,CV-QRC,Local,4.6415888336127818e-05,6,0.50005969768564884,-0.17128191242888177
b,CV-QRC,Local,4.6415888336127818e-05,7,0.50005780165536706,-0.17114329774874712
b,CV-QRC,Local,4.6415888336127818e-05,8,0.5000631815250135,-0.17114378788903906
b,CV-QRC,Local,4.6415888336127818e-05,9,0.50006007616274317,-0.17108858522909665
b,CV-QRC,Local,4.6415888336127818e-05,10,0.50006443476590223,-0.17114374210141947
b,CV-QRC,Local,4.6415888336127818e-05,11,0.5000613209580379,-0.17114373150984521
b,CV-QRC,Local,4.6415888336127818e-05,12,0.50005889092278066,-0.17114360686113952
b,CV-QRC,Local,4.6415888336127818e-05,13,0.50006861246600542,-0.17114365462418923
b,CV-QRC,Local,4.6415888336127818e-05,14,0.50005835024446499,-0.17114321169826333
b,CV-QRC,Local,4.6415888336127818e-05,15,0.50006141608679955,-0.17114298164740829
b,CV-QRC,Local,4.6415888336127818e-05,16,0.50006003634124108,-0.17114327977612157
b,CV-QRC,Local,4.6415888336127818e-05,17,0.50005962282843086,-0.17114337906835039
b,CV-QRC,Local,4.6415888336127818e-05,18,0.50006165363579036,-0.17114336898526972
b,CV-QRC,Local,4.6415888336127818e-05,19,0.50006078543584465,-0.17114300140759822
b,CV-QRC,Local,0.0001,0,0.5000500818880389,-0.17114199710028399
b,CV-QRC,Local,0.0001,1,0.50004898430517875,-0.17114176885112956
b,CV-QRC,Local,0.0001,2,0.50005855338197713,-0.17114319696473648
b,CV-QRC,Local,0.0001,3,0.50005509057727349,-0.17114174053109565
b,CV-QRC,Local,0.0001,4,0.50006430799081714,-0.17114303145681045
b,CV-QRC,Local,0.0001,5,0.50005495043944403,-0.17114304079344808
b,CV-QRC,Local,0.0001,6,0.50005021438058483,-0.17114209206275569
b,CV-QRC,Local,0.0001,7,0.50004612590700181,-0.17114240734333583
b,CV-QRC,Local,0.0001,8,0.50005773848250012,-0.1711434142881493
b,CV-QRC,Local,0.0001,9,0.50005098908218271,-0.17114413661095171
b,CV-QRC,Local,0.0001,10,0.50006040832302745,-0.17114336788819837
b,CV-QRC,Local,0.0001,11,0.50005367822575564,-0.17114334877092033
b,CV-QRC,Local,0.0001,12,0.50004846091303856,-0.17114307856564306
b,CV-QRC,Local,0.0001,13,0.5000694194278662,-0.17114317741960169
b,CV-QRC,Local,0.0001,14,0.50004731430180804,-0.17114222488411632
b,CV-QRC,Local,0.0001,15,0.50005390165629504,-0.17114188195269556
b,CV-QRC,Local,0.0001,16,0.50005091205522989,-0.17114236524799931
b,CV-QRC,Local,0.0001,17,0.50005003075848842,-0.17114258605139288
b,CV-QRC,Local,0.0001,18,0.50005443094280244,-0.17114256195618341
b,CV-QRC,Local,0.0001,19,0.50005252910423803,-0.17114177734154901
b,CV-QRC,Local,0.00021544346900318823,0,0.50002968499014799,-0.16172205124624661
b,CV-QRC,Local,0.00021544346900318823,1,0.50002719247286165,-0.16127325505262838
b,CV-QRC,Local,0.00021544346900318823,2,0.50004777998716521,-0.16116070825725318
b,CV-QRC,Local,0.00021544346900318823,3,0.50004041067753091,-0.16552322303571812
b,CV-QRC,Local,0.00021544346900318823,4,0.50006032477944984,-0.16353112108167697
b,CV-QRC,Local,0.00021544346900318823,5,0.50004008104824438,-0.16380682601308461
b,CV-QRC,Local,0.00021544346900318823,6,0.50002996184693116,-0.16108484239448165
b,CV-QRC,Local,0.00021544346900318823,7,0.50002106657121281,-0.16238428464021828
b,CV-QRC,Local,0.00021544346900318823,8,0.50004618065954887,-0.16282044417790911
b,CV-QRC,Local,0.00021544346900318823,9,0.50003147174086982,-0.16087497033760403
b,CV-QRC,Local,0.00021544346900318823,10,0.50005184019099547,-0.16095293460272542
b,CV-QRC,Local,0.00021544346900318823,11,0.50003727440176737,-0.16201128778630411
b,CV-QRC,Local,0.00021544346900318823,12,0.50002614014528968,-0.16444807985293189
b,CV-QRC,Local,0.00021544346900318823,13,0.50007129286770668,-0.16445752287832091
b,CV-QRC,Local,0.00021544346900318823,14,0.50002371843391735,-0.16349006188709556
b,CV-QRC,Local,0.00021544346900318823,15,0.50003784030695786,-0.16059517433314083
b,CV-QRC,Local,0.00021544346900318823,16,0.50003131835263515,-0.16051663977986222
b,CV-QRC,Local,0.00021544346900318823,17,0.50002945984536551,-0.1615000931049787
b,CV-QRC,Local,0.00021544346900318823,18,0.5000390458727586,-0.16332092483635571
b,CV-QRC,Local,0.00021544346900318823,19,0.50003483570536877,-0.16095931909652525
b,CV-QRC,Local,0.00046415888336127773,0,0.49998656284444609,-0.15593639233144671
b,CV-QRC,Local,0.00046415888336127773,1,0.4999807047248771,-0.16123084748889374
b,CV-QRC,Local,0.00046415888336127773,2,0.50002490296912216,-0.16124340951227342
b,CV-QRC,Local,0.00046415888336127773,3,0.50000960349751233,-0.11630418189778315
b,CV-QRC,Local,0.00046415888336127773,4,0.50005282620386593,-0.11708935033346957
b,CV-QRC,Local,0.00046415888336127773,5,0.50000871028975025,-0.11481503176020318
b,CV-QRC,Local,0.00046415888336127773,6,0.49998718059292779,-0.14329492405817898
b,CV-QRC,Local,0.00046415888336127773,7,0.49996783694719404,-0.1387111239909071
b,CV-QRC,Local,0.00046415888336127773,8,0.50002233218743164,-0.15403921656175501
b,CV-QRC,Local,0.00046415888336127773,9,0.4999896429443072,-0.10817998681418677
b,CV-QRC,Local,0.00046415888336127773,10,0.50003404443324428,-0.13194446282985198
b,CV-QRC,Local,0.00046415888336127773,11,0.50000231708316423,-0.11019305228188768
b,CV-QRC,Local,0.00046415888336127773,12,0.49997866830177601,-0.12276235843202504
b,CV-QRC,Local,0.00046415888336127773,13,0.50007620598911928,-0.15012774523845393
b,CV-QRC,Local,0.00046415888336127773,14,0.49997373214966423,-0.11634023532905204
b,CV-QRC,Local,0.00046415888336127773,15,0.50000389228769382,-0.11479026177930333
b,CV-QRC,Local,0.00046415888336127773,16,0.49998947785965309,-0.16054150935014169
b,CV-QRC,Local,0.00046415888336127773,17,0.49998568379874631,-0.10709633777224993
b,CV-QRC,Local,0.00046415888336127773,18,0.50000675873710487,-0.10354877431674681
b,CV-QRC,Local,0.00046415888336127773,19,0.49999714528682138,-0.15587642045796066
b,CV-QRC,Local,0.001,0,0.49989724262591123,-0.08249746618511801
b,CV-QRC,Local,0.001,1,0.4998820679475986,-0.10237244015356491
b,CV-QRC,Local,0.001,2,0.49997682944069594,-0.10318107521240967
b,CV-QRC,Local,0.001,3,0.4999460444816905,-0.088068382021390557
b,CV-QRC,Local,0.001,4,0.50004043255119468,-0.059010579226490806
b,CV-QRC,Local,0.001,5,0.49994342934444624,-0.089617219332340237
b,CV-QRC,Local,0.001,6,0.49989839665497676,-0.079074282405131133
b,CV-QRC,Local,0.001,7,0.49985567791131019,-0.1013550496912211
b,CV-QRC,Local,0.001,8,0.49997464627581817,-0.088540464179991687
b,CV-QRC,Local,0.001,9,0.49990050280194842,-0.08658472643683586
b,CV-QRC,Local,0.001,10,0.49999793708177609,-0.080567211988643042
b,CV-QRC,Local,0.001,11,0.49992835107681743,-0.087968687738502194
b,CV-QRC,Local,0.001,12,0.49987910124241214,-0.090716306391277257
b,CV-QRC,Local,0.001,13,0.50008999711581925,-0.090098136119126079
b,CV-QRC,Local,0.001,14,0.49986950019401988,-0.092915388493078011
b,CV-QRC,Local,0.001,15,0.49993320872439001,-0.09601684589558783
b,CV-QRC,Local,0.001,16,0.49990052402907409,-0.087456091520691184
b,CV-QRC,Local,0.001,17,0.49989326921085314,-0.091481553966806087
b,CV-QRC,Local,0.001,18,0.49994075989611392,-0.062138407053497435
b,CV-QRC,Local,0.001,19,0.49991766859109854,-0.11497015123630427
b,CV-QRC,Local,0.0021544346900318821,0,0.49972032574173475,-0.045559996973106781
b,CV-QRC,Local,0.0021544346900318821,1,0.49967732599256698,-0.08727788446866748
b,CV-QRC,Local,0.0021544346900318821,2,0.49987937867146365,-0.072384027234704273
b,CV-QRC,Local,0.0021544346900318821,3,0.49982282714281329,-0.064326617099490557
b,CV-QRC,Local,0.0021544346900318821,4,0.50003190273612452,-0.044912566747068061
b,CV-QRC,Local,0.0021544346900318821,5,0.49981393820719366,-0.05784868020090999
b,CV-QRC,Local,0.0021544346900318821,6,0.49972159646938719,-0.060167350964418186
b,CV-QRC,Local,0.0021544346900318821,7,0.49962683694999055,-0.087054024221995471
b,CV-QRC,Local,0.0021544346900318821,8,0.49988932057656604,-0.067357791850899199
b,CV-QRC,Local,0.0021544346900318821,9,0.49971266489332394,-0.066402019347152882
b,CV-QRC,Local,0.0021544346900318821,10,0.49993159670624071,-0.053418044793058762
b,CV-QRC,Local,0.0021544346900318821,11,0.49977579260275251,-0.066096198376644488
b,CV-QRC,Local,0.0021544346900318821,12,0.49967618809845166,-0.061280994430773977
b,CV-QRC,Local,0.0021544346900318821,13,0.500135964413153,-0.059633220630810689
b,CV-QRC,Local,0.0021544346900318821,14,0.49965984440550226,-0.058708259021321957
b,CV-QRC,Local,0.0021544346900318821,15,0.49979182328598742,-0.075122880143581511
b,CV-QRC,Local,0.0021544346900318821,16,0.49971537300870733,-0.069268028059532957
b,CV-QRC,Local,0.0021544346900318821,17,0.49970327211061827,-0.04787114588439037
b,CV-QRC,Local,0.0021544346900318821,18,0.49981442610497046,-0.048403083780936516
b,CV-QRC,Local,0.0021544346900318821,19,0.49975433605376746,-0.085076536275818446
b,CV-QRC,Local,0.0046415888336127772,0,0.49941443789104473,-0.045551942655874263
b,CV-QRC,Local,0.0046415888336127772,1,0.49926780052135289,-0.068553845754923515
b,CV-QRC,Local,0.0046415888336127772,2,0.49969606975893921,-0.05069646896374428
b,CV-QRC,Local,0.0046415888336127772,3,0.49961972482702216,-0.050452747635074235
b,CV-QRC,Local,0.0046415888336127772,4,0.50009752047657141,-0.044919313135548672
b,CV-QRC,Local,0.0046415888336127772,5,0.49958701217912765,-0.050201159762506498
b,CV-QRC,Local,0.0046415888336127772,6,0.49940454482571123,-0.052666017072178627
b,CV-QRC,Local,0.0046415888336127772,7,0.49919871069460464,-0.075363736888945196
b,CV-QRC,Local,0.0046415888336127772,8,0.49978601828125563,-0.067383105289451059
b,CV-QRC,Local,0.0046415888336127772,9,0.49932670470652829,-0.064290660370072375
b,CV-QRC,Local,0.0046415888336127772,10,0.49983787396441798,-0.053417086849539865
b,CV-QRC,Local,0.0046415888336127772,11,0.49947774572958981,-0.056557172631831375
b,CV-QRC,Local,0.0046415888336127772,12,0.49929077485717716,-0.045865233650681771
b,CV-QRC,Local,0.0046415888336127772,13,0.50030645396646045,-0.049661453717389531
b,CV-QRC,Local,0.0046415888336127772,14,0.49927807382256945,-0.05213560700606007
b,CV-QRC,Local,0.0046415888336127772,15,0.49953308639250221,-0.04824395275715565
b,CV-QRC,Local,0.0046415888336127772,16,0.49934308648383813,-0.063805240256819343
b,CV-QRC,Local,0.0046415888336127772,17,0.49933414430778644,-0.047878113457319162
b,CV-QRC,Local,0.0046415888336127772,18,0.49961737331751493,-0.048414430536829277
b,CV-QRC,Local,0.0046415888336127772,19,0.49943860956004404,-0.059866929652956612
b,CV-QRC,Local,0.01,0,0.49907542819378359,-0.045533518637318977
b,CV-QRC,Local,0.01,1,0.49854365230562681,-0.067364778751058618
b,CV-QRC,Local,0.01,2,0.49942625611231445,-0.04826656582731037
b,CV-QRC,Local,0.01,3,0.49944741959899003,-0.050489650820789107
b,CV-QRC,Local,0.01,4,0.50056835451037618,-0.044931807092014421
b,CV-QRC,Local,0.01,5,0.49932641070777406,-0.050205268396222968
b,CV-QRC,Local,0.01,6,0.49900047270087877,-0.052721593210446255
b,CV-QRC,Local,0.01,7,0.49855562297761519,-0.074052998118690552
b,CV-QRC,Local,0.01,8,0.49988589304816938,-0.054089536891619383
b,CV-QRC,Local,0.01,9,0.49859217604079031,-0.06429449138818534
b,CV-QRC,Local,0.01,10,0.4998507560212811,-0.046404052036525069
b,CV-QRC,Local,0.01,11,0.4989806056842343,-0.05658208302041462
b,CV-QRC,Local,0.01,12,0.49869892963210777,-0.045778048537671395
b,CV-QRC,Local,0.01,13,0.50096143564168649,-0.049726058509182436
b,CV-QRC,Local,0.01,14,0.49875929735535768,-0.052163413670309161
b,CV-QRC,Local,0.01,15,0.49917418238462452,-0.048235860723629044
b,CV-QRC,Local,0.01,16,0.4986804471174448,-0.063789684298196592
b,CV-QRC,Local,0.01,17,0.49872866759565987,-0.047891995778355734
b,CV-QRC,Local,0.01,18,0.49950700947239746,-0.048451772345752042
b,CV-QRC,Local,0.01,19,0.49892536050566438,-0.05756940900289343
b,CV-QRC,Local,0.021544346900318822,0,0.4998410737778059,-0.045498416898416737
b,CV-QRC,Local,0.021544346900318822,1,0.4976617728788269,-0.067350031697778381
b,CV-QRC,Local,0.021544346900318822,2,0.49937341277620545,-0.048239077708617677
b,CV-QRC,Local,0.021544346900318822,3,0.50021788378427356,-0.050577128112816783
b,CV-QRC,Local,0.021544346900318822,4,0.50303668756870679,-0.043777719788049653
b,CV-QRC,Local,0.021544346900318822,5,0.49977294952692364,-0.048545362512280393
b,CV-QRC,Local,0.021544346900318822,6,0.49931756903386471,-0.052841679245642058
b,CV-QRC,Local,0.021544346900318822,7,0.49843690860518758,-0.074284938417251534
b,CV-QRC,Local,0.021544346900318822,8,0.50149411691381918,-0.054093490193601899
b,CV-QRC,Local,0.021544346900318822,9,0.49744138197176985,-0.064300928987219952
b,CV-QRC,Local,0.021544346900318822,10,0.50077991734874849,-0.047172961517025637
b,CV-QRC,Local,0.021544346900318822,11,0.4985627426541317,-0.051231821987302584
b,CV-QRC,Local,0.021544346900318822,12,0.4984949446035144,-0.045593750154475698
b,CV-QRC,Local,0.021544346900318822,13,0.50365098383530538,-0.049862997772134897
b,CV-QRC,Local,0.021544346900318822,14,0.49899424533220949,-0.052223003226457322
b,CV-QRC,Local,0.021544346900318822,15,0.49921094922102005,-0.048211738630266072
b,CV-QRC,Local,0.021544346900318822,16,0.49785820586939267,-0.063757543194017455
b,CV-QRC,Local,0.021544346900318822,17,0.49825887492320892,-0.047923548385121417
b,CV-QRC,Local,0.021544346900318822,18,0.50070196030509195,-0.048531527255297469
b,CV-QRC,Local,0.021544346900318822,19,0.49858952954460756,-0.05775508693903119
b,CV-QRC,Local,0.046415888336127774,0,0.50837437085597492,-0.037902596975501295
b,CV-QRC,Local,0.046415888336127774,1,0.4988533780513808,-0.057247715337751047
b,CV-QRC,Local,0.046415888336127774,2,0.5017437870764514,-0.044645611927937
b,CV-QRC,Local,0.046415888336127774,3,0.50684251191313856,-0.045506395261740683
b,CV-QRC,Local,0.046415888336127774,4,0.5153049295919917,-0.03637215063512473
b,CV-QRC,Local,0.046415888336127774,5,0.50550298424552753,-0.043655507891482682
b,CV-QRC,Local,0.046415888336127774,6,0.50533195406491316,-0.050405982348843831
b,CV-QRC,Local,0.046415888336127774,7,0.50401797770139778,-0.064810638375114152
b,CV-QRC,Local,0.046415888336127774,8,0.51112904275725557,-0.053658475341180289
b,CV-QRC,Local,0.046415888336127774,9,0.49710062422466245,-0.056693490375061585
b,CV-QRC,Local,0.046415888336127774,10,0.50707801131837682,-0.034235120752866437
b,CV-QRC,Local,0.046415888336127774,11,0.50129571407116702,-0.044546505012037628
b,CV-QRC,Local,0.046415888336127774,12,0.50331714539288186,-0.034477193184733378
b,CV-QRC,Local,0.046415888336127774,13,0.51511845103327569,-0.047192864803835756
b,CV-QRC,Local,0.046415888336127774,14,0.50549827856878371,-0.044778790925792199
b,CV-QRC,Local,0.046415888336127774,15,0.50300147318661748,-0.04707770467052768
b,CV-QRC,Local,0.046415888336127774,16,0.49916319354585903,-0.052673506211497821
b,CV-QRC,Local,0.046415888336127774,17,0.50137359334263587,-0.038592859545020529
b,CV-QRC,Local,0.046415888336127774,18,0.50959273550124684,-0.041339091345015962
b,CV-QRC,Local,0.046415888336127774,19,0.50166657658253822,-0.050981167478443147
b,CV-QRC,Local,0.10000000000000001,0,0.55583644952004063,-0.036654240229477171
b,CV-QRC,Local,0.10000000000000001,1,0.51630469873003981,-0.040576345448450978
b,CV-QRC,Local,0.10000000000000001,2,0.5179974629137335,-0.044597080613752192
b,CV-QRC,Local,0.10000000000000001,3,0.54135492189802847,-0.041271267011834083
b,CV-QRC,Local,0.10000000000000001,4,0.57108034552813081,-0.036180785803513221
b,CV-QRC,Local,0.10000000000000001,5,0.53944884711967644,-0.04265499224923449
b,CV-QRC,Local,0.10000000000000001,6,0.54061906117266012,-0.049500000681529467
b,CV-QRC,Local,0.10000000000000001,7,0.54200700130309454,-0.042361250229193598
b,CV-QRC,Local,0.10000000000000001,8,0.55772117442266134,-0.048821796929938016
b,CV-QRC,Local,0.10000000000000001,9,0.5099471048786266,-0.048378914173345451
b,CV-QRC,Local,0.10000000000000001,10,0.54031052242312183,-0.033274527988451742
b,CV-QRC,Local,0.10000000000000001,11,0.52873199497265089,-0.03791291095734417
b,CV-QRC,Local,0.10000000000000001,12,0.53947974276162491,-0.035125808247111652
b,CV-QRC,Local,0.10000000000000001,13,0.56239940871023775,-0.04647377422490364
b,CV-QRC,Local,0.10000000000000001,14,0.54304853771237471,-0.043696244150632113
b,CV-QRC,Local,0.10000000000000001,15,0.52958272992721001,-0.039252841491216002
b,CV-QRC,Local,0.10000000000000001,16,0.51939280560542711,-0.039925699130895421
b,CV-QRC,Local,0.10000000000000001,17,0.52909621599216961,-0.038949749399508821
b,CV-QRC,Local,0.10000000000000001,18,0.55351555793678209,-0.041741975255910384
b,CV-QRC,Local,0.10000000000000001,19,0.526954174294195,-0.050801501017838424
b,CV-QRC,Local,0.21544346900318823,0,0.74556061825770215,-0.037272297264498974
b,CV-QRC,Local,0.21544346900318823,1,0.61445383537222575,-0.0400288133593679
b,CV-QRC,Local,0.21544346900318823,2,0.59583659993587768,-0.033412008065425935
b,CV-QRC,Local,0.21544346900318823,3,0.67925118904446202,-0.041176310956990314
b,CV-QRC,Local,0.21544346900318823,4,0.78443572978541065,-0.035751439656538798
b,CV-QRC,Local,0.21544346900318823,5,0.69536743221202413,-0.043010456810520313
b,CV-QRC,Local,0.21544346900318823,6,0.69101569101670335,-0.050091854384466762
b,CV-QRC,Local,0.21544346900318823,7,0.69967788486144855,-0.039808265441738024
b,CV-QRC,Local,0.21544346900318823,8,0.74054326062404985,-0.042199662380955016
b,CV-QRC,Local,0.21544346900318823,9,0.60882332422336227,-0.04707395398783415
b,CV-QRC,Local,0.21544346900318823,10,0.68843861825676145,-0.032565561159690525
b,CV-QRC,Local,0.21544346900318823,11,0.6831471094933752,-0.037793146941246289
b,CV-QRC,Local,0.21544346900318823,12,0.70761473802421582,-0.036418328736841449
b,CV-QRC,Local,0.21544346900318823,13,0.7435310056756359,-0.045317585479379051
b,CV-QRC,Local,0.21544346900318823,14,0.69788659264879194,-0.045343344348029425
b,CV-QRC,Local,0.21544346900318823,15,0.66159647566290691,-0.043078607630847025
b,CV-QRC,Local,0.21544346900318823,16,0.64282872997139684,-0.038961075625289103
b,CV-QRC,Local,0.21544346900318823,17,0.67286761352194768,-0.03919590307758803
b,CV-QRC,Local,0.21544346900318823,18,0.72414605684574707,-0.041664978296396822
b,CV-QRC,Local,0.21544346900318823,19,0.65070346496116538,-0.044241586345925323
b,CV-QRC,Local,0.46415888336127725,0,1.1404513967104319,-0.036784470722644257
b,CV-QRC,Local,0.46415888336127725,1,0.90644153849905162,-0.03958009344335623
b,CV-QRC,Local,0.46415888336127725,2,0.85566533874302575,-0.034319377670046114
b,CV-QRC,Local,0.46415888336127725,3,1.0245279473290911,-0.041799802556506983
b,CV-QRC,Local,0.46415888336127725,4,1.2155534595096302,-0.034711540572980253
b,CV-QRC,Local,0.46415888336127725,5,1.0637368687912998,-0.041354798650053898
b,CV-QRC,Local,0.46415888336127725,6,1.0395634864145775,-0.050723967539547422
b,CV-QRC,Local,0.46415888336127725,7,1.0717183466717251,-0.035284940876188477
b,CV-QRC,Local,0.46415888336127725,8,1.1374293365374912,-0.042850871521813855
b,CV-QRC,Local,0.46415888336127725,9,0.91497424081667544,-0.047195469947547385
b,CV-QRC,Local,0.46415888336127725,10,1.0421277228058454,-0.031145994963172396
b,CV-QRC,Local,0.46415888336127725,11,1.0541419426989069,-0.037341929261877203
b,CV-QRC,Local,0.46415888336127725,12,1.0891053814616622,-0.038510267468283212
b,CV-QRC,Local,0.46415888336127725,13,1.1417126112906524,-0.039880871629430721
b,CV-QRC,Local,0.46415888336127725,14,1.0683140373800903,-0.04837021430125469
b,CV-QRC,Local,0.46415888336127725,15,1.0035771198562782,-0.046722749709947407
b,CV-QRC,Local,0.46415888336127725,16,0.97961710040685179,-0.038835398577964503
b,CV-QRC,Local,0.46415888336127725,17,1.0192386510218019,-0.038483866380005401
b,CV-QRC,Local,0.46415888336127725,18,1.1027473399471595,-0.038866424794926073
b,CV-QRC,Local,0.46415888336127725,19,0.99130220869312191,-0.041945370932257788
b,CV-QRC,Local,1,0,1.7428350786279243,-0.035215859940271092
b,CV-QRC,Local,1,1,1.4283256573922509,-0.040972164041512063
b,CV-QRC,Local,1,2,1.3373158319202207,-0.036550913363348918
b,CV-QRC,Local,1,3,1.5848658414554333,-0.04184903182346339
b,CV-QRC,Local,1,4,1.8481634197342145,-0.032960880933105847
b,CV-QRC,Local,1,5,1.6584516273894265,-0.035842895403031746
b,CV-QRC,Local,1,6,1.6011508039587012,-0.044699357917077888
b,CV-QRC,Local,1,7,1.6515523288089984,-0.03417917258356535
b,CV-QRC,Local,1,8,1.7452963114104105,-0.038048466181247985
b,CV-QRC,Local,1,9,1.4644155032694852,-0.045435940508295358
b,CV-QRC,Local,1,10,1.6158636883279378,-0.030620146041696151
b,CV-QRC,Local,1,11,1.6652299386706539,-0.036317041413222909
b,CV-QRC,Local,1,12,1.692831456713096,-0.038568976662384562
b,CV-QRC,Local,1,13,1.7583857838729557,-0.036426645219888969
b,CV-QRC,Local,1,14,1.6681450383115983,-0.052894431150553457
b,CV-QRC,Local,1,15,1.5807800009074346,-0.04648103274939408
b,CV-QRC,Local,1,16,1.5583076379828371,-0.041502869051493356
b,CV-QRC,Local,1,17,1.5926015970203653,-0.037758012446905596
b,CV-QRC,Local,1,18,1.6910210551530827,-0.034427022485089165
b,CV-QRC,Local,1,19,1.5644874308093728,-0.042107002455991992
b,CV-QRC,Local,2.154434690031882,0,2.3575523977890183,-0.032328616630185818
b,CV-QRC,Local,2.154434690031882,1,2.0913303476987926,-0.039141651500392075
b,CV-QRC,Local,2.154434690031882,2,1.9850180461063642,-0.030572834354445088
b,CV-QRC,Local,2.154434690031882,3,2.2191472920210709,-0.036382508156043915
b,CV-QRC,Local,2.154434690031882,4,2.435055254100412,-0.031615632406880721
b,CV-QRC,Local,2.154434690031882,5,2.2949202736062544,-0.030590368542550723
b,CV-QRC,Local,2.154434690031882,6,2.2329567917469988,-0.041361045239973505
b,CV-QRC,Local,2.154434690031882,7,2.2739762989841159,-0.037316215651630631
b,CV-QRC,Local,2.154434690031882,8,2.360088194744046,-0.037312159273380101
b,CV-QRC,Local,2.154434690031882,9,2.1409035312463565,-0.044126373350370555
b,CV-QRC,Local,2.154434690031882,10,2.2545433379626743,-0.028693798921043828
b,CV-QRC,Local,2.154434690031882,11,2.3139584428615185,-0.031963813054633562
b,CV-QRC,Local,2.154434690031882,12,2.3224420931723739,-0.03711418603468828
b,CV-QRC,Local,2.154434690031882,13,2.3772970402624902,-0.033176355454165952
b,CV-QRC,Local,2.154434690031882,14,2.3057704398258667,-0.046590367706585228
b,CV-QRC,Local,2.154434690031882,15,2.2375532066040416,-0.037885071261468804
b,CV-QRC,Local,2.154434690031882,16,2.2241636061927705,-0.03418303811052753
b,CV-QRC,Local,2.154434690031882,17,2.2420113518443836,-0.035665949758783587
b,CV-QRC,Local,2.154434690031882,18,2.3109958297907025,-0.029466008534676579
b,CV-QRC,Local,2.154434690031882,19,2.2184975282117629,-0.032843459922157869
b,CV-QRC,Local,4.6415888336127722,0,2.7335602880905219,-0.036880703728867592
b,CV-QRC,Local,4.6415888336127722,1,2.5948689357584449,-0.036778627702895451
b,CV-QRC,Local,4.6415888336127722,2,2.5280604059854448,-0.031332294344444969
b,CV-QRC,Local,4.6415888336127722,3,2.659873256482483,-0.055027243743790276
b,CV-QRC,Local,4.6415888336127722,4,2.7692850929992612,-0.04820110297291031
b,CV-QRC,Local,4.6415888336127722,5,2.7025618190901239,-0.04260556322664158
b,CV-QRC,Local,4.6415888336127722,6,2.6679596883640326,-0.046703956165999545
b,CV-QRC,Local,4.6415888336127722,7,2.6878519041875153,-0.032492270975610069
b,CV-QRC,Local,4.6415888336127722,8,2.7337347148960287,-0.051433177413420232
b,CV-QRC,Local,4.6415888336127722,9,2.6254155636843666,-0.038078079481797346
b,CV-QRC,Local,4.6415888336127722,10,2.6822559541321001,-0.037245949827375481
b,CV-QRC,Local,4.6415888336127722,11,2.7145222525442665,-0.032770572196482793
b,CV-QRC,Local,4.6415888336127722,12,2.7163384654354457,-0.039721955460391471
b,CV-QRC,Local,4.6415888336127722,13,2.7426343666876671,-0.032471488255198161
b,CV-QRC,Local,4.6415888336127722,14,2.7085085105802156,-0.044592133605548652
b,CV-QRC,Local,4.6415888336127722,15,2.6763345933316214,-0.042263039236557796
b,CV-QRC,Local,4.6415888336127722,16,2.6691278353434371,-0.038276270056770915
b,CV-QRC,Local,4.6415888336127722,17,2.6775925239127707,-0.040930973656433257
b,CV-QRC,Local,4.6415888336127722,18,2.7091686046654924,-0.056154979399473635
b,CV-QRC,Local,4.6415888336127722,19,2.6640789795909861,-0.035997755648092322
b,CV-QRC,Local,10,0,2.8968542099632604,-0.031855079759287856
b,CV-QRC,Local,10,1,2.8401170675790861,-0.03991126867977584
b,CV-QRC,Local,10,2,2.8113456268361374,-0.037933139245766682
b,CV-QRC,Local,10,3,2.8663522274571065,-0.058944594074067123
b,CV-QRC,Local,10,4,2.9111981455341871,-0.042156962754349776
b,CV-QRC,Local,10,5,2.8843063055685927,-0.048183300284846402
b,CV-QRC,Local,10,6,2.8699430898923546,-0.041008524082854561
b,CV-QRC,Local,10,7,2.8777761327989109,-0.03388636420208762
b,CV-QRC,Local,10,8,2.8966819528598697,-0.061547160406083261
b,CV-QRC,Local,10,9,2.8532818027206317,-0.046297134368337572
b,CV-QRC,Local,10,10,2.8764316501949123,-0.041149172419867493
b,CV-QRC,Local,10,11,2.8894836451244044,-0.042196450269428344
b,CV-QRC,Local,10,12,2.8899175017714418,-0.042739290728498081
b,CV-QRC,Local,10,13,2.9002831287096043,-0.05994834700801846
b,CV-QRC,Local,10,14,2.8867611630112759,-0.051733938956258947
b,CV-QRC,Local,10,15,2.8740930037617738,-0.035489032715513839
b,CV-QRC,Local,10,16,2.8711073722623195,-0.037198162165993399
b,CV-QRC,Local,10,17,2.8745565955458381,-0.043729666876779538
b,CV-QRC,Local,10,18,2.8868211406560804,-0.038100172828213333
b,CV-QRC,Local,10,19,2.8686877738066281,-0.032715744006929198
b,CV-QRC,Clustered,1.0000000000000001e-05,0,0.18473743735740117,-0.059772247879164235
b,CV-QRC,Clustered,1.0000000000000001e-05,1,0.1562288707945457,-0.055982804765600351
b,CV-QRC,Clustered,1.0000000000000001e-05,2,0.16269061707560326,-0.061986552509917532
b,CV-QRC,Clustered,1.0000000000000001e-05,3,0.11569921213312462,-0.070258437969798776
b,CV-QRC,Clustered,1.0000000000000001e-05,4,0.16788782974074717,-0.068851370629184214
b,CV-QRC,Clustered,1.0000000000000001e-05,5,0.12543592949159932,-0.062072159726690057
b,CV-QRC,Clustered,1.0000000000000001e-05,6,0.19763102716563921,-0.053297814864724513
b,CV-QRC,Clustered,1.0000000000000001e-05,7,0.1776854922286252,-0.063470798975592199
b,CV-QRC,Clustered,1.0000000000000001e-05,8,0.1351199387021409,-0.055769600618228693
b,CV-QRC,Clustered,1.0000000000000001e-05,9,0.17500169594773321,-0.080196886958623384
b,CV-QRC,Clustered,1.0000000000000001e-05,10,0.16979151241435861,-0.05561416986141568
b,CV-QRC,Clustered,1.0000000000000001e-05,11,0.14764459939090804,-0.076085658927003752
b,CV-QRC,Clustered,1.0000000000000001e-05,12,0.1566753313614416,-0.058311619450200025
b,CV-QRC,Clustered,1.0000000000000001e-05,13,0.17303804037316184,-0.062261711436013799
b,CV-QRC,Clustered,1.0000000000000001e-05,14,0.19232298978487475,-0.059985883465039601
b,CV-QRC,Clustered,1.0000000000000001e-05,15,0.15696746951862192,-0.096700277999481263
b,CV-QRC,Clustered,1.0000000000000001e-05,16,0.1304171489908586,-0.057709455357229822
b,CV-QRC,Clustered,1.0000000000000001e-05,17,0.11927330765898561,-0.05604295962549314
b,CV-QRC,Clustered,1.0000000000000001e-05,18,0.1624642487125971,-0.066090719542260826
b,CV-QRC,Clustered,1.0000000000000001e-05,19,0.1314079287218809,-0.056877752681484595
b,CV-QRC,Clustered,2.1544346900318823e-05,0,0.18473730985985382,-0.059775339406172578
b,CV-QRC,Clustered,2.1544346900318823e-05,1,0.1562283044585655,-0.05424787872030376
b,CV-QRC,Clustered,2.1544346900318823e-05,2,0.16268995667320291,-0.051799238141522819
b,CV-QRC,Clustered,2.1544346900318823e-05,3,0.11569860315542098,-0.05431818345788083
b,CV-QRC,Clustered,2.1544346900318823e-05,4,0.1678874439601955,-0.068143561975918601
b,CV-QRC,Clustered,2.1544346900318823e-05,5,0.12543565628117798,-0.062051641186885408
b,CV-QRC,Clustered,2.1544346900318823e-05,6,0.19763084893297533,-0.053272167648251101
b,CV-QRC,Clustered,2.1544346900318823e-05,7,0.17768503349247991,-0.053675673841939019
b,CV-QRC,Clustered,2.1544346900318823e-05,8,0.13511964185788475,-0.05574318077670417
b,CV-QRC,Clustered,2.1544346900318823e-05,9,0.17500075034359475,-0.050982432345009855
b,CV-QRC,Clustered,2.1544346900318823e-05,10,0.16979095113503517,-0.054357425229467959
b,CV-QRC,Clustered,2.1544346900318823e-05,11,0.14764386111584091,-0.059284249344865619
b,CV-QRC,Clustered,2.1544346900318823e-05,12,0.15667541868456877,-0.058030905121819798
b,CV-QRC,Clustered,2.1544346900318823e-05,13,0.17303757332953076,-0.062267358008466667
b,CV-QRC,Clustered,2.1544346900318823e-05,14,0.1923231151004815,-0.046491415931844728
b,CV-QRC,Clustered,2.1544346900318823e-05,15,0.15696644375616159,-0.096658295414618414
b,CV-QRC,Clustered,2.1544346900318823e-05,16,0.13041631762604894,-0.057654715703598348
b,CV-QRC,Clustered,2.1544346900318823e-05,17,0.11927271204016654,-0.055571495523587734
b,CV-QRC,Clustered,2.1544346900318823e-05,18,0.16246455271495666,-0.053348989474137846
b,CV-QRC,Clustered,2.1544346900318823e-05,19,0.13140761137029552,-0.05086576831926188
b,CV-QRC,Clustered,4.6415888336127818e-05,0,0.18473703693474011,-0.059774468312939442
b,CV-QRC,Clustered,4.6415888336127818e-05,1,0.15622708619568554,-0.05422704963390651
b,CV-QRC,Clustered,4.6415888336127818e-05,2,0.16268853600433367,-0.044244394722777962
b,CV-QRC,Clustered,4.6415888336127818e-05,3,0.11569730217203848,-0.052137718144092106
b,CV-QRC,Clustered,4.6415888336127818e-05,4,0.16788662452503109,-0.058154605402583139
b,CV-QRC,Clustered,4.6415888336127818e-05,5,0.12543507761443307,-0.057718196186845261
b,CV-QRC,Clustered,4.6415888336127818e-05,6,0.19763047035840234,-0.053282903712324664
b,CV-QRC,Clustered,4.6415888336127818e-05,7,0.17768404666677665,-0.042572272644102176
b,CV-QRC,Clustered,4.6415888336127818e-05,8,0.13511900924597195,-0.052352701435148023
b,CV-QRC,Clustered,4.6415888336127818e-05,9,0.17499871785709178,-0.049229951567782974
b,CV-QRC,Clustered,4.6415888336127818e-05,10,0.16978974400965738,-0.039778818819821669
b,CV-QRC,Clustered,4.6415888336127818e-05,11,0.14764227172010488,-0.059250117865450598
b,CV-QRC,Clustered,4.6415888336127818e-05,12,0.15667561518177289,-0.047291276745056308
b,CV-QRC,Clustered,4.6415888336127818e-05,13,0.17303656934499664,-0.046278197767761424
b,CV-QRC,Clustered,4.6415888336127818e-05,14,0.19232338756165185,-0.041446626357150788
b,CV-QRC,Clustered,4.6415888336127818e-05,15,0.15696423521523659,-0.085938915791923795
b,CV-QRC,Clustered,4.6415888336127818e-05,16,0.13041452720207888,-0.051572415869015377
b,CV-QRC,Clustered,4.6415888336127818e-05,17,0.11927143547015814,-0.054390067116356196
b,CV-QRC,Clustered,4.6415888336127818e-05,18,0.16246521508621001,-0.050605099764656013
b,CV-QRC,Clustered,4.6415888336127818e-05,19,0.13140693279175081,-0.048209454448296496
b,CV-QRC,Clustered,0.0001,0,0.18473646766592408,-0.059776993161877547
b,CV-QRC,Clustered,0.0001,1,0.15622446958770206,-0.050933878599735104
b,CV-QRC,Clustered,0.0001,2,0.16268548671963312,-0.044225322980786408
b,CV-QRC,Clustered,0.0001,3,0.1156945346785604,-0.048716012088984927
b,CV-QRC,Clustered,0.0001,4,0.1678848802053122,-0.058143573630969426
b,CV-QRC,Clustered,0.0001,5,0.1254338797391302,-0.049170339927661892
b,CV-QRC,Clustered,0.0001,6,0.19762968333878328,-0.036175170150802995
b,CV-QRC,Clustered,0.0001,7,0.17768192754320744,-0.038503265015461259
b,CV-QRC,Clustered,0.0001,8,0.13511769357928158,-0.052353595484986561
b,CV-QRC,Clustered,0.0001,9,0.17499434255170854,-0.041127194476139224
b,CV-QRC,Clustered,0.0001,10,0.16978715724021221,-0.039729707001413678
b,CV-QRC,Clustered,0.0001,11,0.14763885858694695,-0.051958195755832472
b,CV-QRC,Clustered,0.0001,12,0.15667606578457313,-0.047278382045029411
b,CV-QRC,Clustered,0.0001,13,0.17303442019401497,-0.045050251751238383
b,CV-QRC,Clustered,0.0001,14,0.1923239840942744,-0.039024115886707345
b,CV-QRC,Clustered,0.0001,15,0.15695948352052305,-0.085932120580717475
b,CV-QRC,Clustered,0.0001,16,0.13041067866252906,-0.044699205589852957
b,CV-QRC,Clustered,0.0001,17,0.11926870653929222,-0.051322676246808634
b,CV-QRC,Clustered,0.0001,18,0.16246665805051383,-0.047612430793844814
b,CV-QRC,Clustered,0.0001,19,0.13140548263236351,-0.04817953871182773
b,CV-QRC,Clustered,0.00021544346900318823,0,0.18473539790688764,-0.053744643984559214
b,CV-QRC,Clustered,0.00021544346900318823,1,0.15621890138686109,-0.038741377247487295
b,CV-QRC,Clustered,0.00021544346900318823,2,0.1626789712737044,-0.039861902333995274
b,CV-QRC,Clustered,0.00021544346900318823,3,0.11568872402580076,-0.042201633952340174
b,CV-QRC,Clustered,0.00021544346900318823,4,0.16788118339136496,-0.037935280962465318
b,CV-QRC,Clustered,0.00021544346900318823,5,0.12543151458247478,-0.043504580276226223
b,CV-QRC,Clustered,0.00021544346900318823,6,0.19762808435823787,-0.034063583947593692
b,CV-QRC,Clustered,0.00021544346900318823,7,0.17767740403220583,-0.035422537293467664
b,CV-QRC,Clustered,0.00021544346900318823,8,0.1351150528013213,-0.046687290857903851
b,CV-QRC,Clustered,0.00021544346900318823,9,0.17498494046959173,-0.041123054822571253
b,CV-QRC,Clustered,0.00021544346900318823,10,0.16978175304247686,-0.035470495062150109
b,CV-QRC,Clustered,0.00021544346900318823,11,0.14763157664957288,-0.051963352306892356
b,CV-QRC,Clustered,0.00021544346900318823,12,0.15667712609059176,-0.041757394715653817
b,CV-QRC,Clustered,0.00021544346900318823,13,0.17302992792401603,-0.042672682176901865
b,CV-QRC,Clustered,0.00021544346900318823,14,0.19232531065489764,-0.036753430456073814
b,CV-QRC,Clustered,0.00021544346900318823,15,0.15694927690316535,-0.085941027236403622
b,CV-QRC,Clustered,0.00021544346900318823,16,0.13040242590913553,-0.038103716168406888
b,CV-QRC,Clustered,0.00021544346900318823,17,0.11926293316601237,-0.048799744489399201
b,CV-QRC,Clustered,0.00021544346900318823,18,0.16246985540662195,-0.033367449232758965
b,CV-QRC,Clustered,0.00021544346900318823,19,0.13140241659000301,-0.030634322209440373
b,CV-QRC,Clustered,0.00046415888336127773,0,0.18473342703749321,-0.039981640446739991
b,CV-QRC,Clustered,0.00046415888336127773,1,0.1562071437599826,-0.031480680758564285
b,CV-QRC,Clustered,0.00046415888336127773,2,0.16266508314002737,-0.03553799493453022
b,CV-QRC,Clustered,0.00046415888336127773,3,0.11567682682165446,-0.037444563590727196
b,CV-QRC,Clustered,0.00046415888336127773,4,0.16787357015504525,-0.037940770981032289
b,CV-QRC,Clustered,0.00046415888336127773,5,0.12542744716613582,-0.033535452735722469
b,CV-QRC,Clustered,0.00046415888336127773,6,0.19762506148402825,-0.028546843402297298
b,CV-QRC,Clustered,0.00046415888336127773,7,0.17766793037787215,-0.035423768386525757
b,CV-QRC,Clustered,0.00046415888336127773,8,0.13510980773552256,-0.034269186053782687
b,CV-QRC,Clustered,0.00046415888336127773,9,0.1749648117033549,-0.034558464517840955
b,CV-QRC,Clustered,0.00046415888336127773,10,0.16977060824657392,-0.035463703162319289
b,CV-QRC,Clustered,0.00046415888336127773,11,0.14761610019942464,-0.043477734883260288
b,CV-QRC,Clustered,0.00046415888336127773,12,0.15667985618953309,-0.032865880570685561
b,CV-QRC,Clustered,0.00046415888336127773,13,0.17302058638065107,-0.033888420668879704
b,CV-QRC,Clustered,0.00046415888336127773,14,0.19232838982490594,-0.036752737548097977
b,CV-QRC,Clustered,0.00046415888336127773,15,0.15692754398243119,-0.056914615549693869
b,CV-QRC,Clustered,0.00046415888336127773,16,0.1303848355052307,-0.033673919050057531
b,CV-QRC,Clustered,0.00046415888336127773,17,0.11925096878903323,-0.042303434746386863
b,CV-QRC,Clustered,0.00046415888336127773,18,0.16247726254232783,-0.033349973999113575
b,CV-QRC,Clustered,0.00046415888336127773,19,0.13139604233156679,-0.030532360112437307
b,CV-QRC,Clustered,0.001,0,0.184730729577714,-0.037766386253482241
b,CV-QRC,Clustered,0.001,1,0.15618308995619576,-0.028916674288695446
b,CV-QRC,Clustered,0.001,2,0.16263616375508486,-0.031795684096049021
b,CV-QRC,Clustered,0.001,3,0.11565360955889101,-0.037005134638012381
b,CV-QRC,Clustered,0.001,4,0.16785896720986848,-0.037936194374171638
b,CV-QRC,Clustered,0.001,5,0.12542358348721377,-0.033073888195898148
b,CV-QRC,Clustered,0.001,6,0.19762059472384749,-0.0285405663803599
b,CV-QRC,Clustered,0.001,7,0.17764885373171083,-0.029561185066298248
b,CV-QRC,Clustered,0.001,8,0.13510079212341899,-0.033974343344063761
b,CV-QRC,Clustered,0.001,9,0.17492215399142372,-0.027034032006063635
b,CV-QRC,Clustered,0.001,10,0.16974844683440585,-0.035458946910398893
b,CV-QRC,Clustered,0.001,11,0.14758399884856221,-0.036421445348853186
b,CV-QRC,Clustered,0.001,12,0.15668828756780859,-0.032867641523043833
b,CV-QRC,Clustered,0.001,13,0.17300250251301169,-0.030271490073823331
b,CV-QRC,Clustered,0.001,14,0.19233691465955499,-0.036751635556798654
b,CV-QRC,Clustered,0.001,15,0.15688152854221427,-0.056815688544347008
b,CV-QRC,Clustered,0.001,16,0.13034786550274394,-0.033683264214141702
b,CV-QRC,Clustered,0.001,17,0.11922716391068146,-0.042302524296604672
b,CV-QRC,Clustered,0.001,18,0.16249512563593183,-0.033341839582223649
b,CV-QRC,Clustered,0.001,19,0.13138345766954684,-0.030310022119837521
b,CV-QRC,Clustered,0.0021544346900318821,0,0.18473311340097648,-0.036544506433543844
b,CV-QRC,Clustered,0.0021544346900318821,1,0.15613575772662788,-0.028881555628720555
b,CV-QRC,Clustered,0.0021544346900318821,2,0.16257906067797814,-0.031783543780807659
b,CV-QRC,Clustered,0.0021544346900318821,3,0.11561468765537014,-0.032216964690359437
b,CV-QRC,Clustered,0.0021544346900318821,4,0.16783440341717265,-0.032052834850647943
b,CV-QRC,Clustered,0.0021544346900318821,5,0.12543617669731444,-0.03306734031115538
b,CV-QRC,Clustered,0.0021544346900318821,6,0.19761887338929951,-0.028542237132155368
b,CV-QRC,Clustered,0.0021544346900318821,7,0.17761460607064092,-0.029548853252625407
b,CV-QRC,Clustered,0.0021544346900318821,8,0.13509189373373373,-0.0339718903588958
b,CV-QRC,Clustered,0.0021544346900318821,9,0.17483355912516413,-0.027015274575481547
b,CV-QRC,Clustered,0.0021544346900318821,10,0.16970774478964007,-0.027528055822037153
b,CV-QRC,Clustered,0.0021544346900318821,11,0.14751948568022627,-0.031796902672965262
b,CV-QRC,Clustered,0.0021544346900318821,12,0.15671724181599553,-0.028960984050443228
b,CV-QRC,Clustered,0.0021544346900318821,13,0.17297294219588966,-0.030256162936764874
b,CV-QRC,Clustered,0.0021544346900318821,14,0.19236232994846242,-0.036752792302684759
b,CV-QRC,Clustered,0.0021544346900318821,15,0.15678621362575071,-0.056805053606198717
b,CV-QRC,Clustered,0.0021544346900318821,16,0.13027213005717098,-0.025938201726930888
b,CV-QRC,Clustered,0.0021544346900318821,17,0.11918411775155358,-0.038769204902776758
b,CV-QRC,Clustered,0.0021544346900318821,18,0.16254234852193536,-0.033348669200312681
b,CV-QRC,Clustered,0.0021544346900318821,19,0.13136225295596329,-0.025950715638980517
b,CV-QRC,Clustered,0.0046415888336127772,0,0.18477373166979713,-0.03654016161287927
b,CV-QRC,Clustered,0.0046415888336127772,1,0.1560535082298532,-0.028881233266200439
b,CV-QRC,Clustered,0.0046415888336127772,2,0.16247858815892449,-0.028748479994751348
b,CV-QRC,Clustered,0.0046415888336127772,3,0.11558258993554958,-0.032211961740762109
b,CV-QRC,Clustered,0.0046415888336127772,4,0.16781839646685331,-0.0317589341252505
b,CV-QRC,Clustered,0.0046415888336127772,5,0.12554236137958902,-0.033063998652497782
b,CV-QRC,Clustered,0.0046415888336127772,6,0.19764942295708041,-0.026044190327849631
b,CV-QRC,Clustered,0.0046415888336127772,7,0.177574377370526,-0.029553735572568757
b,CV-QRC,Clustered,0.0046415888336127772,8,0.13512418835284939,-0.028446267397767108
b,CV-QRC,Clustered,0.0046415888336127772,9,0.17465934121787291,-0.026204933035574668
b,CV-QRC,Clustered,0.0046415888336127772,10,0.16965695684265722,-0.027448396882378562
b,CV-QRC,Clustered,0.0046415888336127772,11,0.14740276414575426,-0.031771856594709151
b,CV-QRC,Clustered,0.0046415888336127772,12,0.15681882603000116,-0.028854821962256545
b,CV-QRC,Clustered,0.0046415888336127772,13,0.17294391718160843,-0.025584428796559335
b,CV-QRC,Clustered,0.0046415888336127772,14,0.1924474510795316,-0.028259289018841918
b,CV-QRC,Clustered,0.0046415888336127772,15,0.15659957681373302,-0.044792525023906481
b,CV-QRC,Clustered,0.0046415888336127772,16,0.13012459644294638,-0.025965281220707973
b,CV-QRC,Clustered,0.0046415888336127772,17,0.11912848937348985,-0.033696364526654678
b,CV-QRC,Clustered,0.0046415888336127772,18,0.16268082250980498,-0.026230713957812943
b,CV-QRC,Clustered,0.0046415888336127772,19,0.13134171501016159,-0.025936548072944265
b,CV-QRC,Clustered,0.01,0,0.18501713039102655,-0.036551966900296544
b,CV-QRC,Clustered,0.01,1,0.15597514480059063,-0.028876244023245734
b,CV-QRC,Clustered,0.01,2,0.16236425881795227,-0.02664469210826732
b,CV-QRC,Clustered,0.01,3,0.11573274893225224,-0.028372558541661454
b,CV-QRC,Clustered,0.01,4,0.16795147785442657,-0.031778256042625859
b,CV-QRC,Clustered,0.01,5,0.12603781328528135,-0.026257991323583394
b,CV-QRC,Clustered,0.01,6,0.1978681459490568,-0.026046799371767588
b,CV-QRC,Clustered,0.01,7,0.17762741077318273,-0.029551523740600372
b,CV-QRC,Clustered,0.01,8,0.13541338353651797,-0.028445730205267389
b,CV-QRC,Clustered,0.01,9,0.17436454477447447,-0.026195639820429693
b,CV-QRC,Clustered,0.01,10,0.16970091250038724,-0.025948132445403966
b,CV-QRC,Clustered,0.01,11,0.14725021816333067,-0.029172734132088266
b,CV-QRC,Clustered,0.01,12,0.15721547753857851,-0.028846568590536626
b,CV-QRC,Clustered,0.01,13,0.17305066512501188,-0.025593763702984055
b,CV-QRC,Clustered,0.01,14,0.19275724463891342,-0.028184612940301543
b,CV-QRC,Clustered,0.01,15,0.15630292241733235,-0.040320186610990842
b,CV-QRC,Clustered,0.01,16,0.12988521739924261,-0.025956822093733397
b,CV-QRC,Clustered,0.01,17,0.11917305404711401,-0.033692076849403091
b,CV-QRC,Clustered,0.01,18,0.16314579490110528,-0.026205618299103967
b,CV-QRC,Clustered,0.01,19,0.13140052915346812,-0.025927296056387963
b,CV-QRC,Clustered,0.021544346900318822,0,0.18624855611022079,-0.027336730370368285
b,CV-QRC,Clustered,0.021544346900318822,1,0.15625358546835408,-0.028872876844551726
b,CV-QRC,Clustered,0.021544346900318822,2,0.16255488607781809,-0.02666845907433198
b,CV-QRC,Clustered,0.021544346900318822,3,0.11710276765053659,-0.028357084783806063
b,CV-QRC,Clustered,0.021544346900318822,4,0.16903357967857138,-0.027684678642800369
b,CV-QRC,Clustered,0.021544346900318822,5,0.12794177752576624,-0.025702648504534506
b,CV-QRC,Clustered,0.021544346900318822,6,0.198986223788991,-0.026047167673933561
b,CV-QRC,Clustered,0.021544346900318822,7,0.17838351062436725,-0.026821598207173961
b,CV-QRC,Clustered,0.021544346900318822,8,0.13713956149915163,-0.026894746190810309
b,CV-QRC,Clustered,0.021544346900318822,9,0.17404518157918383,-0.026169906759643091
b,CV-QRC,Clustered,0.021544346900318822,10,0.17047004481972608,-0.025988503466070113
b,CV-QRC,Clustered,0.021544346900318822,11,0.14743090058739017,-0.029146955439917643
b,CV-QRC,Clustered,0.021544346900318822,12,0.15882179647673789,-0.028843645200856329
b,CV-QRC,Clustered,0.021544346900318822,13,0.17410856958469875,-0.024549598558952498
b,CV-QRC,Clustered,0.021544346900318822,14,0.19398523907452478,-0.02809585532992534
b,CV-QRC,Clustered,0.021544346900318822,15,0.1561175765173666,-0.034845865789394449
b,CV-QRC,Clustered,0.021544346900318822,16,0.12973730993377952,-0.025961518581808229
b,CV-QRC,Clustered,0.021544346900318822,17,0.12002386854606754,-0.033673046358931591
b,CV-QRC,Clustered,0.021544346900318822,18,0.16487433756265124,-0.025663415969424369
b,CV-QRC,Clustered,0.021544346900318822,19,0.13200545166282499,-0.025911014364875824
b,CV-QRC,Clustered,0.046415888336127774,0,0.19200060261156984,-0.027531450037459926
b,CV-QRC,Clustered,0.046415888336127774,1,0.15879895827822371,-0.028863968975937921
b,CV-QRC,Clustered,0.046415888336127774,2,0.16498270597859707,-0.026717943324258562
b,CV-QRC,Clustered,0.046415888336127774,3,0.12434667955605831,-0.025596807752925863
b,CV-QRC,Clustered,0.046415888336127774,4,0.17529537962660766,-0.026735720507070824
b,CV-QRC,Clustered,0.046415888336127774,5,0.13475221898869238,-0.025549590621564602
b,CV-QRC,Clustered,0.046415888336127774,6,0.20390936832933404,-0.026043992169886371
b,CV-QRC,Clustered,0.046415888336127774,7,0.1832164105395547,-0.02679106380281988
b,CV-QRC,Clustered,0.046415888336127774,8,0.14630404256756782,-0.026867215622612493
b,CV-QRC,Clustered,0.046415888336127774,9,0.17491824564956374,-0.026116235757085753
b,CV-QRC,Clustered,0.046415888336127774,10,0.17492724113486741,-0.026070913354379808
b,CV-QRC,Clustered,0.046415888336127774,11,0.15023063212735041,-0.024297552551883622
b,CV-QRC,Clustered,0.046415888336127774,12,0.16537062592391155,-0.02720785601184476
b,CV-QRC,Clustered,0.046415888336127774,13,0.18025559740357752,-0.02440445171720397
b,CV-QRC,Clustered,0.046415888336127774,14,0.19915079051746443,-0.024499330607992514
b,CV-QRC,Clustered,0.046415888336127774,15,0.15767058573783752,-0.034561463427844621
b,CV-QRC,Clustered,0.046415888336127774,16,0.13175884816975603,-0.025966918615432544
b,CV-QRC,Clustered,0.046415888336127774,17,0.12520736858156087,-0.027201361830309152
b,CV-QRC,Clustered,0.046415888336127774,18,0.17166035881998629,-0.025658030253514041
b,CV-QRC,Clustered,0.046415888336127774,19,0.13557120153955113,-0.025881333536926582
b,CV-QRC,Clustered,0.10000000000000001,0,0.21613486811617191,-0.02497761063665049
b,CV-QRC,Clustered,0.10000000000000001,1,0.17280334249774554,-0.023682465201770059
b,CV-QRC,Clustered,0.10000000000000001,2,0.17821076462206195,-0.026811136033294155
b,CV-QRC,Clustered,0.10000000000000001,3,0.15185003837016811,-0.025031985265427992
b,CV-QRC,Clustered,0.10000000000000001,4,0.20608122509272622,-0.027370632875459978
b,CV-QRC,Clustered,0.10000000000000001,5,0.1598052871201254,-0.025230786896960528
b,CV-QRC,Clustered,0.10000000000000001,6,0.22333807668157299,-0.026040878922944294
b,CV-QRC,Clustered,0.10000000000000001,7,0.2060036190874481,-0.026737700727263156
b,CV-QRC,Clustered,0.10000000000000001,8,0.17817730478377439,-0.026823378766328194
b,CV-QRC,Clustered,0.10000000000000001,9,0.18470454700619485,-0.026007107924939463
b,CV-QRC,Clustered,0.10000000000000001,10,0.19443709830033262,-0.026241230769244266
b,CV-QRC,Clustered,0.10000000000000001,11,0.16880558637609902,-0.024714270526275655
b,CV-QRC,Clustered,0.10000000000000001,12,0.19129096106063526,-0.027646901498351917
b,CV-QRC,Clustered,0.10000000000000001,13,0.20885630662697433,-0.024147414358937875
b,CV-QRC,Clustered,0.10000000000000001,14,0.22000720007652175,-0.023829943144267517
b,CV-QRC,Clustered,0.10000000000000001,15,0.17110783476100611,-0.027396633067654136
b,CV-QRC,Clustered,0.10000000000000001,16,0.14971915120526233,-0.025981195841741685
b,CV-QRC,Clustered,0.10000000000000001,17,0.14952457557945706,-0.024831315700572953
b,CV-QRC,Clustered,0.10000000000000001,18,0.1970817618276185,-0.025632955625814514
b,CV-QRC,Clustered,0.10000000000000001,19,0.15350669186871105,-0.025818064990439649
b,CV-QRC,Clustered,0.21544346900318823,0,0.30730492326729608,-0.02503905263545067
b,CV-QRC,Clustered,0.21544346900318823,1,0.22978589124362839,-0.023675756191933555
b,CV-QRC,Clustered,0.21544346900318823,2,0.22741122523100804,-0.02695160456088963
b,CV-QRC,Clustered,0.21544346900318823,3,0.23571880417010913,-0.024505926388345662
b,CV-QRC,Clustered,0.21544346900318823,4,0.31858846215677383,-0.028100677365645851
b,CV-QRC,Clustered,0.21544346900318823,5,0.24657204618295145,-0.024680068760919809
b,CV-QRC,Clustered,0.21544346900318823,6,0.29156724205814671,-0.026034269284108191
b,CV-QRC,Clustered,0.21544346900318823,7,0.28436121513387602,-0.026620606183413709
b,CV-QRC,Clustered,0.21544346900318823,8,0.2733898492450586,-0.026743488944344373
b,CV-QRC,Clustered,0.21544346900318823,9,0.23423541502467851,-0.025796412046742354
b,CV-QRC,Clustered,0.21544346900318823,10,0.26507123450304837,-0.026547350783068826
b,CV-QRC,Clustered,0.21544346900318823,11,0.2560178992442998,-0.02508747335953759
b,CV-QRC,Clustered,0.21544346900318823,12,0.27784401954091642,-0.02757078370297272
b,CV-QRC,Clustered,0.21544346900318823,13,0.31269678570636195,-0.023794371571126103
b,CV-QRC,Clustered,0.21544346900318823,14,0.29577046112240113,-0.024230189896065051
b,CV-QRC,Clustered,0.21544346900318823,15,0.24355815500932676,-0.027200633552470332
b,CV-QRC,Clustered,0.21544346900318823,16,0.22282180780302807,-0.026007859066237548
b,CV-QRC,Clustered,0.21544346900318823,17,0.22959442803008684,-0.023400292381173176
b,CV-QRC,Clustered,0.21544346900318823,18,0.28308277674253007,-0.025540841536376858
b,CV-QRC,Clustered,0.21544346900318823,19,0.22719904242304226,-0.025697855563469599
b,CV-QRC,Clustered,0.46415888336127725,0,0.52343079229719747,-0.025152433516893686
b,CV-QRC,Clustered,0.46415888336127725,1,0.39083875112268546,-0.023725784030413616
b,CV-QRC,Clustered,0.46415888336127725,2,0.363009585508838,-0.027001445876537803
b,CV-QRC,Clustered,0.46415888336127725,3,0.42684117975344749,-0.025127713382785508
b,CV-QRC,Clustered,0.46415888336127725,4,0.56617963651219161,-0.029212661772035419
b,CV-QRC,Clustered,0.46415888336127725,5,0.45704278478330312,-0.024153035420169975
b,CV-QRC,Clustered,0.46415888336127725,6,0.4723212012734998,-0.026024335574541594
b,CV-QRC,Clustered,0.46415888336127725,7,0.48202860638639572,-0.026378475256674232
b,CV-QRC,Clustered,0.46415888336127725,8,0.49850796769140615,-0.02661866695243752
b,CV-QRC,Clustered,0.46415888336127725,9,0.39578899334169382,-0.02545128244580935
b,CV-QRC,Clustered,0.46415888336127725,10,0.45628644917234895,-0.026805577461521957
b,CV-QRC,Clustered,0.46415888336127725,11,0.47073559903409568,-0.025217253246219058
b,CV-QRC,Clustered,0.46415888336127725,12,0.49209100344886914,-0.026675930013327034
b,CV-QRC,Clustered,0.46415888336127725,13,0.5425028017813428,-0.023515270092165638
b,CV-QRC,Clustered,0.46415888336127725,14,0.49810681845780042,-0.026036315499190058
b,CV-QRC,Clustered,0.46415888336127725,15,0.43764101803846711,-0.025466887681075839
b,CV-QRC,Clustered,0.46415888336127725,16,0.41449295242500983,-0.026055793560387324
b,CV-QRC,Clustered,0.46415888336127725,17,0.42782153389765909,-0.022506133223947466
b,CV-QRC,Clustered,0.46415888336127725,18,0.49301082024331133,-0.025367115038218233
b,CV-QRC,Clustered,0.46415888336127725,19,0.41513100641697731,-0.02550067267391502
b,CV-QRC,Clustered,1,0,0.95458111514669186,-0.025415557566896414
b,CV-QRC,Clustered,1,1,0.7239084315808938,-0.023879748119629857
b,CV-QRC,Clustered,1,2,0.6514421372598389,-0.026395615978384621
b,CV-QRC,Clustered,1,3,0.80493553040597088,-0.025530361447700101
b,CV-QRC,Clustered,1,4,1.0443732829748256,-0.03050306420414509
b,CV-QRC,Clustered,1,5,0.87548862459262966,-0.024224531999457333
b,CV-QRC,Clustered,1,6,0.84020683485759129,-0.026011665552949908
b,CV-QRC,Clustered,1,7,0.87582308982336599,-0.025915683366628361
b,CV-QRC,Clustered,1,8,0.94494051606065477,-0.026489595490266069
b,CV-QRC,Clustered,1,9,0.75189014119878361,-0.025059507187801935
b,CV-QRC,Clustered,1,10,0.84499929253091099,-0.026537401655457305
b,CV-QRC,Clustered,1,11,0.90148325146731778,-0.0250858746981561
b,CV-QRC,Clustered,1,12,0.91538501053319021,-0.025886087614045945
b,CV-QRC,Clustered,1,13,0.98612945928575224,-0.023467706755286612
b,CV-QRC,Clustered,1,14,0.90622828275989198,-0.026494893587814861
b,CV-QRC,Clustered,1,15,0.82863045527534129,-0.025493438715282323
b,CV-QRC,Clustered,1,16,0.81099498456710417,-0.026126799745193746
b,CV-QRC,Clustered,1,17,0.82909657671920833,-0.021855983174708282
b,CV-QRC,Clustered,1,18,0.90676883307779321,-0.025285073130534397
b,CV-QRC,Clustered,1,19,0.8013209310232523,-0.02526557862330794
b,CV-QRC,Clustered,2.154434690031882,0,1.6478223737271409,-0.026422456009553365
b,CV-QRC,Clustered,2.154434690031882,1,1.3096201295145833,-0.024270525690454903
b,CV-QRC,Clustered,2.154434690031882,2,1.1853189631391343,-0.024449368348343405
b,CV-QRC,Clustered,2.154434690031882,3,1.4409760560474019,-0.024300061703128973
b,CV-QRC,Clustered,2.154434690031882,4,1.7673748822820508,-0.026709870366363551
b,CV-QRC,Clustered,2.154434690031882,5,1.5518331967872023,-0.025007386135835197
b,CV-QRC,Clustered,2.154434690031882,6,1.4739949485565658,-0.025984740780365057
b,CV-QRC,Clustered,2.154434690031882,7,1.5242157567704326,-0.025299706248808715
b,CV-QRC,Clustered,2.154434690031882,8,1.6447431806210735,-0.026583729134710337
b,CV-QRC,Clustered,2.154434690031882,9,1.3681732065930055,-0.024890632688454848
b,CV-QRC,Clustered,2.154434690031882,10,1.4995829456610288,-0.025539760520222471
b,CV-QRC,Clustered,2.154434690031882,11,1.5897167543397499,-0.024435573498344035
b,CV-QRC,Clustered,2.154434690031882,12,1.598023280224699,-0.025290902331752563
b,CV-QRC,Clustered,2.154434690031882,13,1.680050092156137,-0.023963089948776346
b,CV-QRC,Clustered,2.154434690031882,14,1.5770523962295544,-0.025485174087348697
b,CV-QRC,Clustered,2.154434690031882,15,1.4839036932612519,-0.025966578130262513
b,CV-QRC,Clustered,2.154434690031882,16,1.4662443446445947,-0.026198057490676874
b,CV-QRC,Clustered,2.154434690031882,17,1.4891948741865817,-0.021306805241332816
b,CV-QRC,Clustered,2.154434690031882,18,1.5779015274624604,-0.025246917874452435
b,CV-QRC,Clustered,2.154434690031882,19,1.4493565635972143,-0.025148926963436763
b,CV-QRC,Clustered,4.6415888336127722,0,2.3675869846202136,-0.025698308917310588
b,CV-QRC,Clustered,4.6415888336127722,1,2.0647844320313165,-0.025007378159361576
b,CV-QRC,Clustered,4.6415888336127722,2,1.9331782148326808,-0.021750253738940146
b,CV-QRC,Clustered,4.6415888336127722,3,2.1941218614240978,-0.026074158904107358
b,CV-QRC,Clustered,4.6415888336127722,4,2.4553414186278677,-0.023376966550246642
b,CV-QRC,Clustered,4.6415888336127722,5,2.2931152430244515,-0.024846073272895331
b,CV-QRC,Clustered,4.6415888336127722,6,2.2188772198669828,-0.025913933462916035
b,CV-QRC,Clustered,4.6415888336127722,7,2.2602460853279078,-0.025292495634241737
b,CV-QRC,Clustered,4.6415888336127722,8,2.3658098995779202,-0.027111946009927595
b,CV-QRC,Clustered,4.6415888336127722,9,2.1283697892914115,-0.024955124383271687
b,CV-QRC,Clustered,4.6415888336127722,10,2.2497599379777546,-0.024757980867397857
b,CV-QRC,Clustered,4.6415888336127722,11,2.3243398132782884,-0.028005539307179878
b,CV-QRC,Clustered,4.6415888336127722,12,2.3282329340823709,-0.024173384969202977
b,CV-QRC,Clustered,4.6415888336127722,13,2.388904215022142,-0.025610705305957413
b,CV-QRC,Clustered,4.6415888336127722,14,2.3097743811519718,-0.025223213073215688
b,CV-QRC,Clustered,4.6415888336127722,15,2.236437862738955,-0.026470824151396188
b,CV-QRC,Clustered,4.6415888336127722,16,2.2209618116181113,-0.026219725673335387
b,CV-QRC,Clustered,4.6415888336127722,17,2.240319374865233,-0.020740934509034793
b,CV-QRC,Clustered,4.6415888336127722,18,2.3095997964165882,-0.024747504522382269
b,CV-QRC,Clustered,4.6415888336127722,19,2.2057996733914789,-0.025328868151943112
b,CV-QRC,Clustered,10,0,2.7817487352965253,-0.023792094011138642
b,CV-QRC,Clustered,10,1,2.6362774537319451,-0.025652838473945075
b,CV-QRC,Clustered,10,2,2.5617269782258298,-0.020029485278659706
b,CV-QRC,Clustered,10,3,2.7028390166166498,-0.024806978714630095
b,CV-QRC,Clustered,10,4,2.8177460695375935,-0.028473387036636818
b,CV-QRC,Clustered,10,5,2.7495998007544511,-0.025190633324355408
b,CV-QRC,Clustered,10,6,2.7138459008377516,-0.025865333279895764
b,CV-QRC,Clustered,10,7,2.7331418779745782,-0.026177919568538516
b,CV-QRC,Clustered,10,8,2.7809092239421487,-0.026678413564959425
b,CV-QRC,Clustered,10,9,2.6706506253797064,-0.024413993456969985
b,CV-QRC,Clustered,10,10,2.7300458012459519,-0.024910958581011524
b,CV-QRC,Clustered,10,11,2.7634241731940614,-0.025718546733390638
b,CV-QRC,Clustered,10,12,2.7645828258234859,-0.023019857027325719
b,CV-QRC,Clustered,10,13,2.7901908158691695,-0.02518362064987124
b,CV-QRC,Clustered,10,14,2.7563757620492555,-0.024740801383712142
b,CV-QRC,Clustered,10,15,2.7239184793884492,-0.026212018449184124
b,CV-QRC,Clustered,10,16,2.7164194689216039,-0.026204046330211311
b,CV-QRC,Clustered,10,17,2.7254191221098445,-0.021111087065008777
b,CV-QRC,Clustered,10,18,2.756140315573254,-0.024949504748658605
b,CV-QRC,Clustered,10,19,2.7092619399024014,-0.025542962156785778
b,CV-QRC,Global,1.0000000000000001e-05,0,0.24109472340761923,-0.034076280685203998
b,CV-QRC,Global,1.0000000000000001e-05,1,0.21772373188148778,-0.067586897482626737
b,CV-QRC,Global,1.0000000000000001e-05,2,0.24445563238082058,-0.021490306805812515
b,CV-QRC,Global,1.0000000000000001e-05,3,0.26096424515211297,-0.019995628852388963
b,CV-QRC,Global,1.0000000000000001e-05,4,0.23753938001584007,-0.034408486999419251
b,CV-QRC,Global,1.0000000000000001e-05,5,0.25121953110027312,-0.028368905181384407
b,CV-QRC,Global,1.0000000000000001e-05,6,0.23410089150926675,-0.033433037420337486
b,CV-QRC,Global,1.0000000000000001e-05,7,0.22059168351491443,-0.042397574436747666
b,CV-QRC,Global,1.0000000000000001e-05,8,0.23589355567433309,-0.040482898452672958
b,CV-QRC,Global,1.0000000000000001e-05,9,0.25057240174518236,-0.037913300085989525
b,CV-QRC,Global,1.0000000000000001e-05,10,0.26535607143633977,-0.024833044071528431
b,CV-QRC,Global,1.0000000000000001e-05,11,0.19073364612287055,-0.031280769419314715
b,CV-QRC,Global,1.0000000000000001e-05,12,0.21274301192270173,-0.042998190759125844
b,CV-QRC,Global,1.0000000000000001e-05,13,0.20318669784231064,-0.05557201451480203
b,CV-QRC,Global,1.0000000000000001e-05,14,0.22361272004643171,-0.041847924966792127
b,CV-QRC,Global,1.0000000000000001e-05,15,0.24075603884875454,-0.024871588632658731
b,CV-QRC,Global,1.0000000000000001e-05,16,0.25842389840851143,-0.028493756316997163
b,CV-QRC,Global,1.0000000000000001e-05,17,0.21991941191887598,-0.068905016573797398
b,CV-QRC,Global,1.0000000000000001e-05,18,0.18494716840254496,-0.038105050565743176
b,CV-QRC,Global,1.0000000000000001e-05,19,0.25252196356788092,-0.027465203593684998
b,CV-QRC,Global,2.1544346900318823e-05,0,0.24109909650815273,-0.026480896358401729
b,CV-QRC,Global,2.1544346900318823e-05,1,0.21772653033662934,-0.043462026715417879
b,CV-QRC,Global,2.1544346900318823e-05,2,0.24445897709742956,-0.018142170203799119
b,CV-QRC,Global,2.1544346900318823e-05,3,0.26097123171911568,-0.016638263716017034
b,CV-QRC,Global,2.1544346900318823e-05,4,0.23754287144335279,-0.034226291547113076
b,CV-QRC,Global,2.1544346900318823e-05,5,0.25122729552382739,-0.021723937145398411
b,CV-QRC,Global,2.1544346900318823e-05,6,0.23410321385979224,-0.033418830005203487
b,CV-QRC,Global,2.1544346900318823e-05,7,0.22059619021370747,-0.042395702527374644
b,CV-QRC,Global,2.1544346900318823e-05,8,0.2358947838783981,-0.031479557920414687
b,CV-QRC,Global,2.1544346900318823e-05,9,0.25057368674740471,-0.028602167156400987
b,CV-QRC,Global,2.1544346900318823e-05,10,0.26535892132603067,-0.024833640827278059
b,CV-QRC,Global,2.1544346900318823e-05,11,0.19073498925111654,-0.026263541808891566
b,CV-QRC,Global,2.1544346900318823e-05,12,0.21274751381515564,-0.042995200951097878
b,CV-QRC,Global,2.1544346900318823e-05,13,0.20318716540178192,-0.043485893668175374
b,CV-QRC,Global,2.1544346900318823e-05,14,0.22361288344403671,-0.041851167641193919
b,CV-QRC,Global,2.1544346900318823e-05,15,0.24075955722217207,-0.024816613431945755
b,CV-QRC,Global,2.1544346900318823e-05,16,0.25842837588060258,-0.023631887346482611
b,CV-QRC,Global,2.1544346900318823e-05,17,0.21992205653208136,-0.058760440037028662
b,CV-QRC,Global,2.1544346900318823e-05,18,0.18494700976484121,-0.029851556630606509
b,CV-QRC,Global,2.1544346900318823e-05,19,0.25252765448805359,-0.027164458927095514
b,CV-QRC,Global,4.6415888336127818e-05,0,0.24110856166600639,-0.024268546529643553
b,CV-QRC,Global,4.6415888336127818e-05,1,0.2177325706690309,-0.042881008947210662
b,CV-QRC,Global,4.6415888336127818e-05,2,0.24446619004744624,-0.018138017633483213
b,CV-QRC,Global,4.6415888336127818e-05,3,0.26098628724348577,-0.016635684974238795
b,CV-QRC,Global,4.6415888336127818e-05,4,0.23755040904840802,-0.025936792085367422
b,CV-QRC,Global,4.6415888336127818e-05,5,0.25124403569989778,-0.020877213803041052
b,CV-QRC,Global,4.6415888336127818e-05,6,0.23410822317403024,-0.026494607190528957
b,CV-QRC,Global,4.6415888336127818e-05,7,0.22060591128549981,-0.035624211486974047
b,CV-QRC,Global,4.6415888336127818e-05,8,0.23589743757337495,-0.031405082511496776
b,CV-QRC,Global,4.6415888336127818e-05,9,0.25057646218742885,-0.024973984271408695
b,CV-QRC,Global,4.6415888336127818e-05,10,0.2653650766629902,-0.019128433362139704
b,CV-QRC,Global,4.6415888336127818e-05,11,0.19073789395432444,-0.017043656621718872
b,CV-QRC,Global,4.6415888336127818e-05,12,0.21275721506230577,-0.033294896574107662
b,CV-QRC,Global,4.6415888336127818e-05,13,0.20318818070358863,-0.041292536902272754
b,CV-QRC,Global,4.6415888336127818e-05,14,0.22361324822954187,-0.041191107344188141
b,CV-QRC,Global,4.6415888336127818e-05,15,0.24076715494588294,-0.024120659717148784
b,CV-QRC,Global,4.6415888336127818e-05,16,0.25843804192484943,-0.020394103014101501
b,CV-QRC,Global,4.6415888336127818e-05,17,0.21992776887613294,-0.040585906977594031
b,CV-QRC,Global,4.6415888336127818e-05,18,0.18494667849699203,-0.028337598502624513
b,CV-QRC,Global,4.6415888336127818e-05,19,0.25253991927834696,-0.022864917032662926
b,CV-QRC,Global,0.0001,0,0.24112904341546998,-0.024268935057452968
b,CV-QRC,Global,0.0001,1,0.21774564729754192,-0.042881348474701292
b,CV-QRC,Global,0.0001,2,0.24448175553157489,-0.016749790591367754
b,CV-QRC,Global,0.0001,3,0.26101875180509038,-0.016633716845317354
b,CV-QRC,Global,0.0001,4,0.23756671995896833,-0.025937729007767297
b,CV-QRC,Global,0.0001,5,0.25128013758572754,-0.02087814070720859
b,CV-QRC,Global,0.0001,6,0.23411904243321155,-0.026493951572205368
b,CV-QRC,Global,0.0001,7,0.22062688711312739,-0.035621202996848907
b,CV-QRC,Global,0.0001,8,0.23590322150184909,-0.021323321391406792
b,CV-QRC,Global,0.0001,9,0.25058246213908647,-0.020509875666927847
b,CV-QRC,Global,0.0001,10,0.26537838001741332,-0.015686763894825061
b,CV-QRC,Global,0.0001,11,0.1907442032227904,-0.017032983099172394
b,CV-QRC,Global,0.0001,12,0.21277812930155438,-0.033288560576817131
b,CV-QRC,Global,0.0001,13,0.20319040329118426,-0.037835502095383944
b,CV-QRC,Global,0.0001,14,0.22361406513114415,-0.041193231963605713
b,CV-QRC,Global,0.0001,15,0.24078353839436617,-0.024119424783594304
b,CV-QRC,Global,0.0001,16,0.25845887467895673,-0.01473220070001946
b,CV-QRC,Global,0.0001,17,0.21994014441830231,-0.036983956092907208
b,CV-QRC,Global,0.0001,18,0.18494599953530105,-0.028343992899864268
b,CV-QRC,Global,0.0001,19,0.25256634827680147,-0.02286674569243315
b,CV-QRC,Global,0.00021544346900318823,0,0.24117387914493693,-0.024268406227007586
b,CV-QRC,Global,0.00021544346900318823,1,0.21777405765870242,-0.041093272907781836
b,CV-QRC,Global,0.00021544346900318823,2,0.2445154339415517,-0.016749154786080803
b,CV-QRC,Global,0.00021544346900318823,3,0.2610888336729299,-0.016633578545122613
b,CV-QRC,Global,0.00021544346900318823,4,0.23760217565751551,-0.016798370266587221
b,CV-QRC,Global,0.00021544346900318823,5,0.25135811467109781,-0.015891008200783086
b,CV-QRC,Global,0.00021544346900318823,6,0.23414247196994922,-0.025398305318788311
b,CV-QRC,Global,0.00021544346900318823,7,0.22067219429096455,-0.026612616054239119
b,CV-QRC,Global,0.00021544346900318823,8,0.23591585332905776,-0.021312501047663274
b,CV-QRC,Global,0.00021544346900318823,9,0.25059547704424817,-0.019847980870134379
b,CV-QRC,Global,0.00021544346900318823,10,0.26540718134367036,-0.015685438379359522
b,CV-QRC,Global,0.00021544346900318823,11,0.19075804599245952,-0.016911946340408518
b,CV-QRC,Global,0.00021544346900318823,12,0.2128233095048909,-0.033290254321499312
b,CV-QRC,Global,0.00021544346900318823,13,0.2031953860652039,-0.03645809341357624
b,CV-QRC,Global,0.00021544346900318823,14,0.22361597853538084,-0.041192818980001294
b,CV-QRC,Global,0.00021544346900318823,15,0.24081892265801252,-0.024118597798277241
b,CV-QRC,Global,0.00021544346900318823,16,0.25850385073063709,-0.014733283845510902
b,CV-QRC,Global,0.00021544346900318823,17,0.21996701845294861,-0.036984373110096815
b,CV-QRC,Global,0.00021544346900318823,18,0.18494472405103549,-0.024291017028293772
b,CV-QRC,Global,0.00021544346900318823,19,0.2526234088534246,-0.022866943549581419
b,CV-QRC,Global,0.00046415888336127773,0,0.24127305911592423,-0.02426916114239544
b,CV-QRC,Global,0.00046415888336127773,1,0.21783634957161779,-0.037179417036216918
b,CV-QRC,Global,0.00046415888336127773,2,0.24458858871921052,-0.014607938008330273
b,CV-QRC,Global,0.00046415888336127773,3,0.26124041875004206,-0.016633923012570974
b,CV-QRC,Global,0.00046415888336127773,4,0.23768030145205071,-0.016798349830177722
b,CV-QRC,Global,0.00046415888336127773,5,0.25152706596927854,-0.015888745887408313
b,CV-QRC,Global,0.00046415888336127773,6,0.23419371299912292,-0.024603121394141909
b,CV-QRC,Global,0.00046415888336127773,7,0.22077083015486718,-0.026612861096563772
b,CV-QRC,Global,0.00046415888336127773,8,0.23594417485125246,-0.021310298242374588
b,CV-QRC,Global,0.00046415888336127773,9,0.25062401235202103,-0.019849042440050823
b,CV-QRC,Global,0.00046415888336127773,10,0.2654701335150132,-0.015686297261459019
b,CV-QRC,Global,0.00046415888336127773,11,0.19078888489574167,-0.016910415090168499
b,CV-QRC,Global,0.00046415888336127773,12,0.21292137140631334,-0.033289326505812726
b,CV-QRC,Global,0.00046415888336127773,13,0.20320711124675442,-0.027267182149546959
b,CV-QRC,Global,0.00046415888336127773,14,0.22362102004169845,-0.038974686266287237
b,CV-QRC,Global,0.00046415888336127773,15,0.24089533712527403,-0.024117568823821201
b,CV-QRC,Global,0.00046415888336127773,16,0.25860139415675143,-0.014731541453325871
b,CV-QRC,Global,0.00046415888336127773,17,0.22002602460984286,-0.036987335128037806
b,CV-QRC,Global,0.00046415888336127773,18,0.1849426195184895,-0.024293754928705669
b,CV-QRC,Global,0.00046415888336127773,19,0.25274695021892529,-0.022868068714074968
b,CV-QRC,Global,0.001,0,0.24149730187898005,-0.024269505965085651
b,CV-QRC,Global,0.001,1,0.21797476528065091,-0.033579227821962321
b,CV-QRC,Global,0.001,2,0.24474952052453308,-0.014608097932460996
b,CV-QRC,Global,0.001,3,0.26156912657255671,-0.016634163443860744
b,CV-QRC,Global,0.001,4,0.23785725034958985,-0.016797867317231704
b,CV-QRC,Global,0.001,5,0.25189503129418822,-0.015888704854010862
b,CV-QRC,Global,0.001,6,0.2343072366562263,-0.024601000269761374
b,CV-QRC,Global,0.001,7,0.2209866750467982,-0.02443273778241695
b,CV-QRC,Global,0.001,8,0.23601126054540963,-0.02131217386771107
b,CV-QRC,Global,0.001,9,0.25068770803951818,-0.018857763627052954
b,CV-QRC,Global,0.001,10,0.26561096683051,-0.012330467938960655
b,CV-QRC,Global,0.001,11,0.19086020985121524,-0.016911718581433456
b,CV-QRC,Global,0.001,12,0.21313577464233457,-0.033289282557302284
b,CV-QRC,Global,0.001,13,0.20323825465057371,-0.027305364231397778
b,CV-QRC,Global,0.001,14,0.22363690286110527,-0.024316380973079931
b,CV-QRC,Global,0.001,15,0.24106147513666884,-0.024116528428066501
b,CV-QRC,Global,0.001,16,0.25881417228077164,-0.014732098667334758
b,CV-QRC,Global,0.001,17,0.22015734856888844,-0.029769976797892395
b,CV-QRC,Global,0.001,18,0.18494241165157663,-0.024304634715052075
b,CV-QRC,Global,0.001,19,0.25301489473272804,-0.022869916097306282
b,CV-QRC,Global,0.0021544346900318821,0,0.24202912416761349,-0.024270663407212626
b,CV-QRC,Global,0.0021544346900318821,1,0.2182890725051603,-0.033489224543333584
b,CV-QRC,Global,0.0021544346900318821,2,0.24510921648902997,-0.01460764565858756
b,CV-QRC,Global,0.0021544346900318821,3,0.26228585447897218,-0.016634687974255352
b,CV-QRC,Global,0.0021544346900318821,4,0.23826893210867001,-0.016800337943474349
b,CV-QRC,Global,0.0021544346900318821,5,0.25270573146747455,-0.015889802892330704
b,CV-QRC,Global,0.0021544346900318821,6,0.23456562661896466,-0.024596914634986419
b,CV-QRC,Global,0.0021544346900318821,7,0.22146910167750761,-0.024407714982221735
b,CV-QRC,Global,0.0021544346900318821,8,0.23617705317223245,-0.021314498111493069
b,CV-QRC,Global,0.0021544346900318821,9,0.2508349284451431,-0.018857376938352991
b,CV-QRC,Global,0.0021544346900318821,10,0.26593242226204733,-0.012349201658400496
b,CV-QRC,Global,0.0021544346900318821,11,0.19103885680337931,-0.016911859894681549
b,CV-QRC,Global,0.0021544346900318821,12,0.21361214959262551,-0.028915400983808782
b,CV-QRC,Global,0.0021544346900318821,13,0.20332774074231108,-0.027393503880847787
b,CV-QRC,Global,0.0021544346900318821,14,0.22369120652936095,-0.024341861006347065
b,CV-QRC,Global,0.0021544346900318821,15,0.24142812956097268,-0.024113981800453294
b,CV-QRC,Global,0.0021544346900318821,16,0.25928595602424948,-0.014732476641197268
b,CV-QRC,Global,0.0021544346900318821,17,0.22045904778944736,-0.029771663634990845
b,CV-QRC,Global,0.0021544346900318821,18,0.18495879745629099,-0.0243254533490318
b,CV-QRC,Global,0.0021544346900318821,19,0.25360254801489573,-0.02287336101385536
b,CV-QRC,Global,0.0046415888336127772,0,0.24336714812981713,-0.02427325759945621
b,CV-QRC,Global,0.0046415888336127772,1,0.21903132097710454,-0.025497606394690207
b,CV-QRC,Global,0.0046415888336127772,2,0.2459461203215566,-0.014606938605179689
b,CV-QRC,Global,0.0046415888336127772,3,0.26386864774673979,-0.016635730185386794
b,CV-QRC,Global,0.0046415888336127772,4,0.23931172906532092,-0.016804641937232152
b,CV-QRC,Global,0.0046415888336127772,5,0.25452805804061884,-0.015892438370686168
b,CV-QRC,Global,0.0046415888336127772,6,0.23518213403676796,-0.024588661971103393
b,CV-QRC,Global,0.0046415888336127772,7,0.2225800644086818,-0.024351779262968581
b,CV-QRC,Global,0.0046415888336127772,8,0.23661433403279156,-0.021320719664143947
b,CV-QRC,Global,0.0046415888336127772,9,0.25119154960481516,-0.018855346379196416
b,CV-QRC,Global,0.0046415888336127772,10,0.26670095246451653,-0.012395217584877763
b,CV-QRC,Global,0.0046415888336127772,11,0.19152588356267225,-0.01691262880904576
b,CV-QRC,Global,0.0046415888336127772,12,0.21470304821188188,-0.028717073089641481
b,CV-QRC,Global,0.0046415888336127772,13,0.20361975074176375,-0.026447361226229427
b,CV-QRC,Global,0.0046415888336127772,14,0.22389728852534926,-0.024401027386212432
b,CV-QRC,Global,0.0046415888336127772,15,0.24226140216776579,-0.024108448267806715
b,CV-QRC,Global,0.0046415888336127772,16,0.26036209629636142,-0.014732859108751106
b,CV-QRC,Global,0.0046415888336127772,17,0.22119101951302361,-0.029777234824668819
b,CV-QRC,Global,0.0046415888336127772,18,0.18506856066886107,-0.024374319005371639
b,CV-QRC,Global,0.0046415888336127772,19,0.25491561971492183,-0.022881294844900785
b,CV-QRC,Global,0.01,0,0.24689468333683628,-0.024279018272190672
b,CV-QRC,Global,0.01,1,0.22089394771532345,-0.025990374295096513
b,CV-QRC,Global,0.01,2,0.24798342798401715,-0.014605447137015263
b,CV-QRC,Global,0.01,3,0.26740321004566131,-0.016637967579226181
b,CV-QRC,Global,0.01,4,0.24236475002670499,-0.016815468086655794
b,CV-QRC,Global,0.01,5,0.25868637853984672,-0.015897386193906581
b,CV-QRC,Global,0.01,6,0.23676377804117124,-0.024570780517639518
b,CV-QRC,Global,0.01,7,0.22531223569396494,-0.024239208421738111
b,CV-QRC,Global,0.01,8,0.23789854685977607,-0.021336440758583305
b,CV-QRC,Global,0.01,9,0.25213004892789181,-0.018850485270271885
b,CV-QRC,Global,0.01,10,0.26864632279239298,-0.01250686580705474
b,CV-QRC,Global,0.01,11,0.19307151611231521,-0.016914325003091646
b,CV-QRC,Global,0.01,12,0.21730176468592582,-0.028387818258115219
b,CV-QRC,Global,0.01,13,0.20467630838149192,-0.025190512798086605
b,CV-QRC,Global,0.01,14,0.22476558704319635,-0.024554412262188643
b,CV-QRC,Global,0.01,15,0.24423919054945584,-0.024096572112275561
b,CV-QRC,Global,0.01,16,0.26296288847477028,-0.014734048920426712
b,CV-QRC,Global,0.01,17,0.22314122897312644,-0.029789713760985919
b,CV-QRC,Global,0.01,18,0.18566358490684351,-0.024482492208842105
b,CV-QRC,Global,0.01,19,0.25793084138289568,-0.02289803688215224
b,CV-QRC,Global,0.021544346900318822,0,0.25671988988768324,-0.024291892412225968
b,CV-QRC,Global,0.021544346900318822,1,0.2259434685886508,-0.023730867997866344
b,CV-QRC,Global,0.021544346900318822,2,0.25323305256265138,-0.014602873822810482
b,CV-QRC,Global,0.021544346900318822,3,0.27542353263208169,-0.016642805854152776
b,CV-QRC,Global,0.021544346900318822,4,0.25216159911707625,-0.016839634951135173
b,CV-QRC,Global,0.021544346900318822,5,0.26839370032500365,-0.015906405139101621
b,CV-QRC,Global,0.021544346900318822,6,0.24116052789618206,-0.024532746822357704
b,CV-QRC,Global,0.021544346900318822,7,0.23258784949629771,-0.024022831566615988
b,CV-QRC,Global,0.021544346900318822,8,0.24209844726140592,-0.021376709085424165
b,CV-QRC,Global,0.021544346900318822,9,0.25490712851871072,-0.018840303980532994
b,CV-QRC,Global,0.021544346900318822,10,0.27383825825934072,-0.012782169505714711
b,CV-QRC,Global,0.021544346900318822,11,0.19817853287556431,-0.016918622232789522
b,CV-QRC,Global,0.021544346900318822,12,0.22388486887103756,-0.027925500837822876
b,CV-QRC,Global,0.021544346900318822,13,0.20854547596755915,-0.02340819592319834
b,CV-QRC,Global,0.021544346900318822,14,0.2294356620211811,-0.02501584736555559
b,CV-QRC,Global,0.021544346900318822,15,0.24924381950091321,-0.024071100550337812
b,CV-QRC,Global,0.021544346900318822,16,0.26953609545141871,-0.01473664048624701
b,CV-QRC,Global,0.021544346900318822,17,0.22874205108796791,-0.029829456829090009
b,CV-QRC,Global,0.021544346900318822,18,0.18828179304397183,-0.024729829973328732
b,CV-QRC,Global,0.021544346900318822,19,0.26517877989420047,-0.022934095351335348
b,CV-QRC,Global,0.046415888336127774,0,0.28102206718345518,-0.024321760321304595
b,CV-QRC,Global,0.046415888336127774,1,0.23987040113290004,-0.023695237867614193
b,CV-QRC,Global,0.046415888336127774,2,0.26718592028178123,-0.014600136284413699
b,CV-QRC,Global,0.046415888336127774,3,0.29365901655510729,-0.016653119734377123
b,CV-QRC,Global,0.046415888336127774,4,0.27866645708018367,-0.016897210805943804
b,CV-QRC,Global,0.046415888336127774,5,0.29090077809447495,-0.015918997314776903
b,CV-QRC,Global,0.046415888336127774,6,0.25419146298460848,-0.024453451587894779
b,CV-QRC,Global,0.046415888336127774,7,0.25140903348938898,-0.023663503936991282
b,CV-QRC,Global,0.046415888336127774,8,0.25575015916618521,-0.021481666309417297
b,CV-QRC,Global,0.046415888336127774,9,0.26355268047259761,-0.018817781756892426
b,CV-QRC,Global,0.046415888336127774,10,0.28831765761586264,-0.013402466836079013
b,CV-QRC,Global,0.046415888336127774,11,0.21426330749951117,-0.016929933849708454
b,CV-QRC,Global,0.046415888336127774,12,0.24146181336230726,-0.027472871298850135
b,CV-QRC,Global,0.046415888336127774,13,0.22282944087626386,-0.022243959218739423
b,CV-QRC,Global,0.046415888336127774,14,0.24845589829730444,-0.026635322480606145
b,CV-QRC,Global,0.046415888336127774,15,0.26210929384593501,-0.024016482349642876
b,CV-QRC,Global,0.046415888336127774,16,0.28662238433854098,-0.01474270020396732
b,CV-QRC,Global,0.046415888336127774,17,0.24500955879489197,-0.029970032367907146
b,CV-QRC,Global,0.046415888336127774,18,0.19920466365794959,-0.02525826736955783
b,CV-QRC,Global,0.046415888336127774,19,0.28256292180717901,-0.023011392286645966
b,CV-QRC,Global,0.10000000000000001,0,0.33575736667372558,-0.024393394291766554
b,CV-QRC,Global,0.10000000000000001,1,0.27569224778026669,-0.023617801341666463
b,CV-QRC,Global,0.10000000000000001,2,0.30167741965976996,-0.014606072587357974
b,CV-QRC,Global,0.10000000000000001,3,0.33544999109572743,-0.016674746707295452
b,CV-QRC,Global,0.10000000000000001,4,0.33898767310674544,-0.017037526102422668
b,CV-QRC,Global,0.10000000000000001,5,0.34177313924160474,-0.015919454288393298
b,CV-QRC,Global,0.10000000000000001,6,0.29120517774804638,-0.024300025682109493
b,CV-QRC,Global,0.10000000000000001,7,0.297231233877644,-0.023215261758780484
b,CV-QRC,Global,0.10000000000000001,8,0.29887096698422877,-0.021718076703120651
b,CV-QRC,Global,0.10000000000000001,9,0.28930281696070886,-0.018769236441754194
b,CV-QRC,Global,0.10000000000000001,10,0.3281926110255482,-0.014470741026886344
b,CV-QRC,Global,0.10000000000000001,11,0.26168219354255418,-0.016957818039517018
b,CV-QRC,Global,0.10000000000000001,12,0.28682796224977841,-0.027265190995345936
b,CV-QRC,Global,0.10000000000000001,13,0.27040836261049594,-0.022403267485076702
b,CV-QRC,Global,0.10000000000000001,14,0.30108688207809375,-0.0319065606559314
b,CV-QRC,Global,0.10000000000000001,15,0.2958839196424603,-0.023900293844179427
b,CV-QRC,Global,0.10000000000000001,16,0.32664636578616157,-0.014757311546375038
b,CV-QRC,Global,0.10000000000000001,17,0.29085917116905552,-0.03044195644279481
b,CV-QRC,Global,0.10000000000000001,18,0.24385552094478968,-0.026094019940446262
b,CV-QRC,Global,0.10000000000000001,19,0.32253001620456745,-0.023175535235923927
b,CV-QRC,Global,0.21544346900318823,0,0.45850468897690355,-0.024561636473527038
b,CV-QRC,Global,0.21544346900318823,1,0.36055674154690331,-0.023378772470417027
b,CV-QRC,Global,0.21544346900318823,2,0.38006017002263009,-0.014661232288717255
b,CV-QRC,Global,0.21544346900318823,3,0.43152062210169634,-0.016718081707335936
b,CV-QRC,Global,0.21544346900318823,4,0.47411133269223055,-0.017401558046419813
b,CV-QRC,Global,0.21544346900318823,5,0.45489057167750541,-0.015838871933155443
b,CV-QRC,Global,0.21544346900318823,6,0.3868982683195113,-0.024082258987891524
b,CV-QRC,Global,0.21544346900318823,7,0.40369392695867251,-0.022963026938111596
b,CV-QRC,Global,0.21544346900318823,8,0.41811111895791386,-0.022071358850121264
b,CV-QRC,Global,0.21544346900318823,9,0.36360309063330276,-0.018675325905971485
b,CV-QRC,Global,0.21544346900318823,10,0.43012289794159764,-0.015741511182404685
b,CV-QRC,Global,0.21544346900318823,11,0.37866098399080633,-0.017010179707133397
b,CV-QRC,Global,0.21544346900318823,12,0.39674925755799978,-0.02748042212587774
b,CV-QRC,Global,0.21544346900318823,13,0.40775605910888285,-0.024509253636187864
b,CV-QRC,Global,0.21544346900318823,14,0.42152492080447285,-0.038170930691807888
b,CV-QRC,Global,0.21544346900318823,15,0.38865169061196497,-0.023658403281082107
b,CV-QRC,Global,0.21544346900318823,16,0.42107095377184633,-0.014792388532660716
b,CV-QRC,Global,0.21544346900318823,17,0.40146063504281043,-0.031644963114356099
b,CV-QRC,Global,0.21544346900318823,18,0.35907024080635147,-0.026795078432415822
b,CV-QRC,Global,0.21544346900318823,19,0.41581898218018859,-0.023513947325353109
b,CV-QRC,Global,0.46415888336127725,0,0.72441425181001207,-0.024882493584781954
b,CV-QRC,Global,0.46415888336127725,1,0.55253797692907802,-0.023000955199722117
b,CV-QRC,Global,0.46415888336127725,2,0.5517382549456078,-0.014864665124968812
b,CV-QRC,Global,0.46415888336127725,3,0.64538842596755241,-0.016793487632068869
b,CV-QRC,Global,0.46415888336127725,4,0.76496390625426181,-0.018463639764181691
b,CV-QRC,Global,0.46415888336127725,5,0.69818787386204229,-0.015562571641387782
b,CV-QRC,Global,0.46415888336127725,6,0.61816993858135738,-0.024071102956001376
b,CV-QRC,Global,0.46415888336127725,7,0.64024942920229844,-0.024286427910885044
b,CV-QRC,Global,0.46415888336127725,8,0.68722014308750079,-0.022279619272376799
b,CV-QRC,Global,0.46415888336127725,9,0.56943151807226466,-0.01852225081848205
b,CV-QRC,Global,0.46415888336127725,10,0.65841102815063612,-0.016796783766017384
b,CV-QRC,Global,0.46415888336127725,11,0.64405030380568573,-0.017069043662669103
b,CV-QRC,Global,0.46415888336127725,12,0.65012861801257393,-0.02822681682584054
b,CV-QRC,Global,0.46415888336127725,13,0.70601985972101466,-0.027312949912654056
b,CV-QRC,Global,0.46415888336127725,14,0.68028103575029153,-0.038622531373793956
b,CV-QRC,Global,0.46415888336127725,15,0.62122015561849908,-0.023186190378494353
b,CV-QRC,Global,0.46415888336127725,16,0.64139646263120398,-0.014865353641246458
b,CV-QRC,Global,0.46415888336127725,17,0.64025457384414164,-0.033434814738931756
b,CV-QRC,Global,0.46415888336127725,18,0.61789628148117137,-0.027042634156968819
b,CV-QRC,Global,0.46415888336127725,19,0.6289758289470625,-0.024151244686764061
b,CV-QRC,Global,1,0,1.2311299342011708,-0.025217145002985473
b,CV-QRC,Global,1,1,0.94933645768668495,-0.023111319928916792
b,CV-QRC,Global,1,2,0.90166366226445671,-0.015195540061774817
b,CV-QRC,Global,1,3,1.0748305287957911,-0.016874736923811268
b,CV-QRC,Global,1,4,1.3187964409243289,-0.021083778044694929
b,CV-QRC,Global,1,5,1.1695773685324307,-0.015203330459615519
b,CV-QRC,Global,1,6,1.0835741440930551,-0.024349548885515243
b,CV-QRC,Global,1,7,1.1075778511201226,-0.024872894889176628
b,CV-QRC,Global,1,8,1.2095159539983287,-0.022199335342834484
b,CV-QRC,Global,1,9,0.99663244758792102,-0.018240297160594651
b,CV-QRC,Global,1,10,1.111638419313151,-0.017069288247668946
b,CV-QRC,Global,1,11,1.1605408453864838,-0.017076271362932927
b,CV-QRC,Global,1,12,1.1611306567036266,-0.029453685123752765
b,CV-QRC,Global,1,13,1.2415373213561103,-0.027519595999766101
b,CV-QRC,Global,1,14,1.1710333889733753,-0.036988990582746864
b,CV-QRC,Global,1,15,1.0848439685998161,-0.022416574194603359
b,CV-QRC,Global,1,16,1.0897066318417807,-0.014962667346558697
b,CV-QRC,Global,1,17,1.1016939741296743,-0.035449886125771442
b,CV-QRC,Global,1,18,1.1275517597064884,-0.026913317719485297
b,CV-QRC,Global,1,19,1.0682961720757498,-0.025070357070758737
b,CV-QRC,Global,2.154434690031882,0,1.9491549242762407,-0.025452656387922306
b,CV-QRC,Global,2.154434690031882,1,1.6049782980588461,-0.028284339705381578
b,CV-QRC,Global,2.154434690031882,2,1.4995454315980881,-0.01514269619789744
b,CV-QRC,Global,2.154434690031882,3,1.7487151073023197,-0.016822223892462709
b,CV-QRC,Global,2.154434690031882,4,2.0559905381928476,-0.021968292430331965
b,CV-QRC,Global,2.154434690031882,5,1.8684327356644925,-0.015050373105382491
b,CV-QRC,Global,2.154434690031882,6,1.7774716390316625,-0.024045160550797345
b,CV-QRC,Global,2.154434690031882,7,1.8120073147220506,-0.023991290727837566
b,CV-QRC,Global,2.154434690031882,8,1.9405976778452005,-0.022358393614634441
b,CV-QRC,Global,2.154434690031882,9,1.6737017352243815,-0.017539240688676697
b,CV-QRC,Global,2.154434690031882,10,1.8074126173256875,-0.015855844635562708
b,CV-QRC,Global,2.154434690031882,11,1.8902671730082978,-0.016812372195325113
b,CV-QRC,Global,2.154434690031882,12,1.8914066815201349,-0.030423579653642219
b,CV-QRC,Global,2.154434690031882,13,1.9676863847635213,-0.020750890995703094
b,CV-QRC,Global,2.154434690031882,14,1.8793975500953033,-0.027203848395946823
b,CV-QRC,Global,2.154434690031882,15,1.7911523234486644,-0.021604501616244498
b,CV-QRC,Global,2.154434690031882,16,1.7788284021878087,-0.014983249899609294
b,CV-QRC,Global,2.154434690031882,17,1.7981753357554375,-0.044554427803625368
b,CV-QRC,Global,2.154434690031882,18,1.8625791720226352,-0.026578490004776762
b,CV-QRC,Global,2.154434690031882,19,1.7601875961371718,-0.025600272854620756
b,CV-QRC,Global,4.6415888336127722,0,2.5527889756107824,-0.026429558900675582
b,CV-QRC,Global,4.6415888336127722,1,2.3124313168219661,-0.02169718914181433
b,CV-QRC,Global,4.6415888336127722,2,2.2091578959198159,-0.014443287613723271
b,CV-QRC,Global,4.6415888336127722,3,2.4179453420976174,-0.016429518158232681
b,CV-QRC,Global,4.6415888336127722,4,2.6167104989152326,-0.020334285663129146
b,CV-QRC,Global,4.6415888336127722,5,2.4991205869610642,-0.015540584390518539
b,CV-QRC,Global,4.6415888336127722,6,2.438421250245026,-0.023747879626152987
b,CV-QRC,Global,4.6415888336127722,7,2.4665349523485189,-0.024903092447755459
b,CV-QRC,Global,4.6415888336127722,8,2.5496537632587701,-0.022624470900954582
b,CV-QRC,Global,4.6415888336127722,9,2.3668003514270133,-0.017053182652945063
b,CV-QRC,Global,4.6415888336127722,10,2.4633903702000151,-0.013956908817085488
b,CV-QRC,Global,4.6415888336127722,11,2.5193138644563393,-0.01631660722083822
b,CV-QRC,Global,4.6415888336127722,12,2.5202010896176725,-0.029555926187697788
b,CV-QRC,Global,4.6415888336127722,13,2.5657179394836209,-0.022727788368165702
b,CV-QRC,Global,4.6415888336127722,14,2.5082664925238194,-0.027028044076888618
b,CV-QRC,Global,4.6415888336127722,15,2.4532333827961517,-0.021430710437956604
b,CV-QRC,Global,4.6415888336127722,16,2.4413213895458599,-0.014909665563983312
b,CV-QRC,Global,4.6415888336127722,17,2.4558885815580966,-0.031558800874900622
b,CV-QRC,Global,4.6415888336127722,18,2.504131525494123,-0.031117621818111101
b,CV-QRC,Global,4.6415888336127722,19,2.4295466091337268,-0.025271361899823708
b,CV-QRC,Global,10,0,2.8448012970069079,-0.02713840965288089
b,CV-QRC,Global,10,1,2.7445122982564221,-0.023297540414649227
b,CV-QRC,Global,10,2,2.6936188500122817,-0.013735482178279509
b,CV-QRC,Global,10,3,2.7905106577477383,-0.016253975847689551
b,CV-QRC,Global,10,4,2.869218634437205,-0.022117502382538054
b,CV-QRC,Global,10,5,2.8233257787496839,-0.016462160414693949
b,CV-QRC,Global,10,6,2.7983960905396259,-0.023631627243892506
b,CV-QRC,Global,10,7,2.8110418236581403,-0.025843892858207335
b,CV-QRC,Global,10,8,2.8438928695464138,-0.022412249117881537
b,CV-QRC,Global,10,9,2.7687725706852344,-0.014591587721243511
b,CV-QRC,Global,10,10,2.8096366290340233,-0.014308677676172577
b,CV-QRC,Global,10,11,2.8321707326458356,-0.015939236456732644
b,CV-QRC,Global,10,12,2.8325541686942799,-0.029867762856926865
b,CV-QRC,Global,10,13,2.8500465874682832,-0.02921218625100927
b,CV-QRC,Global,10,14,2.8273286813267156,-0.023358483448194578
b,CV-QRC,Global,10,15,2.8055106604839337,-0.021725744949971482
b,CV-QRC,Global,10,16,2.8002996460279332,-0.014844752629374245
b,CV-QRC,Global,10,17,2.8064185555904637,-0.037699961760745353
b,CV-QRC,Global,10,18,2.826539394070771,-0.027618666691987103
b,CV-QRC,Global,10,19,2.7954685588496324,-0.02562359622227257
