model,encoding,gamma,encoding_strength,coupling_strength,NRMSE
DV-QRC,Local,10,0.0001,1.0000000000000001e-05,0.20000437187328041
DV-QRC,Local,10,0.0001,2.1544346900318823e-05,0.2049783774105948
DV-QRC,Local,10,0.0001,4.6415888336127818e-05,0.20019986632558201
DV-QRC,Local,10,0.0001,0.0001,0.20163980747248861
DV-QRC,Local,10,0.0001,0.00021544346900318823,0.20227758452405725
DV-QRC,Local,10,0.0001,0.00046415888336127773,0.19783152816611832
DV-QRC,Local,10,0.0001,0.001,0.20618451286807632
DV-QRC,Local,10,0.0001,0.0021544346900318821,0.21144575019917772
DV-QRC,Local,10,0.0001,0.0046415888336127772,0.23098336142555914
DV-QRC,Local,10,0.0001,0.01,0.20429135382725763
DV-QRC,Local,10,0.0001,0.021544346900318822,0.20498466305666008
DV-QRC,Local,10,0.0001,0.046415888336127774,0.21865531673105951
DV-QRC,Local,10,0.0001,0.10000000000000001,0.20002269927249033
DV-QRC,Local,10,0.0001,0.21544346900318823,0.21287009041497845
DV-QRC,Local,10,0.0001,0.46415888336127725,0.19806307010839061
DV-QRC,Local,10,0.0001,1,0.18665089142146141
DV-QRC,Local,10,0.0001,2.154434690031882,0.19089634846585221
DV-QRC,Local,10,0.0001,4.6415888336127722,0.18231626154717009
DV-QRC,Local,10,0.0001,10,0.20745928382635995
DV-QRC,Local,10,0.00021544346900318845,1.0000000000000001e-05,0.19640996584033596
DV-QRC,Local,10,0.00021544346900318845,2.1544346900318823e-05,0.19752329170971511
DV-QRC,Local,10,0.00021544346900318845,4.6415888336127818e-05,0.19760386199155475
DV-QRC,Local,10,0.00021544346900318845,0.0001,0.2002177632735993
DV-QRC,Local,10,0.00021544346900318845,0.00021544346900318823,0.20944879315861326
DV-QRC,Local,10,0.00021544346900318845,0.00046415888336127773,0.20170328747434024
DV-QRC,Local,10,0.00021544346900318845,0.001,0.19591212581953393
DV-QRC,Local,10,0.00021544346900318845,0.0021544346900318821,0.19543888019680286
DV-QRC,Local,10,0.00021544346900318845,0.0046415888336127772,0.1951076010445208
DV-QRC,Local,10,0.00021544346900318845,0.01,0.19444889523692752
DV-QRC,Local,10,0.00021544346900318845,0.021544346900318822,0.2007661791399622
DV-QRC,Local,10,0.00021544346900318845,0.046415888336127774,0.20633755451902144
DV-QRC,Local,10,0.00021544346900318845,0.10000000000000001,0.19638731463964648
DV-QRC,Local,10,0.00021544346900318845,0.21544346900318823,0.20706297609310392
DV-QRC,Local,10,0.00021544346900318845,0.46415888336127725,0.19314791657874583
DV-QRC,Local,10,0.00021544346900318845,1,0.20396779979859209
DV-QRC,Local,10,0.00021544346900318845,2.154434690031882,0.18862197208275128
DV-QRC,Local,10,0.00021544346900318845,4.6415888336127722,0.19738833457551325
DV-QRC,Local,10,0.00021544346900318845,10,0.18403815733129222
DV-QRC,Local,10,0.00046415888336127773,1.0000000000000001e-05,0.19198163375666366
DV-QRC,Local,10,0.00046415888336127773,2.1544346900318823e-05,0.19149937867395703
DV-QRC,Local,10,0.00046415888336127773,4.6415888336127818e-05,0.19155483390245528
DV-QRC,Local,10,0.00046415888336127773,0.0001,0.19113597390125228
DV-QRC,Local,10,0.00046415888336127773,0.00021544346900318823,0.19090633840587293
DV-QRC,Local,10,0.00046415888336127773,0.00046415888336127773,0.18764782527729845
DV-QRC,Local,10,0.00046415888336127773,0.001,0.18982875462922105
DV-QRC,Local,10,0.00046415888336127773,0.0021544346900318821,0.1895369545209051
DV-QRC,Local,10,0.00046415888336127773,0.0046415888336127772,0.19215316268128288
DV-QRC,Local,10,0.00046415888336127773,0.01,0.2039311278147736
DV-QRC,Local,10,0.00046415888336127773,0.021544346900318822,0.18787700365820117
DV-QRC,Local,10,0.00046415888336127773,0.046415888336127774,0.18881077544211816
DV-QRC,Local,10,0.00046415888336127773,0.10000000000000001,0.18113613378938256
DV-QRC,Local,10,0.00046415888336127773,0.21544346900318823,0.18587995705669497
DV-QRC,Local,10,0.00046415888336127773,0.46415888336127725,0.18747016497719879
DV-QRC,Local,10,0.00046415888336127773,1,0.17006720387943802
DV-QRC,Local,10,0.00046415888336127773,2.154434690031882,0.16411469672862941
DV-QRC,Local,10,0.00046415888336127773,4.6415888336127722,0.15901573056519758
DV-QRC,Local,10,0.00046415888336127773,10,0.18441384517154902
DV-QRC,Local,10,0.001,1.0000000000000001e-05,0.18727494451858245
DV-QRC,Local,10,0.001,2.1544346900318823e-05,0.18657342619931944
DV-QRC,Local,10,0.001,4.6415888336127818e-05,0.1866965526712786
DV-QRC,Local,10,0.001,0.0001,0.18529044015439813
DV-QRC,Local,10,0.001,0.00021544346900318823,0.18309359872151573
DV-QRC,Local,10,0.001,0.00046415888336127773,0.18092593737680021
DV-QRC,Local,10,0.001,0.001,0.18276564240727525
DV-QRC,Local,10,0.001,0.0021544346900318821,0.1801070085108894
DV-QRC,Local,10,0.001,0.0046415888336127772,0.17749762373587391
DV-QRC,Local,10,0.001,0.01,0.18094197514486077
DV-QRC,Local,10,0.001,0.021544346900318822,0.1848008097085049
DV-QRC,Local,10,0.001,0.046415888336127774,0.17823366530187695
DV-QRC,Local,10,0.001,0.10000000000000001,0.17369333264552661
DV-QRC,Local,10,0.001,0.21544346900318823,0.16623837682357595
DV-QRC,Local,10,0.001,0.46415888336127725,0.16312535065852021
DV-QRC,Local,10,0.001,1,0.14648913869877805
DV-QRC,Local,10,0.001,2.154434690031882,0.14422034185534152
DV-QRC,Local,10,0.001,4.6415888336127722,0.16062400110939212
DV-QRC,Local,10,0.001,10,0.15650778019680392
DV-QRC,Local,10,0.0021544346900318821,1.0000000000000001e-05,0.18682727338093988
DV-QRC,Local,10,0.0021544346900318821,2.1544346900318823e-05,0.18565093279718042
DV-QRC,Local,10,0.0021544346900318821,4.6415888336127818e-05,0.1864494969358465
DV-QRC,Local,10,0.0021544346900318821,0.0001,0.18390622760106429
DV-QRC,Local,10,0.0021544346900318821,0.00021544346900318823,0.18272835145276362
DV-QRC,Local,10,0.0021544346900318821,0.00046415888336127773,0.17803344944743926
DV-QRC,Local,10,0.0021544346900318821,0.001,0.17780681824569886
DV-QRC,Local,10,0.0021544346900318821,0.0021544346900318821,0.17708546965676625
DV-QRC,Local,10,0.0021544346900318821,0.0046415888336127772,0.17484694953758056
DV-QRC,Local,10,0.0021544346900318821,0.01,0.17353880343135503
DV-QRC,Local,10,0.0021544346900318821,0.021544346900318822,0.1705231898901079
DV-QRC,Local,10,0.0021544346900318821,0.046415888336127774,0.17319524097082462
DV-QRC,Local,10,0.0021544346900318821,0.10000000000000001,0.15922142544028262
DV-QRC,Local,10,0.0021544346900318821,0.21544346900318823,0.15597237607028314
DV-QRC,Local,10,0.0021544346900318821,0.46415888336127725,0.1431425444631006
DV-QRC,Local,10,0.0021544346900318821,1,0.1344521000180304
DV-QRC,Local,10,0.0021544346900318821,2.154434690031882,0.13079955249795433
DV-QRC,Local,10,0.0021544346900318821,4.6415888336127722,0.13896253734497735
DV-QRC,Local,10,0.0021544346900318821,10,0.14748170334567762
DV-QRC,Local,10,0.0046415888336127772,1.0000000000000001e-05,0.18369566061491677
DV-QRC,Local,10,0.0046415888336127772,2.1544346900318823e-05,0.18329970191295381
DV-QRC,Local,10,0.0046415888336127772,4.6415888336127818e-05,0.18319647986177465
DV-QRC,Local,10,0.0046415888336127772,0.0001,0.18220500807752379
DV-QRC,Local,10,0.0046415888336127772,0.00021544346900318823,0.17873652854363492
DV-QRC,Local,10,0.0046415888336127772,0.00046415888336127773,0.17515745420750681
DV-QRC,Local,10,0.0046415888336127772,0.001,0.17343829957133539
DV-QRC,Local,10,0.0046415888336127772,0.0021544346900318821,0.1706562774536661
DV-QRC,Local,10,0.0046415888336127772,0.0046415888336127772,0.16899102602347876
DV-QRC,Local,10,0.0046415888336127772,0.01,0.1637061221617408
DV-QRC,Local,10,0.0046415888336127772,0.021544346900318822,0.1593298500522829
DV-QRC,Local,10,0.0046415888336127772,0.046415888336127774,0.15354073831327858
DV-QRC,Local,10,0.0046415888336127772,0.10000000000000001,0.14637594571241341
DV-QRC,Local,10,0.0046415888336127772,0.21544346900318823,0.13689012899413902
DV-QRC,Local,10,0.0046415888336127772,0.46415888336127725,0.12988781971353999
DV-QRC,Local,10,0.0046415888336127772,1,0.12500081322831641
DV-QRC,Local,10,0.0046415888336127772,2.154434690031882,0.12389084915975761
DV-QRC,Local,10,0.0046415888336127772,4.6415888336127722,0.12615930851730767
DV-QRC,Local,10,0.0046415888336127772,10,0.14098658676997941
DV-QRC,Local,10,0.01,1.0000000000000001e-05,0.17867064320490728
DV-QRC,Local,10,0.01,2.1544346900318823e-05,0.17776877974280175
DV-QRC,Local,10,0.01,4.6415888336127818e-05,0.17747923046119946
DV-QRC,Local,10,0.01,0.0001,0.17690418469582583
DV-QRC,Local,10,0.01,0.00021544346900318823,0.17596095360514613
DV-QRC,Local,10,0.01,0.00046415888336127773,0.17315494980577556
DV-QRC,Local,10,0.01,0.001,0.17054735182317704
DV-QRC,Local,10,0.01,0.0021544346900318821,0.16660430168169221
DV-QRC,Local,10,0.01,0.0046415888336127772,0.16080634757178641
DV-QRC,Local,10,0.01,0.01,0.15545513226352664
DV-QRC,Local,10,0.01,0.021544346900318822,0.14860523839088619
DV-QRC,Local,10,0.01,0.046415888336127774,0.14096810567274629
DV-QRC,Local,10,0.01,0.10000000000000001,0.13203876630992778
DV-QRC,Local,10,0.01,0.21544346900318823,0.12601151652611114
DV-QRC,Local,10,0.01,0.46415888336127725,0.12160043586387506
DV-QRC,Local,10,0.01,1,0.11989812724793118
DV-QRC,Local,10,0.01,2.154434690031882,0.11895156745656835
DV-QRC,Local,10,0.01,4.6415888336127722,0.11682726475558305
DV-QRC,Local,10,0.01,10,0.13335592818820224
DV-QRC,Local,10,0.021544346900318822,1.0000000000000001e-05,0.17543641914485109
DV-QRC,Local,10,0.021544346900318822,2.1544346900318823e-05,0.17506148892682397
DV-QRC,Local,10,0.021544346900318822,4.6415888336127818e-05,0.1748308595873716
DV-QRC,Local,10,0.021544346900318822,0.0001,0.17460797191648658
DV-QRC,Local,10,0.021544346900318822,0.00021544346900318823,0.174166736378536
DV-QRC,Local,10,0.021544346900318822,0.00046415888336127773,0.17342867527499392
DV-QRC,Local,10,0.021544346900318822,0.001,0.16550235276879288
DV-QRC,Local,10,0.021544346900318822,0.0021544346900318821,0.15955453753299717
DV-QRC,Local,10,0.021544346900318822,0.0046415888336127772,0.15347646819524741
DV-QRC,Local,10,0.021544346900318822,0.01,0.14456886446498696
DV-QRC,Local,10,0.021544346900318822,0.021544346900318822,0.13670071032234427
DV-QRC,Local,10,0.021544346900318822,0.046415888336127774,0.1280516713053895
DV-QRC,Local,10,0.021544346900318822,0.10000000000000001,0.12207911694056257
DV-QRC,Local,10,0.021544346900318822,0.21544346900318823,0.1180932770702899
DV-QRC,Local,10,0.021544346900318822,0.46415888336127725,0.11673466699652672
DV-QRC,Local,10,0.021544346900318822,1,0.11579320664647134
DV-QRC,Local,10,0.021544346900318822,2.154434690031882,0.11317608305597693
DV-QRC,Local,10,0.021544346900318822,4.6415888336127722,0.1125503602223052
DV-QRC,Local,10,0.021544346900318822,10,0.12083494816265838
DV-QRC,Local,10,0.046415888336127774,1.0000000000000001e-05,0.16812499566793174
DV-QRC,Local,10,0.046415888336127774,2.1544346900318823e-05,0.16731346378321349
DV-QRC,Local,10,0.046415888336127774,4.6415888336127818e-05,0.16708242481213442
DV-QRC,Local,10,0.046415888336127774,0.0001,0.1668273646431368
DV-QRC,Local,10,0.046415888336127774,0.00021544346900318823,0.16691257615612823
DV-QRC,Local,10,0.046415888336127774,0.00046415888336127773,0.16589024998859098
DV-QRC,Local,10,0.046415888336127774,0.001,0.15577944756710468
DV-QRC,Local,10,0.046415888336127774,0.0021544346900318821,0.14620668650667046
DV-QRC,Local,10,0.046415888336127774,0.0046415888336127772,0.13630957866328433
DV-QRC,Local,10,0.046415888336127774,0.01,0.12761364141198306
DV-QRC,Local,10,0.046415888336127774,0.021544346900318822,0.11984972805351508
DV-QRC,Local,10,0.046415888336127774,0.046415888336127774,0.11391228096437664
DV-QRC,Local,10,0.046415888336127774,0.10000000000000001,0.1110719604721836
DV-QRC,Local,10,0.046415888336127774,0.21544346900318823,0.11004029416236916
DV-QRC,Local,10,0.046415888336127774,0.46415888336127725,0.1089468625227427
DV-QRC,Local,10,0.046415888336127774,1,0.10692128342094402
DV-QRC,Local,10,0.046415888336127774,2.154434690031882,0.10436863465353612
DV-QRC,Local,10,0.046415888336127774,4.6415888336127722,0.10387736033745151
DV-QRC,Local,10,0.046415888336127774,10,0.10805376551224519
DV-QRC,Local,10,0.10000000000000001,1.0000000000000001e-05,0.15916075478436101
DV-QRC,Local,10,0.10000000000000001,2.1544346900318823e-05,0.15757830434947456
DV-QRC,Local,10,0.10000000000000001,4.6415888336127818e-05,0.15716472678441579
DV-QRC,Local,10,0.10000000000000001,0.0001,0.15670757297808324
DV-QRC,Local,10,0.10000000000000001,0.00021544346900318823,0.15692937708548213
DV-QRC,Local,10,0.10000000000000001,0.00046415888336127773,0.14995477847112554
DV-QRC,Local,10,0.10000000000000001,0.001,0.14177723481561091
DV-QRC,Local,10,0.10000000000000001,0.0021544346900318821,0.12815830049301505
DV-QRC,Local,10,0.10000000000000001,0.0046415888336127772,0.11634559843596226
DV-QRC,Local,10,0.10000000000000001,0.01,0.10809477491101885
DV-QRC,Local,10,0.10000000000000001,0.021544346900318822,0.10374847248912762
DV-QRC,Local,10,0.10000000000000001,0.046415888336127774,0.10182216281145817
DV-QRC,Local,10,0.10000000000000001,0.10000000000000001,0.10065069636414029
DV-QRC,Local,10,0.10000000000000001,0.21544346900318823,0.099811521724048988
DV-QRC,Local,10,0.10000000000000001,0.46415888336127725,0.098090794627277614
DV-QRC,Local,10,0.10000000000000001,1,0.094991586365671413
DV-QRC,Local,10,0.10000000000000001,2.154434690031882,0.090933176046992831
DV-QRC,Local,10,0.10000000000000001,4.6415888336127722,0.091467912472994378
DV-QRC,Local,10,0.10000000000000001,10,0.074269689397694127
DV-QRC,Local,10,0.21544346900318823,1.0000000000000001e-05,0.1330102843470771
DV-QRC,Local,10,0.21544346900318823,2.1544346900318823e-05,0.12836349748445833
DV-QRC,Local,10,0.21544346900318823,4.6415888336127818e-05,0.12586209488588634
DV-QRC,Local,10,0.21544346900318823,0.0001,0.12138054186401119
DV-QRC,Local,10,0.21544346900318823,0.00021544346900318823,0.1218764047277541
DV-QRC,Local,10,0.21544346900318823,0.00046415888336127773,0.11660334831993775
DV-QRC,Local,10,0.21544346900318823,0.001,0.1044786491386179
DV-QRC,Local,10,0.21544346900318823,0.0021544346900318821,0.091821353434594438
DV-QRC,Local,10,0.21544346900318823,0.0046415888336127772,0.086944189934447941
DV-QRC,Local,10,0.21544346900318823,0.01,0.085904849245611287
DV-QRC,Local,10,0.21544346900318823,0.021544346900318822,0.086374468345901512
DV-QRC,Local,10,0.21544346900318823,0.046415888336127774,0.087023575312078438
DV-QRC,Local,10,0.21544346900318823,0.10000000000000001,0.087007364416524915
DV-QRC,Local,10,0.21544346900318823,0.21544346900318823,0.085388357479873986
DV-QRC,Local,10,0.21544346900318823,0.46415888336127725,0.083241766791385979
DV-QRC,Local,10,0.21544346900318823,1,0.079299905791202788
DV-QRC,Local,10,0.21544346900318823,2.154434690031882,0.075961755427426947
DV-QRC,Local,10,0.21544346900318823,4.6415888336127722,0.075078391102358061
DV-QRC,Local,10,0.21544346900318823,10,0.056290026736435128
DV-QRC,Local,10,0.46415888336127775,1.0000000000000001e-05,0.094470447097502491
DV-QRC,Local,10,0.46415888336127775,2.1544346900318823e-05,0.092166198896840815
DV-QRC,Local,10,0.46415888336127775,4.6415888336127818e-05,0.084049466161032024
DV-QRC,Local,10,0.46415888336127775,0.0001,0.084053992386814963
DV-QRC,Local,10,0.46415888336127775,0.00021544346900318823,0.079398285270630892
DV-QRC,Local,10,0.46415888336127775,0.00046415888336127773,0.069045255290263036
DV-QRC,Local,10,0.46415888336127775,0.001,0.05917884760521739
DV-QRC,Local,10,0.46415888336127775,0.0021544346900318821,0.055693620039965211
DV-QRC,Local,10,0.46415888336127775,0.0046415888336127772,0.055270572085187056
DV-QRC,Local,10,0.46415888336127775,0.01,0.055792448646028267
DV-QRC,Local,10,0.46415888336127775,0.021544346900318822,0.056318610197873389
DV-QRC,Local,10,0.46415888336127775,0.046415888336127774,0.057053544234742279
DV-QRC,Local,10,0.46415888336127775,0.10000000000000001,0.05624092827404905
DV-QRC,Local,10,0.46415888336127775,0.21544346900318823,0.056585183112244211
DV-QRC,Local,10,0.46415888336127775,0.46415888336127725,0.057683271611406892
DV-QRC,Local,10,0.46415888336127775,1,0.056869075357071287
DV-QRC,Local,10,0.46415888336127775,2.154434690031882,0.057176585415370941
DV-QRC,Local,10,0.46415888336127775,4.6415888336127722,0.058168391217823745
DV-QRC,Local,10,0.46415888336127775,10,0.052707166771536008
DV-QRC,Local,10,1,1.0000000000000001e-05,0.083459744036204417
DV-QRC,Local,10,1,2.1544346900318823e-05,0.081836009969795412
DV-QRC,Local,10,1,4.6415888336127818e-05,0.080631954576090958
DV-QRC,Local,10,1,0.0001,0.080183574932423674
DV-QRC,Local,10,1,0.00021544346900318823,0.064953483125148107
DV-QRC,Local,10,1,0.00046415888336127773,0.053983084874349482
DV-QRC,Local,10,1,0.001,0.049819266247397853
DV-QRC,Local,10,1,0.0021544346900318821,0.047791127133719649
DV-QRC,Local,10,1,0.0046415888336127772,0.046874693026756634
DV-QRC,Local,10,1,0.01,0.046315545091199825
DV-QRC,Local,10,1,0.021544346900318822,0.045785014621501273
DV-QRC,Local,10,1,0.046415888336127774,0.045416184668727093
DV-QRC,Local,10,1,0.10000000000000001,0.045234908936939718
DV-QRC,Local,10,1,0.21544346900318823,0.045769764354014163
DV-QRC,Local,10,1,0.46415888336127725,0.046325443378268397
DV-QRC,Local,10,1,1,0.04526016540113463
DV-QRC,Local,10,1,2.154434690031882,0.044633966588288047
DV-QRC,Local,10,1,4.6415888336127722,0.044743538198081773
DV-QRC,Local,10,1,10,0.04835931004069359
DV-QRC,Clustered,5,0.0001,1.0000000000000001e-05,0.1664007685425159
DV-QRC,Clustered,5,0.0001,2.1544346900318823e-05,0.16466474276293225
DV-QRC,Clustered,5,0.0001,4.6415888336127818e-05,0.16256663963282728
DV-QRC,Clustered,5,0.0001,0.0001,0.16262176413313395
DV-QRC,Clustered,5,0.0001,0.00021544346900318823,0.16574102951356923
DV-QRC,Clustered,5,0.0001,0.00046415888336127773,0.15740823468469531
DV-QRC,Clustered,5,0.0001,0.001,0.16498207622251687
DV-QRC,Clustered,5,0.0001,0.0021544346900318821,0.15479523976101636
DV-QRC,Clustered,5,0.0001,0.0046415888336127772,0.15231542394824468
DV-QRC,Clustered,5,0.0001,0.01,0.15084249493382443
DV-QRC,Clustered,5,0.0001,0.021544346900318822,0.15868100768878698
DV-QRC,Clustered,5,0.0001,0.046415888336127774,0.17570577539424209
DV-QRC,Clustered,5,0.0001,0.10000000000000001,0.16548030030581787
DV-QRC,Clustered,5,0.0001,0.21544346900318823,0.15531032240848819
DV-QRC,Clustered,5,0.0001,0.46415888336127725,0.16575558329151535
DV-QRC,Clustered,5,0.0001,1,0.1699990919113418
DV-QRC,Clustered,5,0.0001,2.154434690031882,0.21608891866689756
DV-QRC,Clustered,5,0.0001,4.6415888336127722,0.25242970494925254
DV-QRC,Clustered,5,0.0001,10,0.26312848771870512
DV-QRC,Clustered,5,0.00021544346900318845,1.0000000000000001e-05,0.17304956921693238
DV-QRC,Clustered,5,0.00021544346900318845,2.1544346900318823e-05,0.17280493244832329
DV-QRC,Clustered,5,0.00021544346900318845,4.6415888336127818e-05,0.16787156155463459
DV-QRC,Clustered,5,0.00021544346900318845,0.0001,0.16558617631258218
DV-QRC,Clustered,5,0.00021544346900318845,0.00021544346900318823,0.16195287389553709
DV-QRC,Clustered,5,0.00021544346900318845,0.00046415888336127773,0.15978123011050266
DV-QRC,Clustered,5,0.00021544346900318845,0.001,0.16537491534235013
DV-QRC,Clustered,5,0.00021544346900318845,0.0021544346900318821,0.15844061502120918
DV-QRC,Clustered,5,0.00021544346900318845,0.0046415888336127772,0.15749089129138677
DV-QRC,Clustered,5,0.00021544346900318845,0.01,0.15591918257312909
DV-QRC,Clustered,5,0.00021544346900318845,0.021544346900318822,0.15533134528763082
DV-QRC,Clustered,5,0.00021544346900318845,0.046415888336127774,0.15495778871811233
DV-QRC,Clustered,5,0.00021544346900318845,0.10000000000000001,0.17428420274810791
DV-QRC,Clustered,5,0.00021544346900318845,0.21544346900318823,0.16841546048372183
DV-QRC,Clustered,5,0.00021544346900318845,0.46415888336127725,0.15654363117647818
DV-QRC,Clustered,5,0.00021544346900318845,1,0.16468674826921831
DV-QRC,Clustered,5,0.00021544346900318845,2.154434690031882,0.18577930261216741
DV-QRC,Clustered,5,0.00021544346900318845,4.6415888336127722,0.2185440803998743
DV-QRC,Clustered,5,0.00021544346900318845,10,0.24122663557881924
DV-QRC,Clustered,5,0.00046415888336127773,1.0000000000000001e-05,0.17023097076907628
DV-QRC,Clustered,5,0.00046415888336127773,2.1544346900318823e-05,0.16967197874714357
DV-QRC,Clustered,5,0.00046415888336127773,4.6415888336127818e-05,0.16784602186515546
DV-QRC,Clustered,5,0.00046415888336127773,0.0001,0.16588119818768499
DV-QRC,Clustered,5,0.00046415888336127773,0.00021544346900318823,0.16412704909142647
DV-QRC,Clustered,5,0.00046415888336127773,0.00046415888336127773,0.16301680583418895
DV-QRC,Clustered,5,0.00046415888336127773,0.001,0.16255993351914855
DV-QRC,Clustered,5,0.00046415888336127773,0.0021544346900318821,0.16151016853637049
DV-QRC,Clustered,5,0.00046415888336127773,0.0046415888336127772,0.16151577074959705
DV-QRC,Clustered,5,0.00046415888336127773,0.01,0.16086260730136609
DV-QRC,Clustered,5,0.00046415888336127773,0.021544346900318822,0.1607837963231897
DV-QRC,Clustered,5,0.00046415888336127773,0.046415888336127774,0.16029708797920889
DV-QRC,Clustered,5,0.00046415888336127773,0.10000000000000001,0.15908090364385061
DV-QRC,Clustered,5,0.00046415888336127773,0.21544346900318823,0.15849127103182337
DV-QRC,Clustered,5,0.00046415888336127773,0.46415888336127725,0.15542871908117425
DV-QRC,Clustered,5,0.00046415888336127773,1,0.16098546488202639
DV-QRC,Clustered,5,0.00046415888336127773,2.154434690031882,0.17563359179825494
DV-QRC,Clustered,5,0.00046415888336127773,4.6415888336127722,0.19326756211173304
DV-QRC,Clustered,5,0.00046415888336127773,10,0.20124389483816957
DV-QRC,Clustered,5,0.001,1.0000000000000001e-05,0.15623550856359567
DV-QRC,Clustered,5,0.001,2.1544346900318823e-05,0.15663274896874163
DV-QRC,Clustered,5,0.001,4.6415888336127818e-05,0.1563380216216167
DV-QRC,Clustered,5,0.001,0.0001,0.15644332469038219
DV-QRC,Clustered,5,0.001,0.00021544346900318823,0.15581580909445666
DV-QRC,Clustered,5,0.001,0.00046415888336127773,0.15558007957200648
DV-QRC,Clustered,5,0.001,0.001,0.15550634995298643
DV-QRC,Clustered,5,0.001,0.0021544346900318821,0.15527549968994284
DV-QRC,Clustered,5,0.001,0.0046415888336127772,0.15421792697962106
DV-QRC,Clustered,5,0.001,0.01,0.15263303777418524
DV-QRC,Clustered,5,0.001,0.021544346900318822,0.15169526927742508
DV-QRC,Clustered,5,0.001,0.046415888336127774,0.14920639749333928
DV-QRC,Clustered,5,0.001,0.10000000000000001,0.14426279150916779
DV-QRC,Clustered,5,0.001,0.21544346900318823,0.14442354700110535
DV-QRC,Clustered,5,0.001,0.46415888336127725,0.1421778681372336
DV-QRC,Clustered,5,0.001,1,0.15024384504848098
DV-QRC,Clustered,5,0.001,2.154434690031882,0.15623315174037644
DV-QRC,Clustered,5,0.001,4.6415888336127722,0.17627907112273641
DV-QRC,Clustered,5,0.001,10,0.18368678764492202
DV-QRC,Clustered,5,0.0021544346900318821,1.0000000000000001e-05,0.13279950197729151
DV-QRC,Clustered,5,0.0021544346900318821,2.1544346900318823e-05,0.13272170561559599
DV-QRC,Clustered,5,0.0021544346900318821,4.6415888336127818e-05,0.13369168408974533
DV-QRC,Clustered,5,0.0021544346900318821,0.0001,0.13475216083708816
DV-QRC,Clustered,5,0.0021544346900318821,0.00021544346900318823,0.13542884122646434
DV-QRC,Clustered,5,0.0021544346900318821,0.00046415888336127773,0.13738309847839592
DV-QRC,Clustered,5,0.0021544346900318821,0.001,0.14054426066186104
DV-QRC,Clustered,5,0.0021544346900318821,0.0021544346900318821,0.14255087012331932
DV-QRC,Clustered,5,0.0021544346900318821,0.0046415888336127772,0.14172836776514022
DV-QRC,Clustered,5,0.0021544346900318821,0.01,0.13877273247556907
DV-QRC,Clustered,5,0.0021544346900318821,0.021544346900318822,0.13646009711100746
DV-QRC,Clustered,5,0.0021544346900318821,0.046415888336127774,0.13092778311135228
DV-QRC,Clustered,5,0.0021544346900318821,0.10000000000000001,0.12617785511694024
DV-QRC,Clustered,5,0.0021544346900318821,0.21544346900318823,0.12313793532993478
DV-QRC,Clustered,5,0.0021544346900318821,0.46415888336127725,0.12269546026271905
DV-QRC,Clustered,5,0.0021544346900318821,1,0.13133129884876502
DV-QRC,Clustered,5,0.0021544346900318821,2.154434690031882,0.13762737974861733
DV-QRC,Clustered,5,0.0021544346900318821,4.6415888336127722,0.15553722002595641
DV-QRC,Clustered,5,0.0021544346900318821,10,0.17525792226855563
DV-QRC,Clustered,5,0.0046415888336127772,1.0000000000000001e-05,0.10901538930766901
DV-QRC,Clustered,5,0.0046415888336127772,2.1544346900318823e-05,0.10909700363037951
DV-QRC,Clustered,5,0.0046415888336127772,4.6415888336127818e-05,0.10967483877018933
DV-QRC,Clustered,5,0.0046415888336127772,0.0001,0.11118788829549064
DV-QRC,Clustered,5,0.0046415888336127772,0.00021544346900318823,0.11213187742001565
DV-QRC,Clustered,5,0.0046415888336127772,0.00046415888336127773,0.11562940197617348
DV-QRC,Clustered,5,0.0046415888336127772,0.001,0.1204263601399872
DV-QRC,Clustered,5,0.0046415888336127772,0.0021544346900318821,0.12566506079154732
DV-QRC,Clustered,5,0.0046415888336127772,0.0046415888336127772,0.12916328601117255
DV-QRC,Clustered,5,0.0046415888336127772,0.01,0.12761902825362306
DV-QRC,Clustered,5,0.0046415888336127772,0.021544346900318822,0.12093827422186269
DV-QRC,Clustered,5,0.0046415888336127772,0.046415888336127774,0.11313762759059912
DV-QRC,Clustered,5,0.0046415888336127772,0.10000000000000001,0.10992733871991973
DV-QRC,Clustered,5,0.0046415888336127772,0.21544346900318823,0.11045393704730437
DV-QRC,Clustered,5,0.0046415888336127772,0.46415888336127725,0.1107392497907141
DV-QRC,Clustered,5,0.0046415888336127772,1,0.11559951505159098
DV-QRC,Clustered,5,0.0046415888336127772,2.154434690031882,0.12047645993900628
DV-QRC,Clustered,5,0.0046415888336127772,4.6415888336127722,0.13497141797903545
DV-QRC,Clustered,5,0.0046415888336127772,10,0.1481534024222679
DV-QRC,Clustered,5,0.01,1.0000000000000001e-05,0.091017854405255727
DV-QRC,Clustered,5,0.01,2.1544346900318823e-05,0.091352314064356094
DV-QRC,Clustered,5,0.01,4.6415888336127818e-05,0.09137586157629321
DV-QRC,Clustered,5,0.01,0.0001,0.091184465956670943
DV-QRC,Clustered,5,0.01,0.00021544346900318823,0.091198183517850306
DV-QRC,Clustered,5,0.01,0.00046415888336127773,0.091560750336094995
DV-QRC,Clustered,5,0.01,0.001,0.091559127783477606
DV-QRC,Clustered,5,0.01,0.0021544346900318821,0.091618297729568185
DV-QRC,Clustered,5,0.01,0.0046415888336127772,0.09077594843870776
DV-QRC,Clustered,5,0.01,0.01,0.091454028931534981
DV-QRC,Clustered,5,0.01,0.021544346900318822,0.095328078121030113
DV-QRC,Clustered,5,0.01,0.046415888336127774,0.094327862689822656
DV-QRC,Clustered,5,0.01,0.10000000000000001,0.094070227820120603
DV-QRC,Clustered,5,0.01,0.21544346900318823,0.097129633001284355
DV-QRC,Clustered,5,0.01,0.46415888336127725,0.096657121896887854
DV-QRC,Clustered,5,0.01,1,0.099538666384494545
DV-QRC,Clustered,5,0.01,2.154434690031882,0.10141375749465198
DV-QRC,Clustered,5,0.01,4.6415888336127722,0.11573073024521847
DV-QRC,Clustered,5,0.01,10,0.12922357441383051
DV-QRC,Clustered,5,0.021544346900318822,1.0000000000000001e-05,0.075802316867608188
DV-QRC,Clustered,5,0.021544346900318822,2.1544346900318823e-05,0.076332944634782907
DV-QRC,Clustered,5,0.021544346900318822,4.6415888336127818e-05,0.076566797971305806
DV-QRC,Clustered,5,0.021544346900318822,0.0001,0.076535995811053553
DV-QRC,Clustered,5,0.021544346900318822,0.00021544346900318823,0.076548568965333699
DV-QRC,Clustered,5,0.021544346900318822,0.00046415888336127773,0.076788027611498971
DV-QRC,Clustered,5,0.021544346900318822,0.001,0.075626537944510533
DV-QRC,Clustered,5,0.021544346900318822,0.0021544346900318821,0.071366564087877643
DV-QRC,Clustered,5,0.021544346900318822,0.0046415888336127772,0.067661130064252381
DV-QRC,Clustered,5,0.021544346900318822,0.01,0.067829793223764701
DV-QRC,Clustered,5,0.021544346900318822,0.021544346900318822,0.074649428896058384
DV-QRC,Clustered,5,0.021544346900318822,0.046415888336127774,0.081069647566469283
DV-QRC,Clustered,5,0.021544346900318822,0.10000000000000001,0.082191088363708503
DV-QRC,Clustered,5,0.021544346900318822,0.21544346900318823,0.087363299061650732
DV-QRC,Clustered,5,0.021544346900318822,0.46415888336127725,0.091652448832501135
DV-QRC,Clustered,5,0.021544346900318822,1,0.092944125017796919
DV-QRC,Clustered,5,0.021544346900318822,2.154434690031882,0.095579346455190936
DV-QRC,Clustered,5,0.021544346900318822,4.6415888336127722,0.097550166121588539
DV-QRC,Clustered,5,0.021544346900318822,10,0.11457756962516123
DV-QRC,Clustered,5,0.046415888336127774,1.0000000000000001e-05,0.068691609504404449
DV-QRC,Clustered,5,0.046415888336127774,2.1544346900318823e-05,0.069475971192923522
DV-QRC,Clustered,5,0.046415888336127774,4.6415888336127818e-05,0.06989190986712937
DV-QRC,Clustered,5,0.046415888336127774,0.0001,0.069972132431981152
DV-QRC,Clustered,5,0.046415888336127774,0.00021544346900318823,0.069982787912362829
DV-QRC,Clustered,5,0.046415888336127774,0.00046415888336127773,0.069483774178986366
DV-QRC,Clustered,5,0.046415888336127774,0.001,0.066774342495238753
DV-QRC,Clustered,5,0.046415888336127774,0.0021544346900318821,0.061108621771145878
DV-QRC,Clustered,5,0.046415888336127774,0.0046415888336127772,0.055136471009377283
DV-QRC,Clustered,5,0.046415888336127774,0.01,0.054524090462610787
DV-QRC,Clustered,5,0.046415888336127774,0.021544346900318822,0.058765592252928503
DV-QRC,Clustered,5,0.046415888336127774,0.046415888336127774,0.063379765876836344
DV-QRC,Clustered,5,0.046415888336127774,0.10000000000000001,0.070652709854898521
DV-QRC,Clustered,5,0.046415888336127774,0.21544346900318823,0.075014105814555115
DV-QRC,Clustered,5,0.046415888336127774,0.46415888336127725,0.080396850185508323
DV-QRC,Clustered,5,0.046415888336127774,1,0.083526316128132175
DV-QRC,Clustered,5,0.046415888336127774,2.154434690031882,0.085989047830109133
DV-QRC,Clustered,5,0.046415888336127774,4.6415888336127722,0.086823470101649397
DV-QRC,Clustered,5,0.046415888336127774,10,0.092084936639751702
DV-QRC,Clustered,5,0.10000000000000001,1.0000000000000001e-05,0.063723691111193373
DV-QRC,Clustered,5,0.10000000000000001,2.1544346900318823e-05,0.063442220226189824
DV-QRC,Clustered,5,0.10000000000000001,4.6415888336127818e-05,0.063528716697978466
DV-QRC,Clustered,5,0.10000000000000001,0.0001,0.063670833443624883
DV-QRC,Clustered,5,0.10000000000000001,0.00021544346900318823,0.063636720242029307
DV-QRC,Clustered,5,0.10000000000000001,0.00046415888336127773,0.063614711042471073
DV-QRC,Clustered,5,0.10000000000000001,0.001,0.062063358357153528
DV-QRC,Clustered,5,0.10000000000000001,0.0021544346900318821,0.058076951003962249
DV-QRC,Clustered,5,0.10000000000000001,0.0046415888336127772,0.052864127838038746
DV-QRC,Clustered,5,0.10000000000000001,0.01,0.049240551760110114
DV-QRC,Clustered,5,0.10000000000000001,0.021544346900318822,0.048753233873499509
DV-QRC,Clustered,5,0.10000000000000001,0.046415888336127774,0.051457965121267782
DV-QRC,Clustered,5,0.10000000000000001,0.10000000000000001,0.055333747508049258
DV-QRC,Clustered,5,0.10000000000000001,0.21544346900318823,0.061233195941553256
DV-QRC,Clustered,5,0.10000000000000001,0.46415888336127725,0.066955057626677944
DV-QRC,Clustered,5,0.10000000000000001,1,0.069505597964853144
DV-QRC,Clustered,5,0.10000000000000001,2.154434690031882,0.073457869311960411
DV-QRC,Clustered,5,0.10000000000000001,4.6415888336127722,0.072122936636399765
DV-QRC,Clustered,5,0.10000000000000001,10,0.074753307204218244
DV-QRC,Clustered,5,0.21544346900318823,1.0000000000000001e-05,0.061891159858917279
DV-QRC,Clustered,5,0.21544346900318823,2.1544346900318823e-05,0.061814403185806832
DV-QRC,Clustered,5,0.21544346900318823,4.6415888336127818e-05,0.061633324220303855
DV-QRC,Clustered,5,0.21544346900318823,0.0001,0.06141087876692998
DV-QRC,Clustered,5,0.21544346900318823,0.00021544346900318823,0.061190897027733594
DV-QRC,Clustered,5,0.21544346900318823,0.00046415888336127773,0.060806173311999522
DV-QRC,Clustered,5,0.21544346900318823,0.001,0.060464307439057494
DV-QRC,Clustered,5,0.21544346900318823,0.0021544346900318821,0.055865014662908399
DV-QRC,Clustered,5,0.21544346900318823,0.0046415888336127772,0.050578983848559279
DV-QRC,Clustered,5,0.21544346900318823,0.01,0.046415571834992217
DV-QRC,Clustered,5,0.21544346900318823,0.021544346900318822,0.044046506150143432
DV-QRC,Clustered,5,0.21544346900318823,0.046415888336127774,0.044721647905471819
DV-QRC,Clustered,5,0.21544346900318823,0.10000000000000001,0.046349712920655796
DV-QRC,Clustered,5,0.21544346900318823,0.21544346900318823,0.049827591633401183
DV-QRC,Clustered,5,0.21544346900318823,0.46415888336127725,0.055085161278849916
DV-QRC,Clustered,5,0.21544346900318823,1,0.057490703704402832
DV-QRC,Clustered,5,0.21544346900318823,2.154434690031882,0.06105069668542059
DV-QRC,Clustered,5,0.21544346900318823,4.6415888336127722,0.059994470696744774
DV-QRC,Clustered,5,0.21544346900318823,10,0.061257856449394452
DV-QRC,Clustered,5,0.46415888336127775,1.0000000000000001e-05,0.066091673939650208
DV-QRC,Clustered,5,0.46415888336127775,2.1544346900318823e-05,0.066086417913007817
DV-QRC,Clustered,5,0.46415888336127775,4.6415888336127818e-05,0.06607835892993312
DV-QRC,Clustered,5,0.46415888336127775,0.0001,0.066071846426812769
DV-QRC,Clustered,5,0.46415888336127775,0.00021544346900318823,0.066090749571962495
DV-QRC,Clustered,5,0.46415888336127775,0.00046415888336127773,0.065579890457603346
DV-QRC,Clustered,5,0.46415888336127775,0.001,0.064387926311557181
DV-QRC,Clustered,5,0.46415888336127775,0.0021544346900318821,0.058268653739247965
DV-QRC,Clustered,5,0.46415888336127775,0.0046415888336127772,0.052235100076385779
DV-QRC,Clustered,5,0.46415888336127775,0.01,0.048500513370425304
DV-QRC,Clustered,5,0.46415888336127775,0.021544346900318822,0.044916348360216157
DV-QRC,Clustered,5,0.46415888336127775,0.046415888336127774,0.043143742429540582
DV-QRC,Clustered,5,0.46415888336127775,0.10000000000000001,0.042910894920619842
DV-QRC,Clustered,5,0.46415888336127775,0.21544346900318823,0.04427951810257854
DV-QRC,Clustered,5,0.46415888336127775,0.46415888336127725,0.04693876242460298
DV-QRC,Clustered,5,0.46415888336127775,1,0.050077080954135419
DV-QRC,Clustered,5,0.46415888336127775,2.154434690031882,0.052724832630703003
DV-QRC,Clustered,5,0.46415888336127775,4.6415888336127722,0.053467135190017757
DV-QRC,Clustered,5,0.46415888336127775,10,0.056110945974334137
DV-QRC,Clustered,5,1,1.0000000000000001e-05,0.069552493230815887
DV-QRC,Clustered,5,1,2.1544346900318823e-05,0.069583473153755321
DV-QRC,Clustered,5,1,4.6415888336127818e-05,0.069650929230641534
DV-QRC,Clustered,5,1,0.0001,0.069799028187352494
DV-QRC,Clustered,5,1,0.00021544346900318823,0.070058721081610931
DV-QRC,Clustered,5,1,0.00046415888336127773,0.070007263513222937
DV-QRC,Clustered,5,1,0.001,0.06910039832366377
DV-QRC,Clustered,5,1,0.0021544346900318821,0.065075544581876699
DV-QRC,Clustered,5,1,0.0046415888336127772,0.060765676407520806
DV-QRC,Clustered,5,1,0.01,0.054782537754463567
DV-QRC,Clustered,5,1,0.021544346900318822,0.047544583042035869
DV-QRC,Clustered,5,1,0.046415888336127774,0.042592057642433193
DV-QRC,Clustered,5,1,0.10000000000000001,0.040473347642984055
DV-QRC,Clustered,5,1,0.21544346900318823,0.040190751353578892
DV-QRC,Clustered,5,1,0.46415888336127725,0.04125400659716786
DV-QRC,Clustered,5,1,1,0.043934403594701701
DV-QRC,Clustered,5,1,2.154434690031882,0.046918199293654421
DV-QRC,Clustered,5,1,4.6415888336127722,0.049396082925081443
DV-QRC,Clustered,5,1,10,0.048027905657371951
DV-QRC,Global,3,0.0001,1.0000000000000001e-05,0.095038801326091021
DV-QRC,Global,3,0.0001,2.1544346900318823e-05,0.095648859532592459
DV-QRC,Global,3,0.0001,4.6415888336127818e-05,0.097461916350463113
DV-QRC,Global,3,0.0001,0.0001,0.10002714952745095
DV-QRC,Global,3,0.0001,0.00021544346900318823,0.10436025983259703
DV-QRC,Global,3,0.0001,0.00046415888336127773,0.10997074685576122
DV-QRC,Global,3,0.0001,0.001,0.11587266509968874
DV-QRC,Global,3,0.0001,0.0021544346900318821,0.12298796584519364
DV-QRC,Global,3,0.0001,0.0046415888336127772,0.12917187599843927
DV-QRC,Global,3,0.0001,0.01,0.13660700943286588
DV-QRC,Global,3,0.0001,0.021544346900318822,0.14565046269291468
DV-QRC,Global,3,0.0001,0.046415888336127774,0.15208548350110154
DV-QRC,Global,3,0.0001,0.10000000000000001,0.16000279961778854
DV-QRC,Global,3,0.0001,0.21544346900318823,0.17141909496148802
DV-QRC,Global,3,0.0001,0.46415888336127725,0.18424203070714387
DV-QRC,Global,3,0.0001,1,0.19925140650908141
DV-QRC,Global,3,0.0001,2.154434690031882,0.2212949972334734
DV-QRC,Global,3,0.0001,4.6415888336127722,0.25415587505161996
DV-QRC,Global,3,0.0001,10,0.25792870345405372
DV-QRC,Global,3,0.00021544346900318845,1.0000000000000001e-05,0.093206214111242511
DV-QRC,Global,3,0.00021544346900318845,2.1544346900318823e-05,0.093964711341963242
DV-QRC,Global,3,0.00021544346900318845,4.6415888336127818e-05,0.094954070239866489
DV-QRC,Global,3,0.00021544346900318845,0.0001,0.096421472160577323
DV-QRC,Global,3,0.00021544346900318845,0.00021544346900318823,0.099445598750017253
DV-QRC,Global,3,0.00021544346900318845,0.00046415888336127773,0.10325405253789335
DV-QRC,Global,3,0.00021544346900318845,0.001,0.10850599580362626
DV-QRC,Global,3,0.00021544346900318845,0.0021544346900318821,0.11371303159400414
DV-QRC,Global,3,0.00021544346900318845,0.0046415888336127772,0.12091756586341644
DV-QRC,Global,3,0.00021544346900318845,0.01,0.12889804055552351
DV-QRC,Global,3,0.00021544346900318845,0.021544346900318822,0.13661522403341914
DV-QRC,Global,3,0.00021544346900318845,0.046415888336127774,0.14466509895958352
DV-QRC,Global,3,0.00021544346900318845,0.10000000000000001,0.15291735880706431
DV-QRC,Global,3,0.00021544346900318845,0.21544346900318823,0.15930701369412609
DV-QRC,Global,3,0.00021544346900318845,0.46415888336127725,0.16764894333513655
DV-QRC,Global,3,0.00021544346900318845,1,0.17777346572484937
DV-QRC,Global,3,0.00021544346900318845,2.154434690031882,0.21353934937415558
DV-QRC,Global,3,0.00021544346900318845,4.6415888336127722,0.24599192320915725
DV-QRC,Global,3,0.00021544346900318845,10,0.25494136645634707
DV-QRC,Global,3,0.00046415888336127773,1.0000000000000001e-05,0.091975388672049768
DV-QRC,Global,3,0.00046415888336127773,2.1544346900318823e-05,0.091743211188427279
DV-QRC,Global,3,0.00046415888336127773,4.6415888336127818e-05,0.092517332976759376
DV-QRC,Global,3,0.00046415888336127773,0.0001,0.093589894299322116
DV-QRC,Global,3,0.00046415888336127773,0.00021544346900318823,0.095312690697866811
DV-QRC,Global,3,0.00046415888336127773,0.00046415888336127773,0.098237768062467243
DV-QRC,Global,3,0.00046415888336127773,0.001,0.10234696685852993
DV-QRC,Global,3,0.00046415888336127773,0.0021544346900318821,0.10754726908045582
DV-QRC,Global,3,0.00046415888336127773,0.0046415888336127772,0.11369860023938605
DV-QRC,Global,3,0.00046415888336127773,0.01,0.12075777184533416
DV-QRC,Global,3,0.00046415888336127773,0.021544346900318822,0.1281114211151384
DV-QRC,Global,3,0.00046415888336127773,0.046415888336127774,0.13593386876748245
DV-QRC,Global,3,0.00046415888336127773,0.10000000000000001,0.14353064354250439
DV-QRC,Global,3,0.00046415888336127773,0.21544346900318823,0.15176019735358415
DV-QRC,Global,3,0.00046415888336127773,0.46415888336127725,0.15892325642046107
DV-QRC,Global,3,0.00046415888336127773,1,0.16259649793846037
DV-QRC,Global,3,0.00046415888336127773,2.154434690031882,0.18733099729951228
DV-QRC,Global,3,0.00046415888336127773,4.6415888336127722,0.23987904940503896
DV-QRC,Global,3,0.00046415888336127773,10,0.23995348665617006
DV-QRC,Global,3,0.001,1.0000000000000001e-05,0.089664385457379925
DV-QRC,Global,3,0.001,2.1544346900318823e-05,0.089373139791821085
DV-QRC,Global,3,0.001,4.6415888336127818e-05,0.089248116731547172
DV-QRC,Global,3,0.001,0.0001,0.090094093256914948
DV-QRC,Global,3,0.001,0.00021544346900318823,0.091068584084773654
DV-QRC,Global,3,0.001,0.00046415888336127773,0.092426345930350068
DV-QRC,Global,3,0.001,0.001,0.09391946144583263
DV-QRC,Global,3,0.001,0.0021544346900318821,0.09662822749322944
DV-QRC,Global,3,0.001,0.0046415888336127772,0.10052775118929465
DV-QRC,Global,3,0.001,0.01,0.105022249644721
DV-QRC,Global,3,0.001,0.021544346900318822,0.11057802225114458
DV-QRC,Global,3,0.001,0.046415888336127774,0.117039860846797
DV-QRC,Global,3,0.001,0.10000000000000001,0.12447626596255365
DV-QRC,Global,3,0.001,0.21544346900318823,0.13174461436652701
DV-QRC,Global,3,0.001,0.46415888336127725,0.13919606132098752
DV-QRC,Global,3,0.001,1,0.13839387928576746
DV-QRC,Global,3,0.001,2.154434690031882,0.15522155362333553
DV-QRC,Global,3,0.001,4.6415888336127722,0.20086209837838692
DV-QRC,Global,3,0.001,10,0.21364050120699091
DV-QRC,Global,3,0.0021544346900318821,1.0000000000000001e-05,0.087411728720475146
DV-QRC,Global,3,0.0021544346900318821,2.1544346900318823e-05,0.087456227618811611
DV-QRC,Global,3,0.0021544346900318821,4.6415888336127818e-05,0.087500081408712238
DV-QRC,Global,3,0.0021544346900318821,0.0001,0.087515469307855948
DV-QRC,Global,3,0.0021544346900318821,0.00021544346900318823,0.088224365753158313
DV-QRC,Global,3,0.0021544346900318821,0.00046415888336127773,0.089261783646098172
DV-QRC,Global,3,0.0021544346900318821,0.001,0.090325401369611674
DV-QRC,Global,3,0.0021544346900318821,0.0021544346900318821,0.091048938639197385
DV-QRC,Global,3,0.0021544346900318821,0.0046415888336127772,0.09218596648049851
DV-QRC,Global,3,0.0021544346900318821,0.01,0.094471422137230629
DV-QRC,Global,3,0.0021544346900318821,0.021544346900318822,0.097470575307761945
DV-QRC,Global,3,0.0021544346900318821,0.046415888336127774,0.10159342585579281
DV-QRC,Global,3,0.0021544346900318821,0.10000000000000001,0.10756717466921788
DV-QRC,Global,3,0.0021544346900318821,0.21544346900318823,0.11333414123321825
DV-QRC,Global,3,0.0021544346900318821,0.46415888336127725,0.12125821328178674
DV-QRC,Global,3,0.0021544346900318821,1,0.12178118188970295
DV-QRC,Global,3,0.0021544346900318821,2.154434690031882,0.13228772606968783
DV-QRC,Global,3,0.0021544346900318821,4.6415888336127722,0.16311212864687569
DV-QRC,Global,3,0.0021544346900318821,10,0.18779294884327349
DV-QRC,Global,3,0.0046415888336127772,1.0000000000000001e-05,0.085618098086357702
DV-QRC,Global,3,0.0046415888336127772,2.1544346900318823e-05,0.085623665798511633
DV-QRC,Global,3,0.0046415888336127772,4.6415888336127818e-05,0.085606816011187387
DV-QRC,Global,3,0.0046415888336127772,0.0001,0.085614240830789196
DV-QRC,Global,3,0.0046415888336127772,0.00021544346900318823,0.085750580605082324
DV-QRC,Global,3,0.0046415888336127772,0.00046415888336127773,0.086180993353540652
DV-QRC,Global,3,0.0046415888336127772,0.001,0.087133945833590826
DV-QRC,Global,3,0.0046415888336127772,0.0021544346900318821,0.088254334499491868
DV-QRC,Global,3,0.0046415888336127772,0.0046415888336127772,0.088965798280410208
DV-QRC,Global,3,0.0046415888336127772,0.01,0.089931155548253622
DV-QRC,Global,3,0.0046415888336127772,0.021544346900318822,0.091609668584534579
DV-QRC,Global,3,0.0046415888336127772,0.046415888336127774,0.09443531284044536
DV-QRC,Global,3,0.0046415888336127772,0.10000000000000001,0.09933272223575082
DV-QRC,Global,3,0.0046415888336127772,0.21544346900318823,0.10373609899911529
DV-QRC,Global,3,0.0046415888336127772,0.46415888336127725,0.10933636835460363
DV-QRC,Global,3,0.0046415888336127772,1,0.11128439417882205
DV-QRC,Global,3,0.0046415888336127772,2.154434690031882,0.12453838690507232
DV-QRC,Global,3,0.0046415888336127772,4.6415888336127722,0.13196297272757931
DV-QRC,Global,3,0.0046415888336127772,10,0.15768196673117357
DV-QRC,Global,3,0.01,1.0000000000000001e-05,0.085002670661424223
DV-QRC,Global,3,0.01,2.1544346900318823e-05,0.084999298933685116
DV-QRC,Global,3,0.01,4.6415888336127818e-05,0.085009976854413402
DV-QRC,Global,3,0.01,0.0001,0.085035932049259022
DV-QRC,Global,3,0.01,0.00021544346900318823,0.085012076688882027
DV-QRC,Global,3,0.01,0.00046415888336127773,0.085089819137581707
DV-QRC,Global,3,0.01,0.001,0.085319710639813182
DV-QRC,Global,3,0.01,0.0021544346900318821,0.086101354918309989
DV-QRC,Global,3,0.01,0.0046415888336127772,0.087158087225355479
DV-QRC,Global,3,0.01,0.01,0.088304755939323715
DV-QRC,Global,3,0.01,0.021544346900318822,0.089811174484034292
DV-QRC,Global,3,0.01,0.046415888336127774,0.091893232422949361
DV-QRC,Global,3,0.01,0.10000000000000001,0.093713726630225772
DV-QRC,Global,3,0.01,0.21544346900318823,0.097209893923674476
DV-QRC,Global,3,0.01,0.46415888336127725,0.099704712280513863
DV-QRC,Global,3,0.01,1,0.10163049543273046
DV-QRC,Global,3,0.01,2.154434690031882,0.10517300954323816
DV-QRC,Global,3,0.01,4.6415888336127722,0.11411936896252226
DV-QRC,Global,3,0.01,10,0.13078965244404722
DV-QRC,Global,3,0.021544346900318822,1.0000000000000001e-05,0.084690224791364371
DV-QRC,Global,3,0.021544346900318822,2.1544346900318823e-05,0.084704605630372548
DV-QRC,Global,3,0.021544346900318822,4.6415888336127818e-05,0.084729008309637477
DV-QRC,Global,3,0.021544346900318822,0.0001,0.084715122459851896
DV-QRC,Global,3,0.021544346900318822,0.00021544346900318823,0.08469443479901026
DV-QRC,Global,3,0.021544346900318822,0.00046415888336127773,0.084672330587176076
DV-QRC,Global,3,0.021544346900318822,0.001,0.084680647317163099
DV-QRC,Global,3,0.021544346900318822,0.0021544346900318821,0.084700312416532489
DV-QRC,Global,3,0.021544346900318822,0.0046415888336127772,0.084965189263828941
DV-QRC,Global,3,0.021544346900318822,0.01,0.085151543344062913
DV-QRC,Global,3,0.021544346900318822,0.021544346900318822,0.085952713816533646
DV-QRC,Global,3,0.021544346900318822,0.046415888336127774,0.087954541264287631
DV-QRC,Global,3,0.021544346900318822,0.10000000000000001,0.090439255742643748
DV-QRC,Global,3,0.021544346900318822,0.21544346900318823,0.092306630994990257
DV-QRC,Global,3,0.021544346900318822,0.46415888336127725,0.09262071983454126
DV-QRC,Global,3,0.021544346900318822,1,0.093624911855440113
DV-QRC,Global,3,0.021544346900318822,2.154434690031882,0.093915167944990732
DV-QRC,Global,3,0.021544346900318822,4.6415888336127722,0.096009542117001495
DV-QRC,Global,3,0.021544346900318822,10,0.11369923828956882
DV-QRC,Global,3,0.046415888336127774,1.0000000000000001e-05,0.08055623152178365
DV-QRC,Global,3,0.046415888336127774,2.1544346900318823e-05,0.080538030368681332
DV-QRC,Global,3,0.046415888336127774,4.6415888336127818e-05,0.080550638383231912
DV-QRC,Global,3,0.046415888336127774,0.0001,0.08054236167971307
DV-QRC,Global,3,0.046415888336127774,0.00021544346900318823,0.080543698995333118
DV-QRC,Global,3,0.046415888336127774,0.00046415888336127773,0.080542252573290701
DV-QRC,Global,3,0.046415888336127774,0.001,0.0805141423283596
DV-QRC,Global,3,0.046415888336127774,0.0021544346900318821,0.080477652269229011
DV-QRC,Global,3,0.046415888336127774,0.0046415888336127772,0.080464363756436105
DV-QRC,Global,3,0.046415888336127774,0.01,0.080540571271718861
DV-QRC,Global,3,0.046415888336127774,0.021544346900318822,0.080871423227380251
DV-QRC,Global,3,0.046415888336127774,0.046415888336127774,0.081451671841341153
DV-QRC,Global,3,0.046415888336127774,0.10000000000000001,0.082953436786181181
DV-QRC,Global,3,0.046415888336127774,0.21544346900318823,0.084484306934881501
DV-QRC,Global,3,0.046415888336127774,0.46415888336127725,0.082999024401442995
DV-QRC,Global,3,0.046415888336127774,1,0.085641210523187669
DV-QRC,Global,3,0.046415888336127774,2.154434690031882,0.083640493909249977
DV-QRC,Global,3,0.046415888336127774,4.6415888336127722,0.086372614174228132
DV-QRC,Global,3,0.046415888336127774,10,0.097738267342558652
DV-QRC,Global,3,0.10000000000000001,1.0000000000000001e-05,0.069646158422964205
DV-QRC,Global,3,0.10000000000000001,2.1544346900318823e-05,0.069646878439065446
DV-QRC,Global,3,0.10000000000000001,4.6415888336127818e-05,0.069646260750899677
DV-QRC,Global,3,0.10000000000000001,0.0001,0.069659272220550433
DV-QRC,Global,3,0.10000000000000001,0.00021544346900318823,0.06966029540219669
DV-QRC,Global,3,0.10000000000000001,0.00046415888336127773,0.069674867656216069
DV-QRC,Global,3,0.10000000000000001,0.001,0.069711179532557163
DV-QRC,Global,3,0.10000000000000001,0.0021544346900318821,0.069785598650702524
DV-QRC,Global,3,0.10000000000000001,0.0046415888336127772,0.069913465414367645
DV-QRC,Global,3,0.10000000000000001,0.01,0.070115063869538169
DV-QRC,Global,3,0.10000000000000001,0.021544346900318822,0.070584663711260182
DV-QRC,Global,3,0.10000000000000001,0.046415888336127774,0.071553750725639548
DV-QRC,Global,3,0.10000000000000001,0.10000000000000001,0.072645173540664104
DV-QRC,Global,3,0.10000000000000001,0.21544346900318823,0.073120423290515088
DV-QRC,Global,3,0.10000000000000001,0.46415888336127725,0.073165194453046006
DV-QRC,Global,3,0.10000000000000001,1,0.076512804055117775
DV-QRC,Global,3,0.10000000000000001,2.154434690031882,0.074873401587086455
DV-QRC,Global,3,0.10000000000000001,4.6415888336127722,0.074772660139415928
DV-QRC,Global,3,0.10000000000000001,10,0.076126481023245526
DV-QRC,Global,3,0.21544346900318823,1.0000000000000001e-05,0.059781107436244395
DV-QRC,Global,3,0.21544346900318823,2.1544346900318823e-05,0.059781025601741887
DV-QRC,Global,3,0.21544346900318823,4.6415888336127818e-05,0.059779830433107792
DV-QRC,Global,3,0.21544346900318823,0.0001,0.059777495039291098
DV-QRC,Global,3,0.21544346900318823,0.00021544346900318823,0.059778454188459208
DV-QRC,Global,3,0.21544346900318823,0.00046415888336127773,0.059776001422372438
DV-QRC,Global,3,0.21544346900318823,0.001,0.059771920695880242
DV-QRC,Global,3,0.21544346900318823,0.0021544346900318821,0.059762064969515097
DV-QRC,Global,3,0.21544346900318823,0.0046415888336127772,0.059746872546139952
DV-QRC,Global,3,0.21544346900318823,0.01,0.059730306135896825
DV-QRC,Global,3,0.21544346900318823,0.021544346900318822,0.059775808630265569
DV-QRC,Global,3,0.21544346900318823,0.046415888336127774,0.060373500862990925
DV-QRC,Global,3,0.21544346900318823,0.10000000000000001,0.060472738468052123
DV-QRC,Global,3,0.21544346900318823,0.21544346900318823,0.06059861960000177
DV-QRC,Global,3,0.21544346900318823,0.46415888336127725,0.062210832539855841
DV-QRC,Global,3,0.21544346900318823,1,0.063011624037915923
DV-QRC,Global,3,0.21544346900318823,2.154434690031882,0.067243739598489977
DV-QRC,Global,3,0.21544346900318823,4.6415888336127722,0.062746535790584063
DV-QRC,Global,3,0.21544346900318823,10,0.060877114226571785
DV-QRC,Global,3,0.46415888336127775,1.0000000000000001e-05,0.051356375924027461
DV-QRC,Global,3,0.46415888336127775,2.1544346900318823e-05,0.051356471289595584
DV-QRC,Global,3,0.46415888336127775,4.6415888336127818e-05,0.051356285324080722
DV-QRC,Global,3,0.46415888336127775,0.0001,0.051356325380957878
DV-QRC,Global,3,0.46415888336127775,0.00021544346900318823,0.051356899766159744
DV-QRC,Global,3,0.46415888336127775,0.00046415888336127773,0.051356778682964191
DV-QRC,Global,3,0.46415888336127775,0.001,0.051358039718615835
DV-QRC,Global,3,0.46415888336127775,0.0021544346900318821,0.051360361708630384
DV-QRC,Global,3,0.46415888336127775,0.0046415888336127772,0.051368382988262865
DV-QRC,Global,3,0.46415888336127775,0.01,0.051398092642330397
DV-QRC,Global,3,0.46415888336127775,0.021544346900318822,0.051621284721067438
DV-QRC,Global,3,0.46415888336127775,0.046415888336127774,0.052242305729800112
DV-QRC,Global,3,0.46415888336127775,0.10000000000000001,0.052377310005587582
DV-QRC,Global,3,0.46415888336127775,0.21544346900318823,0.052621470437590599
DV-QRC,Global,3,0.46415888336127775,0.46415888336127725,0.053046235644911822
DV-QRC,Global,3,0.46415888336127775,1,0.053794777497322276
DV-QRC,Global,3,0.46415888336127775,2.154434690031882,0.057318573086063931
DV-QRC,Global,3,0.46415888336127775,4.6415888336127722,0.054000839501400555
DV-QRC,Global,3,0.46415888336127775,10,0.053070947059775817
DV-QRC,Global,3,1,1.0000000000000001e-05,0.044743798424322773
DV-QRC,Global,3,1,2.1544346900318823e-05,0.044744034741021579
DV-QRC,Global,3,1,4.6415888336127818e-05,0.044744467237211032
DV-QRC,Global,3,1,0.0001,0.044745286904575368
DV-QRC,Global,3,1,0.00021544346900318823,0.044747169888723043
DV-QRC,Global,3,1,0.00046415888336127773,0.044751228516159237
DV-QRC,Global,3,1,0.001,0.044759801893549403
DV-QRC,Global,3,1,0.0021544346900318821,0.044777573892401286
DV-QRC,Global,3,1,0.0046415888336127772,0.044811824940464103
DV-QRC,Global,3,1,0.01,0.044865646122594194
DV-QRC,Global,3,1,0.021544346900318822,0.044984079883598795
DV-QRC,Global,3,1,0.046415888336127774,0.045410474890083222
DV-QRC,Global,3,1,0.10000000000000001,0.045671663198621468
DV-QRC,Global,3,1,0.21544346900318823,0.047085084860721584
DV-QRC,Global,3,1,0.46415888336127725,0.046687405071556373
DV-QRC,Global,3,1,1,0.047265124381275968
DV-QRC,Global,3,1,2.154434690031882,0.045379357051643532
DV-QRC,Global,3,1,4.6415888336127722,0.046385323509184465
DV-QRC,Global,3,1,10,0.046693841438741425
CV-QRC,Local,7,0.0001,1.0000000000000001e-05,0.29108716351781078
CV-QRC,Local,7,0.0001,2.1544346900318823e-05,0.29023354497242637
CV-QRC,Local,7,0.0001,4.6415888336127818e-05,0.29002085622792656
CV-QRC,Local,7,0.0001,0.0001,0.28981411888793601
CV-QRC,Local,7,0.0001,0.00021544346900318823,0.2891396366735105
CV-QRC,Local,7,0.0001,0.00046415888336127773,0.28651272173554204
CV-QRC,Local,7,0.0001,0.001,0.27779234562714827
CV-QRC,Local,7,0.0001,0.0021544346900318821,0.2573821832995522
CV-QRC,Local,7,0.0001,0.0046415888336127772,0.22805107933579957
CV-QRC,Local,7,0.0001,0.01,0.19843008434326553
CV-QRC,Local,7,0.0001,0.021544346900318822,0.1711813148724815
CV-QRC,Local,7,0.0001,0.046415888336127774,0.15434093477611843
CV-QRC,Local,7,0.0001,0.10000000000000001,0.14227444267764305
CV-QRC,Local,7,0.0001,0.21544346900318823,0.133668377652917
CV-QRC,Local,7,0.0001,0.46415888336127725,0.11113960606510023
CV-QRC,Local,7,0.0001,1,0.095117944485073241
CV-QRC,Local,7,0.0001,2.154434690031882,0.097643379105570555
CV-QRC,Local,7,0.0001,4.6415888336127722,0.095068820210533256
CV-QRC,Local,7,0.0001,10,0.11173023391453271
CV-QRC,Local,7,0.00021544346900318845,1.0000000000000001e-05,0.28992831920833673
CV-QRC,Local,7,0.00021544346900318845,2.1544346900318823e-05,0.289841607430952
CV-QRC,Local,7,0.00021544346900318845,4.6415888336127818e-05,0.28941580096028791
CV-QRC,Local,7,0.00021544346900318845,0.0001,0.28789910939156521
CV-QRC,Local,7,0.00021544346900318845,0.00021544346900318823,0.28069788119293071
CV-QRC,Local,7,0.00021544346900318845,0.00046415888336127773,0.2601598582348395
CV-QRC,Local,7,0.00021544346900318845,0.001,0.23051821173019729
CV-QRC,Local,7,0.00021544346900318845,0.0021544346900318821,0.20246353751573687
CV-QRC,Local,7,0.00021544346900318845,0.0046415888336127772,0.17971343137646079
CV-QRC,Local,7,0.00021544346900318845,0.01,0.16008169879873535
CV-QRC,Local,7,0.00021544346900318845,0.021544346900318822,0.14791471943055276
CV-QRC,Local,7,0.00021544346900318845,0.046415888336127774,0.13893445672220645
CV-QRC,Local,7,0.00021544346900318845,0.10000000000000001,0.13139841837052588
CV-QRC,Local,7,0.00021544346900318845,0.21544346900318823,0.12255566569552194
CV-QRC,Local,7,0.00021544346900318845,0.46415888336127725,0.094421025814278761
CV-QRC,Local,7,0.00021544346900318845,1,0.086319760964973027
CV-QRC,Local,7,0.00021544346900318845,2.154434690031882,0.086319923663229159
CV-QRC,Local,7,0.00021544346900318845,4.6415888336127722,0.086312955230348654
CV-QRC,Local,7,0.00021544346900318845,10,0.094672071972067409
CV-QRC,Local,7,0.00046415888336127773,1.0000000000000001e-05,0.28885668191735347
CV-QRC,Local,7,0.00046415888336127773,2.1544346900318823e-05,0.28682910730819083
CV-QRC,Local,7,0.00046415888336127773,4.6415888336127818e-05,0.28131835081209411
CV-QRC,Local,7,0.00046415888336127773,0.0001,0.26546562408806429
CV-QRC,Local,7,0.00046415888336127773,0.00021544346900318823,0.23757534321550938
CV-QRC,Local,7,0.00046415888336127773,0.00046415888336127773,0.20619380943836121
CV-QRC,Local,7,0.00046415888336127773,0.001,0.18285173832573676
CV-QRC,Local,7,0.00046415888336127773,0.0021544346900318821,0.17008774109079167
CV-QRC,Local,7,0.00046415888336127773,0.0046415888336127772,0.15943749913303923
CV-QRC,Local,7,0.00046415888336127773,0.01,0.14665183353230921
CV-QRC,Local,7,0.00046415888336127773,0.021544346900318822,0.13765606318369841
CV-QRC,Local,7,0.00046415888336127773,0.046415888336127774,0.1305175261221006
CV-QRC,Local,7,0.00046415888336127773,0.10000000000000001,0.12459384624714114
CV-QRC,Local,7,0.00046415888336127773,0.21544346900318823,0.10312976968567562
CV-QRC,Local,7,0.00046415888336127773,0.46415888336127725,0.083168564447956062
CV-QRC,Local,7,0.00046415888336127773,1,0.072693302724311459
CV-QRC,Local,7,0.00046415888336127773,2.154434690031882,0.074090741057353776
CV-QRC,Local,7,0.00046415888336127773,4.6415888336127722,0.074518239401662995
CV-QRC,Local,7,0.00046415888336127773,10,0.081312266557283047
CV-QRC,Local,7,0.001,1.0000000000000001e-05,0.26686749684218164
CV-QRC,Local,7,0.001,2.1544346900318823e-05,0.24619250403764678
CV-QRC,Local,7,0.001,4.6415888336127818e-05,0.22170627686973154
CV-QRC,Local,7,0.001,0.0001,0.1994264473837051
CV-QRC,Local,7,0.001,0.00021544346900318823,0.18254715790952128
CV-QRC,Local,7,0.001,0.00046415888336127773,0.17137439909099339
CV-QRC,Local,7,0.001,0.001,0.16555202762597832
CV-QRC,Local,7,0.001,0.0021544346900318821,0.16029279905371141
CV-QRC,Local,7,0.001,0.0046415888336127772,0.14817458351066187
CV-QRC,Local,7,0.001,0.01,0.13854311722374935
CV-QRC,Local,7,0.001,0.021544346900318822,0.13192855518985985
CV-QRC,Local,7,0.001,0.046415888336127774,0.12307244155238869
CV-QRC,Local,7,0.001,0.10000000000000001,0.10894107115031566
CV-QRC,Local,7,0.001,0.21544346900318823,0.08464316480256856
CV-QRC,Local,7,0.001,0.46415888336127725,0.071809848512989632
CV-QRC,Local,7,0.001,1,0.064321397752434617
CV-QRC,Local,7,0.001,2.154434690031882,0.065404092707776224
CV-QRC,Local,7,0.001,4.6415888336127722,0.065236183743008463
CV-QRC,Local,7,0.001,10,0.068928381499680835
CV-QRC,Local,7,0.0021544346900318821,1.0000000000000001e-05,0.19958348733017905
CV-QRC,Local,7,0.0021544346900318821,2.1544346900318823e-05,0.1818332785171442
CV-QRC,Local,7,0.0021544346900318821,4.6415888336127818e-05,0.17159247592461785
CV-QRC,Local,7,0.0021544346900318821,0.0001,0.16640724167913359
CV-QRC,Local,7,0.0021544346900318821,0.00021544346900318823,0.16338601713037193
CV-QRC,Local,7,0.0021544346900318821,0.00046415888336127773,0.16118830404372331
CV-QRC,Local,7,0.0021544346900318821,0.001,0.15840607468735074
CV-QRC,Local,7,0.0021544346900318821,0.0021544346900318821,0.1520137693077771
CV-QRC,Local,7,0.0021544346900318821,0.0046415888336127772,0.14226377159989451
CV-QRC,Local,7,0.0021544346900318821,0.01,0.13515960608723557
CV-QRC,Local,7,0.0021544346900318821,0.021544346900318822,0.12354372379888881
CV-QRC,Local,7,0.0021544346900318821,0.046415888336127774,0.10236299545833678
CV-QRC,Local,7,0.0021544346900318821,0.10000000000000001,0.08673380668885082
CV-QRC,Local,7,0.0021544346900318821,0.21544346900318823,0.073382910378596247
CV-QRC,Local,7,0.0021544346900318821,0.46415888336127725,0.065054613108730758
CV-QRC,Local,7,0.0021544346900318821,1,0.061176692024982535
CV-QRC,Local,7,0.0021544346900318821,2.154434690031882,0.06039426730656744
CV-QRC,Local,7,0.0021544346900318821,4.6415888336127722,0.05999636023594207
CV-QRC,Local,7,0.0021544346900318821,10,0.061176800158825109
CV-QRC,Local,7,0.0046415888336127772,1.0000000000000001e-05,0.169965422984798
CV-QRC,Local,7,0.0046415888336127772,2.1544346900318823e-05,0.16399793417937719
CV-QRC,Local,7,0.0046415888336127772,4.6415888336127818e-05,0.16078608045517911
CV-QRC,Local,7,0.0046415888336127772,0.0001,0.15845018176255748
CV-QRC,Local,7,0.0046415888336127772,0.00021544346900318823,0.15717585069175688
CV-QRC,Local,7,0.0046415888336127772,0.00046415888336127773,0.15644499000621814
CV-QRC,Local,7,0.0046415888336127772,0.001,0.15462231389620737
CV-QRC,Local,7,0.0046415888336127772,0.0021544346900318821,0.1477615527251388
CV-QRC,Local,7,0.0046415888336127772,0.0046415888336127772,0.1398120257408012
CV-QRC,Local,7,0.0046415888336127772,0.01,0.12669349681693831
CV-QRC,Local,7,0.0046415888336127772,0.021544346900318822,0.10018098772859188
CV-QRC,Local,7,0.0046415888336127772,0.046415888336127774,0.083916241592793164
CV-QRC,Local,7,0.0046415888336127772,0.10000000000000001,0.073882933674796508
CV-QRC,Local,7,0.0046415888336127772,0.21544346900318823,0.066406536954346729
CV-QRC,Local,7,0.0046415888336127772,0.46415888336127725,0.061172395948037361
CV-QRC,Local,7,0.0046415888336127772,1,0.058985899403012167
CV-QRC,Local,7,0.0046415888336127772,2.154434690031882,0.057059023325310723
CV-QRC,Local,7,0.0046415888336127772,4.6415888336127722,0.057234422406459498
CV-QRC,Local,7,0.0046415888336127772,10,0.057242797908084606
CV-QRC,Local,7,0.01,1.0000000000000001e-05,0.16603993643321951
CV-QRC,Local,7,0.01,2.1544346900318823e-05,0.16255905941249119
CV-QRC,Local,7,0.01,4.6415888336127818e-05,0.15702426000124034
CV-QRC,Local,7,0.01,0.0001,0.15666431562544869
CV-QRC,Local,7,0.01,0.00021544346900318823,0.15655575122145099
CV-QRC,Local,7,0.01,0.00046415888336127773,0.15645832541438448
CV-QRC,Local,7,0.01,0.001,0.15479513228679637
CV-QRC,Local,7,0.01,0.0021544346900318821,0.14683580248512335
CV-QRC,Local,7,0.01,0.0046415888336127772,0.13198723820501285
CV-QRC,Local,7,0.01,0.01,0.10376824775653497
CV-QRC,Local,7,0.01,0.021544346900318822,0.083566767152200627
CV-QRC,Local,7,0.01,0.046415888336127774,0.073648842847235593
CV-QRC,Local,7,0.01,0.10000000000000001,0.066924832014863295
CV-QRC,Local,7,0.01,0.21544346900318823,0.061058123765864815
CV-QRC,Local,7,0.01,0.46415888336127725,0.058555663632715291
CV-QRC,Local,7,0.01,1,0.057864167267983047
CV-QRC,Local,7,0.01,2.154434690031882,0.055883257077542825
CV-QRC,Local,7,0.01,4.6415888336127722,0.056545960848425558
CV-QRC,Local,7,0.01,10,0.056136366436678797
CV-QRC,Local,7,0.021544346900318822,1.0000000000000001e-05,0.16333446439903002
CV-QRC,Local,7,0.021544346900318822,2.1544346900318823e-05,0.15759350713430881
CV-QRC,Local,7,0.021544346900318822,4.6415888336127818e-05,0.1575185006190705
CV-QRC,Local,7,0.021544346900318822,0.0001,0.15751138789249958
CV-QRC,Local,7,0.021544346900318822,0.00021544346900318823,0.15750626275074339
CV-QRC,Local,7,0.021544346900318822,0.00046415888336127773,0.15745464527602732
CV-QRC,Local,7,0.021544346900318822,0.001,0.15421448179717201
CV-QRC,Local,7,0.021544346900318822,0.0021544346900318821,0.13315333079175756
CV-QRC,Local,7,0.021544346900318822,0.0046415888336127772,0.11673054059376249
CV-QRC,Local,7,0.021544346900318822,0.01,0.086587915697718329
CV-QRC,Local,7,0.021544346900318822,0.021544346900318822,0.07716096015736805
CV-QRC,Local,7,0.021544346900318822,0.046415888336127774,0.068356785714431351
CV-QRC,Local,7,0.021544346900318822,0.10000000000000001,0.062751150720554677
CV-QRC,Local,7,0.021544346900318822,0.21544346900318823,0.058917832836371885
CV-QRC,Local,7,0.021544346900318822,0.46415888336127725,0.05759244317084139
CV-QRC,Local,7,0.021544346900318822,1,0.056669703373824674
CV-QRC,Local,7,0.021544346900318822,2.154434690031882,0.055192569476876598
CV-QRC,Local,7,0.021544346900318822,4.6415888336127722,0.056678756493137396
CV-QRC,Local,7,0.021544346900318822,10,0.055544243720811924
CV-QRC,Local,7,0.046415888336127774,1.0000000000000001e-05,0.16018151635080974
CV-QRC,Local,7,0.046415888336127774,2.1544346900318823e-05,0.16017604917854322
CV-QRC,Local,7,0.046415888336127774,4.6415888336127818e-05,0.16017158215322669
CV-QRC,Local,7,0.046415888336127774,0.0001,0.16016958583931531
CV-QRC,Local,7,0.046415888336127774,0.00021544346900318823,0.16016871894794207
CV-QRC,Local,7,0.046415888336127774,0.00046415888336127773,0.15985707464305418
CV-QRC,Local,7,0.046415888336127774,0.001,0.13397302793710525
CV-QRC,Local,7,0.046415888336127774,0.0021544346900318821,0.11896975380017789
CV-QRC,Local,7,0.046415888336127774,0.0046415888336127772,0.092579182594713177
CV-QRC,Local,7,0.046415888336127774,0.01,0.078981006893783096
CV-QRC,Local,7,0.046415888336127774,0.021544346900318822,0.072741534158429558
CV-QRC,Local,7,0.046415888336127774,0.046415888336127774,0.066709109370587744
CV-QRC,Local,7,0.046415888336127774,0.10000000000000001,0.061410222973829608
CV-QRC,Local,7,0.046415888336127774,0.21544346900318823,0.059268314418606208
CV-QRC,Local,7,0.046415888336127774,0.46415888336127725,0.058142789452098317
CV-QRC,Local,7,0.046415888336127774,1,0.055303070081338293
CV-QRC,Local,7,0.046415888336127774,2.154434690031882,0.05337280343877062
CV-QRC,Local,7,0.046415888336127774,4.6415888336127722,0.054746530656568551
CV-QRC,Local,7,0.046415888336127774,10,0.054643276277445585
CV-QRC,Local,7,0.10000000000000001,1.0000000000000001e-05,0.16706615961178559
CV-QRC,Local,7,0.10000000000000001,2.1544346900318823e-05,0.16706513340351573
CV-QRC,Local,7,0.10000000000000001,4.6415888336127818e-05,0.16706528631884246
CV-QRC,Local,7,0.10000000000000001,0.0001,0.16706338131604348
CV-QRC,Local,7,0.10000000000000001,0.00021544346900318823,0.16696384252668439
CV-QRC,Local,7,0.10000000000000001,0.00046415888336127773,0.15243210033364579
CV-QRC,Local,7,0.10000000000000001,0.001,0.13055014687610791
CV-QRC,Local,7,0.10000000000000001,0.0021544346900318821,0.10797586434851514
CV-QRC,Local,7,0.10000000000000001,0.0046415888336127772,0.083923053264809616
CV-QRC,Local,7,0.10000000000000001,0.01,0.07599115543761184
CV-QRC,Local,7,0.10000000000000001,0.021544346900318822,0.072282378012472531
CV-QRC,Local,7,0.10000000000000001,0.046415888336127774,0.068456529484893974
CV-QRC,Local,7,0.10000000000000001,0.10000000000000001,0.064237315720146876
CV-QRC,Local,7,0.10000000000000001,0.21544346900318823,0.061073669441733244
CV-QRC,Local,7,0.10000000000000001,0.46415888336127725,0.059201451370244941
CV-QRC,Local,7,0.10000000000000001,1,0.051202956753199989
CV-QRC,Local,7,0.10000000000000001,2.154434690031882,0.047077477603354234
CV-QRC,Local,7,0.10000000000000001,4.6415888336127722,0.050670749474948006
CV-QRC,Local,7,0.10000000000000001,10,0.051180147103399312
CV-QRC,Local,7,0.21544346900318823,1.0000000000000001e-05,0.17820548045386692
CV-QRC,Local,7,0.21544346900318823,2.1544346900318823e-05,0.17820530695523668
CV-QRC,Local,7,0.21544346900318823,4.6415888336127818e-05,0.17820553878388859
CV-QRC,Local,7,0.21544346900318823,0.0001,0.17817737434704273
CV-QRC,Local,7,0.21544346900318823,0.00021544346900318823,0.17820544210806336
CV-QRC,Local,7,0.21544346900318823,0.00046415888336127773,0.1545395720430271
CV-QRC,Local,7,0.21544346900318823,0.001,0.1338874776708987
CV-QRC,Local,7,0.21544346900318823,0.0021544346900318821,0.092285078955507222
CV-QRC,Local,7,0.21544346900318823,0.0046415888336127772,0.080153721622755941
CV-QRC,Local,7,0.21544346900318823,0.01,0.074232255337330202
CV-QRC,Local,7,0.21544346900318823,0.021544346900318822,0.070809662680134847
CV-QRC,Local,7,0.21544346900318823,0.046415888336127774,0.066008835509781136
CV-QRC,Local,7,0.21544346900318823,0.10000000000000001,0.061136216238167299
CV-QRC,Local,7,0.21544346900318823,0.21544346900318823,0.056793292750889748
CV-QRC,Local,7,0.21544346900318823,0.46415888336127725,0.053287517850362266
CV-QRC,Local,7,0.21544346900318823,1,0.045339540627286595
CV-QRC,Local,7,0.21544346900318823,2.154434690031882,0.041832515233273061
CV-QRC,Local,7,0.21544346900318823,4.6415888336127722,0.04401269382279642
CV-QRC,Local,7,0.21544346900318823,10,0.04583378675248722
CV-QRC,Local,7,0.46415888336127775,1.0000000000000001e-05,0.18160837978389799
CV-QRC,Local,7,0.46415888336127775,2.1544346900318823e-05,0.18160864303643751
CV-QRC,Local,7,0.46415888336127775,4.6415888336127818e-05,0.18160265721528035
CV-QRC,Local,7,0.46415888336127775,0.0001,0.18160956643063333
CV-QRC,Local,7,0.46415888336127775,0.00021544346900318823,0.16866691418796598
CV-QRC,Local,7,0.46415888336127775,0.00046415888336127773,0.16031272547541014
CV-QRC,Local,7,0.46415888336127775,0.001,0.10373923232598888
CV-QRC,Local,7,0.46415888336127775,0.0021544346900318821,0.085731284075071579
CV-QRC,Local,7,0.46415888336127775,0.0046415888336127772,0.070495249698984727
CV-QRC,Local,7,0.46415888336127775,0.01,0.060933091659164884
CV-QRC,Local,7,0.46415888336127775,0.021544346900318822,0.060262544613851332
CV-QRC,Local,7,0.46415888336127775,0.046415888336127774,0.05492927898402792
CV-QRC,Local,7,0.46415888336127775,0.10000000000000001,0.047699756436597622
CV-QRC,Local,7,0.46415888336127775,0.21544346900318823,0.045156506961093065
CV-QRC,Local,7,0.46415888336127775,0.46415888336127725,0.044201922109917448
CV-QRC,Local,7,0.46415888336127775,1,0.043610194861030335
CV-QRC,Local,7,0.46415888336127775,2.154434690031882,0.041723449030498211
CV-QRC,Local,7,0.46415888336127775,4.6415888336127722,0.039721440074698348
CV-QRC,Local,7,0.46415888336127775,10,0.042119556459374492
CV-QRC,Local,7,1,1.0000000000000001e-05,0.17114364076077651
CV-QRC,Local,7,1,2.1544346900318823e-05,0.17114073058942331
CV-QRC,Local,7,1,4.6415888336127818e-05,0.17115086420003167
CV-QRC,Local,7,1,0.0001,0.17114265980404983
CV-QRC,Local,7,1,0.00021544346900318823,0.16232168821975307
CV-QRC,Local,7,1,0.00046415888336127773,0.13220328112683852
CV-QRC,Local,7,1,0.001,0.088731523262400372
CV-QRC,Local,7,1,0.0021544346900318821,0.063908467525264134
CV-QRC,Local,7,1,0.0046415888336127772,0.054796210902245054
CV-QRC,Local,7,1,0.01,0.053427129352829283
CV-QRC,Local,7,1,0.021544346900318822,0.053088637631140245
CV-QRC,Local,7,1,0.046415888336127774,0.046339668419975395
CV-QRC,Local,7,1,0.10000000000000001,0.041907585261704058
CV-QRC,Local,7,1,0.21544346900318823,0.040720258997478456
CV-QRC,Local,7,1,0.46415888336127725,0.040235421075990208
CV-QRC,Local,7,1,1,0.039142893118577
CV-QRC,Local,7,1,2.154434690031882,0.035416472693229215
CV-QRC,Local,7,1,4.6415888336127722,0.040997906854935089
CV-QRC,Local,7,1,10,0.043336175291647863
CV-QRC,Clustered,18,0.0001,1.0000000000000001e-05,0.30816409742116296
CV-QRC,Clustered,18,0.0001,2.1544346900318823e-05,0.30751629425128907
CV-QRC,Clustered,18,0.0001,4.6415888336127818e-05,0.30778188225595465
CV-QRC,Clustered,18,0.0001,0.0001,0.30798287148659809
CV-QRC,Clustered,18,0.0001,0.00021544346900318823,0.30743223207034759
CV-QRC,Clustered,18,0.0001,0.00046415888336127773,0.3075269122324284
CV-QRC,Clustered,18,0.0001,0.001,0.30785087394095612
CV-QRC,Clustered,18,0.0001,0.0021544346900318821,0.30734516622851149
CV-QRC,Clustered,18,0.0001,0.0046415888336127772,0.30738442448507436
CV-QRC,Clustered,18,0.0001,0.01,0.30677517221756612
CV-QRC,Clustered,18,0.0001,0.021544346900318822,0.30351032953821211
CV-QRC,Clustered,18,0.0001,0.046415888336127774,0.29381759113347872
CV-QRC,Clustered,18,0.0001,0.10000000000000001,0.27488909440637649
CV-QRC,Clustered,18,0.0001,0.21544346900318823,0.25009698281327303
CV-QRC,Clustered,18,0.0001,0.46415888336127725,0.22162926617824849
CV-QRC,Clustered,18,0.0001,1,0.19631579746666142
CV-QRC,Clustered,18,0.0001,2.154434690031882,0.17741167948444309
CV-QRC,Clustered,18,0.0001,4.6415888336127722,0.16839419397742805
CV-QRC,Clustered,18,0.0001,10,0.1643327836251221
CV-QRC,Clustered,18,0.00021544346900318845,1.0000000000000001e-05,0.30739388496361708
CV-QRC,Clustered,18,0.00021544346900318845,2.1544346900318823e-05,0.30637257073028151
CV-QRC,Clustered,18,0.00021544346900318845,4.6415888336127818e-05,0.30631265808354985
CV-QRC,Clustered,18,0.00021544346900318845,0.0001,0.30628273238380971
CV-QRC,Clustered,18,0.00021544346900318845,0.00021544346900318823,0.30662502189212026
CV-QRC,Clustered,18,0.00021544346900318845,0.00046415888336127773,0.30687920091841719
CV-QRC,Clustered,18,0.00021544346900318845,0.001,0.30623389725719152
CV-QRC,Clustered,18,0.00021544346900318845,0.0021544346900318821,0.30599100171334637
CV-QRC,Clustered,18,0.00021544346900318845,0.0046415888336127772,0.30495031662678163
CV-QRC,Clustered,18,0.00021544346900318845,0.01,0.30058891144310873
CV-QRC,Clustered,18,0.00021544346900318845,0.021544346900318822,0.28542296581008653
CV-QRC,Clustered,18,0.00021544346900318845,0.046415888336127774,0.25782113628481862
CV-QRC,Clustered,18,0.00021544346900318845,0.10000000000000001,0.22340417475314864
CV-QRC,Clustered,18,0.00021544346900318845,0.21544346900318823,0.19544053033275036
CV-QRC,Clustered,18,0.00021544346900318845,0.46415888336127725,0.17673034631330795
CV-QRC,Clustered,18,0.00021544346900318845,1,0.16465534752156499
CV-QRC,Clustered,18,0.00021544346900318845,2.154434690031882,0.15601686554097255
CV-QRC,Clustered,18,0.00021544346900318845,4.6415888336127722,0.15325010477256096
CV-QRC,Clustered,18,0.00021544346900318845,10,0.15277014886469278
CV-QRC,Clustered,18,0.00046415888336127773,1.0000000000000001e-05,0.30600275737475313
CV-QRC,Clustered,18,0.00046415888336127773,2.1544346900318823e-05,0.30604868167303806
CV-QRC,Clustered,18,0.00046415888336127773,4.6415888336127818e-05,0.30600559369503932
CV-QRC,Clustered,18,0.00046415888336127773,0.0001,0.30610802858125735
CV-QRC,Clustered,18,0.00046415888336127773,0.00021544346900318823,0.30595985362621636
CV-QRC,Clustered,18,0.00046415888336127773,0.00046415888336127773,0.3059983624990954
CV-QRC,Clustered,18,0.00046415888336127773,0.001,0.30534552080501515
CV-QRC,Clustered,18,0.00046415888336127773,0.0021544346900318821,0.30211598924710109
CV-QRC,Clustered,18,0.00046415888336127773,0.0046415888336127772,0.29112754847532535
CV-QRC,Clustered,18,0.00046415888336127773,0.01,0.26406522556392753
CV-QRC,Clustered,18,0.00046415888336127773,0.021544346900318822,0.22740827701986821
CV-QRC,Clustered,18,0.00046415888336127773,0.046415888336127774,0.19517392959191865
CV-QRC,Clustered,18,0.00046415888336127773,0.10000000000000001,0.17505569822192107
CV-QRC,Clustered,18,0.00046415888336127773,0.21544346900318823,0.16380551634587165
CV-QRC,Clustered,18,0.00046415888336127773,0.46415888336127725,0.15566047471020275
CV-QRC,Clustered,18,0.00046415888336127773,1,0.14986823509926911
CV-QRC,Clustered,18,0.00046415888336127773,2.154434690031882,0.14433194217047168
CV-QRC,Clustered,18,0.00046415888336127773,4.6415888336127722,0.14327527331091378
CV-QRC,Clustered,18,0.00046415888336127773,10,0.14536629581856139
CV-QRC,Clustered,18,0.001,1.0000000000000001e-05,0.30610503400108569
CV-QRC,Clustered,18,0.001,2.1544346900318823e-05,0.30603975204679279
CV-QRC,Clustered,18,0.001,4.6415888336127818e-05,0.30598040387900749
CV-QRC,Clustered,18,0.001,0.0001,0.30583085833807744
CV-QRC,Clustered,18,0.001,0.00021544346900318823,0.30546266117365928
CV-QRC,Clustered,18,0.001,0.00046415888336127773,0.30350733582023814
CV-QRC,Clustered,18,0.001,0.001,0.29518566426741094
CV-QRC,Clustered,18,0.001,0.0021544346900318821,0.26875060541612805
CV-QRC,Clustered,18,0.001,0.0046415888336127772,0.23026465946822133
CV-QRC,Clustered,18,0.001,0.01,0.19644833486666252
CV-QRC,Clustered,18,0.001,0.021544346900318822,0.17499366281119905
CV-QRC,Clustered,18,0.001,0.046415888336127774,0.16337851990395541
CV-QRC,Clustered,18,0.001,0.10000000000000001,0.15618349543246021
CV-QRC,Clustered,18,0.001,0.21544346900318823,0.1489876496552919
CV-QRC,Clustered,18,0.001,0.46415888336127725,0.14188774987189143
CV-QRC,Clustered,18,0.001,1,0.13957614957011702
CV-QRC,Clustered,18,0.001,2.154434690031882,0.13460512427078308
CV-QRC,Clustered,18,0.001,4.6415888336127722,0.13442140507467931
CV-QRC,Clustered,18,0.001,10,0.13690695210114295
CV-QRC,Clustered,18,0.0021544346900318821,1.0000000000000001e-05,0.30599473752801731
CV-QRC,Clustered,18,0.0021544346900318821,2.1544346900318823e-05,0.30562652323792566
CV-QRC,Clustered,18,0.0021544346900318821,4.6415888336127818e-05,0.30461855328606707
CV-QRC,Clustered,18,0.0021544346900318821,0.0001,0.30172111152704806
CV-QRC,Clustered,18,0.0021544346900318821,0.00021544346900318823,0.29351696245377645
CV-QRC,Clustered,18,0.0021544346900318821,0.00046415888336127773,0.27502598258294231
CV-QRC,Clustered,18,0.0021544346900318821,0.001,0.23991439945073431
CV-QRC,Clustered,18,0.0021544346900318821,0.0021544346900318821,0.20102703155719964
CV-QRC,Clustered,18,0.0021544346900318821,0.0046415888336127772,0.17596737878835572
CV-QRC,Clustered,18,0.0021544346900318821,0.01,0.16405428655471554
CV-QRC,Clustered,18,0.0021544346900318821,0.021544346900318822,0.15727833425693286
CV-QRC,Clustered,18,0.0021544346900318821,0.046415888336127774,0.15231873705351834
CV-QRC,Clustered,18,0.0021544346900318821,0.10000000000000001,0.14530280881168339
CV-QRC,Clustered,18,0.0021544346900318821,0.21544346900318823,0.13805693242710088
CV-QRC,Clustered,18,0.0021544346900318821,0.46415888336127725,0.13302710616949179
CV-QRC,Clustered,18,0.0021544346900318821,1,0.1302922442658522
CV-QRC,Clustered,18,0.0021544346900318821,2.154434690031882,0.12589876163005517
CV-QRC,Clustered,18,0.0021544346900318821,4.6415888336127722,0.1211382103425338
CV-QRC,Clustered,18,0.0021544346900318821,10,0.12125995120444218
CV-QRC,Clustered,18,0.0046415888336127772,1.0000000000000001e-05,0.3038106281849054
CV-QRC,Clustered,18,0.0046415888336127772,2.1544346900318823e-05,0.29734404342806059
CV-QRC,Clustered,18,0.0046415888336127772,4.6415888336127818e-05,0.28074018213347751
CV-QRC,Clustered,18,0.0046415888336127772,0.0001,0.25486791501865386
CV-QRC,Clustered,18,0.0046415888336127772,0.00021544346900318823,0.22442205996119591
CV-QRC,Clustered,18,0.0046415888336127772,0.00046415888336127773,0.19804943018787552
CV-QRC,Clustered,18,0.0046415888336127772,0.001,0.17872160421831407
CV-QRC,Clustered,18,0.0046415888336127772,0.0021544346900318821,0.16629868961525604
CV-QRC,Clustered,18,0.0046415888336127772,0.0046415888336127772,0.15911744453671545
CV-QRC,Clustered,18,0.0046415888336127772,0.01,0.15496982486800898
CV-QRC,Clustered,18,0.0046415888336127772,0.021544346900318822,0.15046048242776547
CV-QRC,Clustered,18,0.0046415888336127772,0.046415888336127774,0.14447006724303299
CV-QRC,Clustered,18,0.0046415888336127772,0.10000000000000001,0.1361108117741443
CV-QRC,Clustered,18,0.0046415888336127772,0.21544346900318823,0.12893625800597563
CV-QRC,Clustered,18,0.0046415888336127772,0.46415888336127725,0.121301915857806
CV-QRC,Clustered,18,0.0046415888336127772,1,0.10953558650460762
CV-QRC,Clustered,18,0.0046415888336127772,2.154434690031882,0.094257340598525266
CV-QRC,Clustered,18,0.0046415888336127772,4.6415888336127722,0.082160450159496426
CV-QRC,Clustered,18,0.0046415888336127772,10,0.073385726700835846
CV-QRC,Clustered,18,0.01,1.0000000000000001e-05,0.27573612186719021
CV-QRC,Clustered,18,0.01,2.1544346900318823e-05,0.24184141709518808
CV-QRC,Clustered,18,0.01,4.6415888336127818e-05,0.20725741724249896
CV-QRC,Clustered,18,0.01,0.0001,0.18322214741094758
CV-QRC,Clustered,18,0.01,0.00021544346900318823,0.17033724389690785
CV-QRC,Clustered,18,0.01,0.00046415888336127773,0.16348176083200935
CV-QRC,Clustered,18,0.01,0.001,0.1596511997469339
CV-QRC,Clustered,18,0.01,0.0021544346900318821,0.15682189843949546
CV-QRC,Clustered,18,0.01,0.0046415888336127772,0.15379650138247714
CV-QRC,Clustered,18,0.01,0.01,0.14949462989888157
CV-QRC,Clustered,18,0.01,0.021544346900318822,0.14092732005431968
CV-QRC,Clustered,18,0.01,0.046415888336127774,0.12800875538447398
CV-QRC,Clustered,18,0.01,0.10000000000000001,0.11464613907454457
CV-QRC,Clustered,18,0.01,0.21544346900318823,0.099256748906627529
CV-QRC,Clustered,18,0.01,0.46415888336127725,0.082436046949984951
CV-QRC,Clustered,18,0.01,1,0.065150225265811781
CV-QRC,Clustered,18,0.01,2.154434690031882,0.054845449916854264
CV-QRC,Clustered,18,0.01,4.6415888336127722,0.050028762605993995
CV-QRC,Clustered,18,0.01,10,0.047934562771526426
CV-QRC,Clustered,18,0.021544346900318822,1.0000000000000001e-05,0.20512217057817811
CV-QRC,Clustered,18,0.021544346900318822,2.1544346900318823e-05,0.17907828533903841
CV-QRC,Clustered,18,0.021544346900318822,4.6415888336127818e-05,0.16638152893403199
CV-QRC,Clustered,18,0.021544346900318822,0.0001,0.16057768299516356
CV-QRC,Clustered,18,0.021544346900318822,0.00021544346900318823,0.15778388928372283
CV-QRC,Clustered,18,0.021544346900318822,0.00046415888336127773,0.15521805345977588
CV-QRC,Clustered,18,0.021544346900318822,0.001,0.15160665660761477
CV-QRC,Clustered,18,0.021544346900318822,0.0021544346900318821,0.1451499837365185
CV-QRC,Clustered,18,0.021544346900318822,0.0046415888336127772,0.13440243700502821
CV-QRC,Clustered,18,0.021544346900318822,0.01,0.11886136963376373
CV-QRC,Clustered,18,0.021544346900318822,0.021544346900318822,0.10068849613203237
CV-QRC,Clustered,18,0.021544346900318822,0.046415888336127774,0.084529880920839462
CV-QRC,Clustered,18,0.021544346900318822,0.10000000000000001,0.071198298262513587
CV-QRC,Clustered,18,0.021544346900318822,0.21544346900318823,0.060365622718466593
CV-QRC,Clustered,18,0.021544346900318822,0.46415888336127725,0.05143678319304483
CV-QRC,Clustered,18,0.021544346900318822,1,0.0447915433228082
CV-QRC,Clustered,18,0.021544346900318822,2.154434690031882,0.041513162674695556
CV-QRC,Clustered,18,0.021544346900318822,4.6415888336127722,0.039765572397674163
CV-QRC,Clustered,18,0.021544346900318822,10,0.03917529294059912
CV-QRC,Clustered,18,0.046415888336127774,1.0000000000000001e-05,0.16792792683436289
CV-QRC,Clustered,18,0.046415888336127774,2.1544346900318823e-05,0.16079547216419715
CV-QRC,Clustered,18,0.046415888336127774,4.6415888336127818e-05,0.15619599564245407
CV-QRC,Clustered,18,0.046415888336127774,0.0001,0.15042676124914181
CV-QRC,Clustered,18,0.046415888336127774,0.00021544346900318823,0.14092895178286963
CV-QRC,Clustered,18,0.046415888336127774,0.00046415888336127773,0.12655136082818111
CV-QRC,Clustered,18,0.046415888336127774,0.001,0.10919788280780014
CV-QRC,Clustered,18,0.046415888336127774,0.0021544346900318821,0.093289949495689334
CV-QRC,Clustered,18,0.046415888336127774,0.0046415888336127772,0.079782336871425635
CV-QRC,Clustered,18,0.046415888336127774,0.01,0.068406824511528519
CV-QRC,Clustered,18,0.046415888336127774,0.021544346900318822,0.060058260785289544
CV-QRC,Clustered,18,0.046415888336127774,0.046415888336127774,0.054140658749427126
CV-QRC,Clustered,18,0.046415888336127774,0.10000000000000001,0.049105400724542142
CV-QRC,Clustered,18,0.046415888336127774,0.21544346900318823,0.044364361814303595
CV-QRC,Clustered,18,0.046415888336127774,0.46415888336127725,0.04042375620849098
CV-QRC,Clustered,18,0.046415888336127774,1,0.037801842870998976
CV-QRC,Clustered,18,0.046415888336127774,2.154434690031882,0.036131009280892641
CV-QRC,Clustered,18,0.046415888336127774,4.6415888336127722,0.035785926105198707
CV-QRC,Clustered,18,0.046415888336127774,10,0.035046525605364476
CV-QRC,Clustered,18,0.10000000000000001,1.0000000000000001e-05,0.15876565786656691
CV-QRC,Clustered,18,0.10000000000000001,2.1544346900318823e-05,0.15046338304228879
CV-QRC,Clustered,18,0.10000000000000001,4.6415888336127818e-05,0.13443543044058223
CV-QRC,Clustered,18,0.10000000000000001,0.0001,0.11343342269894396
CV-QRC,Clustered,18,0.10000000000000001,0.00021544346900318823,0.097724487740645988
CV-QRC,Clustered,18,0.10000000000000001,0.00046415888336127773,0.07670696419179221
CV-QRC,Clustered,18,0.10000000000000001,0.001,0.063070441028775071
CV-QRC,Clustered,18,0.10000000000000001,0.0021544346900318821,0.057436336742454894
CV-QRC,Clustered,18,0.10000000000000001,0.0046415888336127772,0.052968155599909181
CV-QRC,Clustered,18,0.10000000000000001,0.01,0.048411426384930414
CV-QRC,Clustered,18,0.10000000000000001,0.021544346900318822,0.044799450333457239
CV-QRC,Clustered,18,0.10000000000000001,0.046415888336127774,0.041749864926242462
CV-QRC,Clustered,18,0.10000000000000001,0.10000000000000001,0.039538612344922494
CV-QRC,Clustered,18,0.10000000000000001,0.21544346900318823,0.036812439221915919
CV-QRC,Clustered,18,0.10000000000000001,0.46415888336127725,0.034937803774690614
CV-QRC,Clustered,18,0.10000000000000001,1,0.033330687538839256
CV-QRC,Clustered,18,0.10000000000000001,2.154434690031882,0.032151453033014074
CV-QRC,Clustered,18,0.10000000000000001,4.6415888336127722,0.03115201337916005
CV-QRC,Clustered,18,0.10000000000000001,10,0.030746061898904692
CV-QRC,Clustered,18,0.21544346900318823,1.0000000000000001e-05,0.13669145586541259
CV-QRC,Clustered,18,0.21544346900318823,2.1544346900318823e-05,0.11012439069762643
CV-QRC,Clustered,18,0.21544346900318823,4.6415888336127818e-05,0.095190373506356632
CV-QRC,Clustered,18,0.21544346900318823,0.0001,0.076391948824186234
CV-QRC,Clustered,18,0.21544346900318823,0.00021544346900318823,0.060802629371302631
CV-QRC,Clustered,18,0.21544346900318823,0.00046415888336127773,0.053462038223901012
CV-QRC,Clustered,18,0.21544346900318823,0.001,0.049771533808989597
CV-QRC,Clustered,18,0.21544346900318823,0.0021544346900318821,0.047844111148148079
CV-QRC,Clustered,18,0.21544346900318823,0.0046415888336127772,0.043891836621532003
CV-QRC,Clustered,18,0.21544346900318823,0.01,0.039989044848494776
CV-QRC,Clustered,18,0.21544346900318823,0.021544346900318822,0.038075227033087536
CV-QRC,Clustered,18,0.21544346900318823,0.046415888336127774,0.036318627292450029
CV-QRC,Clustered,18,0.21544346900318823,0.10000000000000001,0.034070338982625202
CV-QRC,Clustered,18,0.21544346900318823,0.21544346900318823,0.03200265355712658
CV-QRC,Clustered,18,0.21544346900318823,0.46415888336127725,0.03086564567447329
CV-QRC,Clustered,18,0.21544346900318823,1,0.029860346154955798
CV-QRC,Clustered,18,0.21544346900318823,2.154434690031882,0.028607211043255677
CV-QRC,Clustered,18,0.21544346900318823,4.6415888336127722,0.028760750195860253
CV-QRC,Clustered,18,0.21544346900318823,10,0.02777517713119157
CV-QRC,Clustered,18,0.46415888336127775,1.0000000000000001e-05,0.095481712386994863
CV-QRC,Clustered,18,0.46415888336127775,2.1544346900318823e-05,0.076833777603668912
CV-QRC,Clustered,18,0.46415888336127775,4.6415888336127818e-05,0.060732111747601139
CV-QRC,Clustered,18,0.46415888336127775,0.0001,0.054114108265350805
CV-QRC,Clustered,18,0.46415888336127775,0.00021544346900318823,0.05072351161131191
CV-QRC,Clustered,18,0.46415888336127775,0.00046415888336127773,0.047639679935103249
CV-QRC,Clustered,18,0.46415888336127775,0.001,0.043529283051499612
CV-QRC,Clustered,18,0.46415888336127775,0.0021544346900318821,0.038412742991649665
CV-QRC,Clustered,18,0.46415888336127775,0.0046415888336127772,0.03583840939825271
CV-QRC,Clustered,18,0.46415888336127775,0.01,0.034238958981793376
CV-QRC,Clustered,18,0.46415888336127775,0.021544346900318822,0.031823208454759375
CV-QRC,Clustered,18,0.46415888336127775,0.046415888336127774,0.029601642772055087
CV-QRC,Clustered,18,0.46415888336127775,0.10000000000000001,0.028553632508689298
CV-QRC,Clustered,18,0.46415888336127775,0.21544346900318823,0.027654391519184047
CV-QRC,Clustered,18,0.46415888336127775,0.46415888336127725,0.027292267317058878
CV-QRC,Clustered,18,0.46415888336127775,1,0.027239891975906871
CV-QRC,Clustered,18,0.46415888336127775,2.154434690031882,0.026831553608727438
CV-QRC,Clustered,18,0.46415888336127775,4.6415888336127722,0.026669085227736831
CV-QRC,Clustered,18,0.46415888336127775,10,0.02598711968295837
CV-QRC,Clustered,18,1,1.0000000000000001e-05,0.06386694416215731
CV-QRC,Clustered,18,1,2.1544346900318823e-05,0.057926995778612857
CV-QRC,Clustered,18,1,4.6415888336127818e-05,0.052422762615399555
CV-QRC,Clustered,18,1,0.0001,0.048995598494033912
CV-QRC,Clustered,18,1,0.00021544346900318823,0.042937474986634548
CV-QRC,Clustered,18,1,0.00046415888336127773,0.036397107304934756
CV-QRC,Clustered,18,1,0.001,0.034691429340658345
CV-QRC,Clustered,18,1,0.0021544346900318821,0.032486587193724381
CV-QRC,Clustered,18,1,0.0046415888336127772,0.029999706089143673
CV-QRC,Clustered,18,1,0.01,0.028928460689933953
CV-QRC,Clustered,18,1,0.021544346900318822,0.027661765805605514
CV-QRC,Clustered,18,1,0.046415888336127774,0.026628160023947696
CV-QRC,Clustered,18,1,0.10000000000000001,0.025747680438716926
CV-QRC,Clustered,18,1,0.21544346900318823,0.025661275688714579
CV-QRC,Clustered,18,1,0.46415888336127725,0.025599639135913323
CV-QRC,Clustered,18,1,1,0.025546208430682359
CV-QRC,Clustered,18,1,2.154434690031882,0.025125013159631192
CV-QRC,Clustered,18,1,4.6415888336127722,0.025065265978213215
CV-QRC,Clustered,18,1,10,0.024933723991744462
CV-QRC,Global,13,0.0001,1.0000000000000001e-05,0.23040621552250573
CV-QRC,Global,13,0.0001,2.1544346900318823e-05,0.23003141967956245
CV-QRC,Global,13,0.0001,4.6415888336127818e-05,0.22887738472366986
CV-QRC,Global,13,0.0001,0.0001,0.22443260977551316
CV-QRC,Global,13,0.0001,0.00021544346900318823,0.21344673464857161
CV-QRC,Global,13,0.0001,0.00046415888336127773,0.20106167014587006
CV-QRC,Global,13,0.0001,0.001,0.19138723474294647
CV-QRC,Global,13,0.0001,0.0021544346900318821,0.18436527775154077
CV-QRC,Global,13,0.0001,0.0046415888336127772,0.17959223259694185
CV-QRC,Global,13,0.0001,0.01,0.17730786854802319
CV-QRC,Global,13,0.0001,0.021544346900318822,0.17647230372337119
CV-QRC,Global,13,0.0001,0.046415888336127774,0.17559423094060683
CV-QRC,Global,13,0.0001,0.10000000000000001,0.17305718005222528
CV-QRC,Global,13,0.0001,0.21544346900318823,0.16641147376414422
CV-QRC,Global,13,0.0001,0.46415888336127725,0.15543173523404732
CV-QRC,Global,13,0.0001,1,0.14258491772041779
CV-QRC,Global,13,0.0001,2.154434690031882,0.13517758894833581
CV-QRC,Global,13,0.0001,4.6415888336127722,0.13073702914779986
CV-QRC,Global,13,0.0001,10,0.13045314459851784
CV-QRC,Global,13,0.00021544346900318845,1.0000000000000001e-05,0.22972405890907743
CV-QRC,Global,13,0.00021544346900318845,2.1544346900318823e-05,0.22843236042080753
CV-QRC,Global,13,0.00021544346900318845,4.6415888336127818e-05,0.22431396383225874
CV-QRC,Global,13,0.00021544346900318845,0.0001,0.21531080738331965
CV-QRC,Global,13,0.00021544346900318845,0.00021544346900318823,0.20261239477011536
CV-QRC,Global,13,0.00021544346900318845,0.00046415888336127773,0.19194481492969478
CV-QRC,Global,13,0.00021544346900318845,0.001,0.18462478911736818
CV-QRC,Global,13,0.00021544346900318845,0.0021544346900318821,0.17985644170781195
CV-QRC,Global,13,0.00021544346900318845,0.0046415888336127772,0.17727696593780631
CV-QRC,Global,13,0.00021544346900318845,0.01,0.1758683031260902
CV-QRC,Global,13,0.00021544346900318845,0.021544346900318822,0.17306789325806435
CV-QRC,Global,13,0.00021544346900318845,0.046415888336127774,0.16612285480679928
CV-QRC,Global,13,0.00021544346900318845,0.10000000000000001,0.15509003510737163
CV-QRC,Global,13,0.00021544346900318845,0.21544346900318823,0.14388682235950009
CV-QRC,Global,13,0.00021544346900318845,0.46415888336127725,0.133716377788407
CV-QRC,Global,13,0.00021544346900318845,1,0.12747257614495963
CV-QRC,Global,13,0.00021544346900318845,2.154434690031882,0.12557802831275217
CV-QRC,Global,13,0.00021544346900318845,4.6415888336127722,0.12488147134844144
CV-QRC,Global,13,0.00021544346900318845,10,0.12502721501999567
CV-QRC,Global,13,0.00046415888336127773,1.0000000000000001e-05,0.22661501477759183
CV-QRC,Global,13,0.00046415888336127773,2.1544346900318823e-05,0.22140939358527811
CV-QRC,Global,13,0.00046415888336127773,4.6415888336127818e-05,0.21312196852942603
CV-QRC,Global,13,0.00046415888336127773,0.0001,0.20284053658259799
CV-QRC,Global,13,0.00046415888336127773,0.00021544346900318823,0.19322919007440562
CV-QRC,Global,13,0.00046415888336127773,0.00046415888336127773,0.18538557197883393
CV-QRC,Global,13,0.00046415888336127773,0.001,0.17993177078595979
CV-QRC,Global,13,0.00046415888336127773,0.0021544346900318821,0.17682114915268773
CV-QRC,Global,13,0.00046415888336127773,0.0046415888336127772,0.17349990422748746
CV-QRC,Global,13,0.00046415888336127773,0.01,0.16654312442779323
CV-QRC,Global,13,0.00046415888336127773,0.021544346900318822,0.15526034554275434
CV-QRC,Global,13,0.00046415888336127773,0.046415888336127774,0.14367342564154165
CV-QRC,Global,13,0.00046415888336127773,0.10000000000000001,0.1336289189743062
CV-QRC,Global,13,0.00046415888336127773,0.21544346900318823,0.1279734509623984
CV-QRC,Global,13,0.00046415888336127773,0.46415888336127725,0.12522992963911073
CV-QRC,Global,13,0.00046415888336127773,1,0.12390426872977829
CV-QRC,Global,13,0.00046415888336127773,2.154434690031882,0.12339196319543347
CV-QRC,Global,13,0.00046415888336127773,4.6415888336127722,0.12403109257975009
CV-QRC,Global,13,0.00046415888336127773,10,0.12414601272641008
CV-QRC,Global,13,0.001,1.0000000000000001e-05,0.21704320552290585
CV-QRC,Global,13,0.001,2.1544346900318823e-05,0.20766032137454582
CV-QRC,Global,13,0.001,4.6415888336127818e-05,0.19893475234843491
CV-QRC,Global,13,0.001,0.0001,0.19168987437886947
CV-QRC,Global,13,0.001,0.00021544346900318823,0.18529928367711584
CV-QRC,Global,13,0.001,0.00046415888336127773,0.1801286567856363
CV-QRC,Global,13,0.001,0.001,0.17535160447392434
CV-QRC,Global,13,0.001,0.0021544346900318821,0.16804044645763333
CV-QRC,Global,13,0.001,0.0046415888336127772,0.15617609776927849
CV-QRC,Global,13,0.001,0.01,0.14379910096071985
CV-QRC,Global,13,0.001,0.021544346900318822,0.1338868074552314
CV-QRC,Global,13,0.001,0.046415888336127774,0.12791825754386169
CV-QRC,Global,13,0.001,0.10000000000000001,0.12481810483286974
CV-QRC,Global,13,0.001,0.21544346900318823,0.12255463777372282
CV-QRC,Global,13,0.001,0.46415888336127725,0.11955953369157375
CV-QRC,Global,13,0.001,1,0.11586999785285183
CV-QRC,Global,13,0.001,2.154434690031882,0.1117623596374315
CV-QRC,Global,13,0.001,4.6415888336127722,0.11117031159151544
CV-QRC,Global,13,0.001,10,0.1118349043785257
CV-QRC,Global,13,0.0021544346900318821,1.0000000000000001e-05,0.2032289248718806
CV-QRC,Global,13,0.0021544346900318821,2.1544346900318823e-05,0.19455809285782055
CV-QRC,Global,13,0.0021544346900318821,4.6415888336127818e-05,0.18779716804214591
CV-QRC,Global,13,0.0021544346900318821,0.0001,0.18235043607627172
CV-QRC,Global,13,0.0021544346900318821,0.00021544346900318823,0.17692898266946744
CV-QRC,Global,13,0.0021544346900318821,0.00046415888336127773,0.16965117959669399
CV-QRC,Global,13,0.0021544346900318821,0.001,0.15885504630476674
CV-QRC,Global,13,0.0021544346900318821,0.0021544346900318821,0.14605871292393763
CV-QRC,Global,13,0.0021544346900318821,0.0046415888336127772,0.13487290576202821
CV-QRC,Global,13,0.0021544346900318821,0.01,0.12808858089728148
CV-QRC,Global,13,0.0021544346900318821,0.021544346900318822,0.1249583541632536
CV-QRC,Global,13,0.0021544346900318821,0.046415888336127774,0.12185979973618459
CV-QRC,Global,13,0.0021544346900318821,0.10000000000000001,0.11677914139400496
CV-QRC,Global,13,0.0021544346900318821,0.21544346900318823,0.10844692776163345
CV-QRC,Global,13,0.0021544346900318821,0.46415888336127725,0.097930783631399343
CV-QRC,Global,13,0.0021544346900318821,1,0.082942841769337833
CV-QRC,Global,13,0.0021544346900318821,2.154434690031882,0.073540823264187524
CV-QRC,Global,13,0.0021544346900318821,4.6415888336127722,0.064719038135007761
CV-QRC,Global,13,0.0021544346900318821,10,0.063626276214730396
CV-QRC,Global,13,0.0046415888336127772,1.0000000000000001e-05,0.1915931477833745
CV-QRC,Global,13,0.0046415888336127772,2.1544346900318823e-05,0.18347113398839249
CV-QRC,Global,13,0.0046415888336127772,4.6415888336127818e-05,0.17548724738984961
CV-QRC,Global,13,0.0046415888336127772,0.0001,0.16635910674098645
CV-QRC,Global,13,0.0046415888336127772,0.00021544346900318823,0.155772253557319
CV-QRC,Global,13,0.0046415888336127772,0.00046415888336127773,0.14540463031696288
CV-QRC,Global,13,0.0046415888336127772,0.001,0.1362910325968491
CV-QRC,Global,13,0.0046415888336127772,0.0021544346900318821,0.12934861084592381
CV-QRC,Global,13,0.0046415888336127772,0.0046415888336127772,0.12503130865892856
CV-QRC,Global,13,0.0046415888336127772,0.01,0.12096943531316813
CV-QRC,Global,13,0.0046415888336127772,0.021544346900318822,0.11334240197685583
CV-QRC,Global,13,0.0046415888336127772,0.046415888336127774,0.10156017884865232
CV-QRC,Global,13,0.0046415888336127772,0.10000000000000001,0.087583608663484955
CV-QRC,Global,13,0.0046415888336127772,0.21544346900318823,0.074158268108003342
CV-QRC,Global,13,0.0046415888336127772,0.46415888336127725,0.061658439098960308
CV-QRC,Global,13,0.0046415888336127772,1,0.051143362943470064
CV-QRC,Global,13,0.0046415888336127772,2.154434690031882,0.047503856907642465
CV-QRC,Global,13,0.0046415888336127772,4.6415888336127722,0.044431098454795724
CV-QRC,Global,13,0.0046415888336127772,10,0.045031886357970966
CV-QRC,Global,13,0.01,1.0000000000000001e-05,0.17624583577733235
CV-QRC,Global,13,0.01,2.1544346900318823e-05,0.16506031400546403
CV-QRC,Global,13,0.01,4.6415888336127818e-05,0.15352187214115393
CV-QRC,Global,13,0.01,0.0001,0.1423478684223517
CV-QRC,Global,13,0.01,0.00021544346900318823,0.13395106859313496
CV-QRC,Global,13,0.01,0.00046415888336127773,0.12841859366301589
CV-QRC,Global,13,0.01,0.001,0.12370432673172052
CV-QRC,Global,13,0.01,0.0021544346900318821,0.11757412713973896
CV-QRC,Global,13,0.01,0.0046415888336127772,0.10632230903217213
CV-QRC,Global,13,0.01,0.01,0.09093372400074759
CV-QRC,Global,13,0.01,0.021544346900318822,0.075858375898874147
CV-QRC,Global,13,0.01,0.046415888336127774,0.064205782908264147
CV-QRC,Global,13,0.01,0.10000000000000001,0.056434779313449979
CV-QRC,Global,13,0.01,0.21544346900318823,0.050671748621349079
CV-QRC,Global,13,0.01,0.46415888336127725,0.044856963765117192
CV-QRC,Global,13,0.01,1,0.040840795391472631
CV-QRC,Global,13,0.01,2.154434690031882,0.039080720647533609
CV-QRC,Global,13,0.01,4.6415888336127722,0.037944895720343555
CV-QRC,Global,13,0.01,10,0.037547762142954959
CV-QRC,Global,13,0.021544346900318822,1.0000000000000001e-05,0.1607787836105336
CV-QRC,Global,13,0.021544346900318822,2.1544346900318823e-05,0.1499291856716399
CV-QRC,Global,13,0.021544346900318822,4.6415888336127818e-05,0.13768753533354477
CV-QRC,Global,13,0.021544346900318822,0.0001,0.12961123495678001
CV-QRC,Global,13,0.021544346900318822,0.00021544346900318823,0.11936275808134718
CV-QRC,Global,13,0.021544346900318822,0.00046415888336127773,0.10422849434218392
CV-QRC,Global,13,0.021544346900318822,0.001,0.089227011656148658
CV-QRC,Global,13,0.021544346900318822,0.0021544346900318821,0.074747136172700776
CV-QRC,Global,13,0.021544346900318822,0.0046415888336127772,0.063562998144906943
CV-QRC,Global,13,0.021544346900318822,0.01,0.056173999363918384
CV-QRC,Global,13,0.021544346900318822,0.021544346900318822,0.051272080213666769
CV-QRC,Global,13,0.021544346900318822,0.046415888336127774,0.047745202456429769
CV-QRC,Global,13,0.021544346900318822,0.10000000000000001,0.044411634095429205
CV-QRC,Global,13,0.021544346900318822,0.21544346900318823,0.040989201478917756
CV-QRC,Global,13,0.021544346900318822,0.46415888336127725,0.038477404804743445
CV-QRC,Global,13,0.021544346900318822,1,0.036510304512606076
CV-QRC,Global,13,0.021544346900318822,2.154434690031882,0.037125135303523835
CV-QRC,Global,13,0.021544346900318822,4.6415888336127722,0.036626073771199814
CV-QRC,Global,13,0.021544346900318822,10,0.035136302773136251
CV-QRC,Global,13,0.046415888336127774,1.0000000000000001e-05,0.15434653034549556
CV-QRC,Global,13,0.046415888336127774,2.1544346900318823e-05,0.14385338272495557
CV-QRC,Global,13,0.046415888336127774,4.6415888336127818e-05,0.12538897064976579
CV-QRC,Global,13,0.046415888336127774,0.0001,0.10395310502401982
CV-QRC,Global,13,0.046415888336127774,0.00021544346900318823,0.081542135312712496
CV-QRC,Global,13,0.046415888336127774,0.00046415888336127773,0.064880765708461005
CV-QRC,Global,13,0.046415888336127774,0.001,0.056264152124623212
CV-QRC,Global,13,0.046415888336127774,0.0021544346900318821,0.051222684960252209
CV-QRC,Global,13,0.046415888336127774,0.0046415888336127772,0.047954815256363956
CV-QRC,Global,13,0.046415888336127774,0.01,0.044689541917404728
CV-QRC,Global,13,0.046415888336127774,0.021544346900318822,0.041811639016582511
CV-QRC,Global,13,0.046415888336127774,0.046415888336127774,0.039657126986961826
CV-QRC,Global,13,0.046415888336127774,0.10000000000000001,0.037584115050547172
CV-QRC,Global,13,0.046415888336127774,0.21544346900318823,0.036032271853533727
CV-QRC,Global,13,0.046415888336127774,0.46415888336127725,0.035257674206133752
CV-QRC,Global,13,0.046415888336127774,1,0.03512010766826832
CV-QRC,Global,13,0.046415888336127774,2.154434690031882,0.035084986278873111
CV-QRC,Global,13,0.046415888336127774,4.6415888336127722,0.034205470740168012
CV-QRC,Global,13,0.046415888336127774,10,0.032491995319702337
CV-QRC,Global,13,0.10000000000000001,1.0000000000000001e-05,0.12198353105009849
CV-QRC,Global,13,0.10000000000000001,2.1544346900318823e-05,0.09922467525566861
CV-QRC,Global,13,0.10000000000000001,4.6415888336127818e-05,0.069500874876936847
CV-QRC,Global,13,0.10000000000000001,0.0001,0.05967351277120049
CV-QRC,Global,13,0.10000000000000001,0.00021544346900318823,0.054827576657606091
CV-QRC,Global,13,0.10000000000000001,0.00046415888336127773,0.050098657348798092
CV-QRC,Global,13,0.10000000000000001,0.001,0.04719195088072068
CV-QRC,Global,13,0.10000000000000001,0.0021544346900318821,0.041033832130407975
CV-QRC,Global,13,0.10000000000000001,0.0046415888336127772,0.03734080621171168
CV-QRC,Global,13,0.10000000000000001,0.01,0.034837450101814688
CV-QRC,Global,13,0.10000000000000001,0.021544346900318822,0.03362475356691412
CV-QRC,Global,13,0.10000000000000001,0.046415888336127774,0.032974405202038856
CV-QRC,Global,13,0.10000000000000001,0.10000000000000001,0.032312035587999929
CV-QRC,Global,13,0.10000000000000001,0.21544346900318823,0.031324101187496831
CV-QRC,Global,13,0.10000000000000001,0.46415888336127725,0.031527139379090532
CV-QRC,Global,13,0.10000000000000001,1,0.031654259251331487
CV-QRC,Global,13,0.10000000000000001,2.154434690031882,0.031485294259207416
CV-QRC,Global,13,0.10000000000000001,4.6415888336127722,0.031330725560820928
CV-QRC,Global,13,0.10000000000000001,10,0.029910330099965399
CV-QRC,Global,13,0.21544346900318823,1.0000000000000001e-05,0.072807094637030487
CV-QRC,Global,13,0.21544346900318823,2.1544346900318823e-05,0.061568189106920114
CV-QRC,Global,13,0.21544346900318823,4.6415888336127818e-05,0.054398105827252498
CV-QRC,Global,13,0.21544346900318823,0.0001,0.048361660597017256
CV-QRC,Global,13,0.21544346900318823,0.00021544346900318823,0.0420641473383674
CV-QRC,Global,13,0.21544346900318823,0.00046415888336127773,0.037414560780338925
CV-QRC,Global,13,0.21544346900318823,0.001,0.034909634543619714
CV-QRC,Global,13,0.21544346900318823,0.0021544346900318821,0.031859341410842082
CV-QRC,Global,13,0.21544346900318823,0.0046415888336127772,0.030111200201344383
CV-QRC,Global,13,0.21544346900318823,0.01,0.029408285133848616
CV-QRC,Global,13,0.21544346900318823,0.021544346900318822,0.028347502457805179
CV-QRC,Global,13,0.21544346900318823,0.046415888336127774,0.028021727584485706
CV-QRC,Global,13,0.21544346900318823,0.10000000000000001,0.027681492243198592
CV-QRC,Global,13,0.21544346900318823,0.21544346900318823,0.027266460915531438
CV-QRC,Global,13,0.21544346900318823,0.46415888336127725,0.02774481721512061
CV-QRC,Global,13,0.21544346900318823,1,0.027656043684563498
CV-QRC,Global,13,0.21544346900318823,2.154434690031882,0.027774245467974391
CV-QRC,Global,13,0.21544346900318823,4.6415888336127722,0.02807658795399421
CV-QRC,Global,13,0.21544346900318823,10,0.026316003872903025
CV-QRC,Global,13,0.46415888336127775,1.0000000000000001e-05,0.05276899691885114
CV-QRC,Global,13,0.46415888336127775,2.1544346900318823e-05,0.046333341821465382
CV-QRC,Global,13,0.46415888336127775,4.6415888336127818e-05,0.03935817929950515
CV-QRC,Global,13,0.46415888336127775,0.0001,0.034709920542829946
CV-QRC,Global,13,0.46415888336127775,0.00021544346900318823,0.031463412001403436
CV-QRC,Global,13,0.46415888336127775,0.00046415888336127773,0.02872097518067418
CV-QRC,Global,13,0.46415888336127775,0.001,0.026392421389995441
CV-QRC,Global,13,0.46415888336127775,0.0021544346900318821,0.025664337194778546
CV-QRC,Global,13,0.46415888336127775,0.0046415888336127772,0.023929030840435211
CV-QRC,Global,13,0.46415888336127775,0.01,0.023616193552870854
CV-QRC,Global,13,0.46415888336127775,0.021544346900318822,0.023544876394936916
CV-QRC,Global,13,0.46415888336127775,0.046415888336127774,0.024042469380504718
CV-QRC,Global,13,0.46415888336127775,0.10000000000000001,0.024463853092926615
CV-QRC,Global,13,0.46415888336127775,0.21544346900318823,0.024666286966032073
CV-QRC,Global,13,0.46415888336127775,0.46415888336127725,0.024943122711793952
CV-QRC,Global,13,0.46415888336127775,1,0.024928770378764554
CV-QRC,Global,13,0.46415888336127775,2.154434690031882,0.024999392463480742
CV-QRC,Global,13,0.46415888336127775,4.6415888336127722,0.024684622265900198
CV-QRC,Global,13,0.46415888336127775,10,0.023633859052359547
CV-QRC,Global,13,1,1.0000000000000001e-05,0.037226293790851399
CV-QRC,Global,13,1,2.1544346900318823e-05,0.032011212228266847
CV-QRC,Global,13,1,4.6415888336127818e-05,0.027774448274097596
CV-QRC,Global,13,1,0.0001,0.026169068705491339
CV-QRC,Global,13,1,0.00021544346900318823,0.024556898049539665
CV-QRC,Global,13,1,0.00046415888336127773,0.023643951720573535
CV-QRC,Global,13,1,0.001,0.022046380593469035
CV-QRC,Global,13,1,0.0021544346900318821,0.02182988154749313
CV-QRC,Global,13,1,0.0046415888336127772,0.021378729225877476
CV-QRC,Global,13,1,0.01,0.021338868727277159
CV-QRC,Global,13,1,0.021544346900318822,0.021156926534382156
CV-QRC,Global,13,1,0.046415888336127774,0.021209314709066524
CV-QRC,Global,13,1,0.10000000000000001,0.021581214555857202
CV-QRC,Global,13,1,0.21544346900318823,0.022183460081547389
CV-QRC,Global,13,1,0.46415888336127725,0.022671778852411846
CV-QRC,Global,13,1,1,0.022963428023698249
CV-QRC,Global,13,1,2.154434690031882,0.022751107267819058
CV-QRC,Global,13,1,4.6415888336127722,0.021853824238067639
CV-QRC,Global,13,1,10,0.022284174838767136
